layer,pair_id,language,pc1,pc2
1,0,English,3.4828457832336426,-2.4843146800994873
1,0,French,-1.927051305770874,-1.091781735420227
1,1,English,2.79508376121521,0.3911115527153015
1,1,French,-3.1281898021698,2.0157670974731445
1,2,English,3.2594780921936035,-0.6997482776641846
1,2,French,-5.9733405113220215,-3.2176871299743652
1,3,English,2.3196122646331787,0.9907528162002563
1,3,French,-1.8379877805709839,2.3366100788116455
1,4,English,3.121047019958496,2.3300578594207764
1,4,French,-3.49048113822937,3.392249584197998
1,5,English,3.507289171218872,-2.957185745239258
1,5,French,-2.2646758556365967,-2.9689865112304688
1,6,English,2.2965779304504395,2.8541934490203857
1,6,French,-1.9152921438217163,3.3024797439575195
1,7,English,3.5132014751434326,1.2500576972961426
1,7,French,-3.597463846206665,2.0868117809295654
1,8,English,2.10304594039917,-4.484366416931152
1,8,French,-2.325385808944702,-5.305450916290283
1,9,English,2.8624517917633057,0.3945866823196411
1,9,French,0.5396395325660706,0.8029319047927856
1,10,English,3.363701343536377,1.4733654260635376
1,10,French,-3.9084553718566895,-1.7342116832733154
1,11,English,3.040682077407837,1.3862073421478271
1,11,French,-4.051155090332031,-0.9386335611343384
1,12,English,2.0934464931488037,-2.35034441947937
1,12,French,-2.258875846862793,-1.3730251789093018
1,13,English,2.737119436264038,-1.4031821489334106
1,13,French,-0.6286280751228333,-1.7699403762817383
1,14,English,3.322913885116577,2.0277092456817627
1,14,French,-1.0690933465957642,2.460597038269043
1,15,English,3.0511648654937744,2.5175981521606445
1,15,French,-1.5112677812576294,2.7362914085388184
1,16,English,3.5972328186035156,0.4717312157154083
1,16,French,-3.304797887802124,1.757081151008606
1,17,English,3.460416555404663,-0.03316543623805046
1,17,French,-2.3089354038238525,-0.2880147099494934
1,18,English,3.524592161178589,-0.935702383518219
1,18,French,-0.45942145586013794,-2.3250205516815186
1,19,English,3.206810712814331,2.1111974716186523
1,19,French,-2.7442409992218018,3.450730562210083
1,20,English,2.4619815349578857,-0.36971521377563477
1,20,French,-3.956954002380371,-2.5393664836883545
1,21,English,3.2713236808776855,0.9843681454658508
1,21,French,-4.205087184906006,0.89369797706604
1,22,English,3.550865888595581,-2.4490878582000732
1,22,French,-2.4475350379943848,-4.070922374725342
1,23,English,3.0058727264404297,1.9625390768051147
1,23,French,-3.5753893852233887,3.531372308731079
1,24,English,3.4485456943511963,-2.6450870037078857
1,24,French,-2.8645670413970947,-5.807387351989746
1,25,English,3.013474702835083,-0.17890121042728424
1,25,French,-1.9977976083755493,-0.14428341388702393
1,26,English,3.575878381729126,-0.7913488745689392
1,26,French,-5.102533340454102,-1.7705302238464355
1,27,English,3.5639050006866455,1.8852815628051758
1,27,French,-3.568863868713379,2.113579750061035
1,28,English,3.057518482208252,1.8364838361740112
1,28,French,-3.4401519298553467,1.6549416780471802
1,29,English,3.6965558528900146,0.5298529863357544
1,29,French,-3.890066146850586,0.3363264799118042
1,30,English,2.303978681564331,0.8502693176269531
1,30,French,-0.14197972416877747,0.4510160982608795
1,31,English,3.5917093753814697,-2.3883559703826904
1,31,French,0.1739322990179062,-1.507980465888977
1,32,English,3.1472954750061035,1.6038264036178589
1,32,French,-0.9312583804130554,2.053755521774292
1,33,English,3.672006607055664,-1.5533530712127686
1,33,French,-2.190620183944702,-2.411773204803467
1,34,English,2.797194004058838,-0.2688497006893158
1,34,French,-4.340695381164551,-2.190980911254883
1,35,English,2.729321241378784,-0.7289729714393616
1,35,French,-2.896843910217285,-0.05932961404323578
1,36,English,2.990128755569458,2.2468180656433105
1,36,French,-0.5093705654144287,2.9499423503875732
1,37,English,3.337878704071045,0.5752701759338379
1,37,French,-5.14558219909668,0.49939078092575073
1,38,English,3.3126449584960938,0.9193704724311829
1,38,French,-5.093165397644043,3.6754815578460693
1,39,English,3.4200804233551025,-1.486377477645874
1,39,French,-4.301585674285889,-0.4435858130455017
1,40,English,3.632258415222168,-1.748072862625122
1,40,French,-4.492241382598877,-5.304778575897217
1,41,English,3.8973467350006104,-2.360302448272705
1,41,French,-2.3827710151672363,-2.8902063369750977
1,42,English,3.1098320484161377,-2.1872591972351074
1,42,French,-1.7652668952941895,-3.7769691944122314
1,43,English,3.8746895790100098,-0.026372039690613747
1,43,French,-4.594778060913086,-0.8074012994766235
1,44,English,3.528829574584961,-2.0615546703338623
1,44,French,-4.940857887268066,-3.914313316345215
1,45,English,3.4485456943511963,-2.6450870037078857
1,45,French,-2.7004644870758057,-5.146938800811768
1,46,English,3.0513839721679688,0.8860311508178711
1,46,French,-4.6377272605896,1.5932610034942627
1,47,English,2.320342779159546,0.40710511803627014
1,47,French,-4.936617374420166,0.5092571973800659
1,48,English,3.1089539527893066,1.8702313899993896
1,48,French,-4.405407428741455,1.4592431783676147
1,49,English,2.9754483699798584,0.5000870823860168
1,49,French,-2.1965231895446777,1.876818299293518
1,50,English,3.3733718395233154,1.427830696105957
1,50,French,-4.218247413635254,2.0484209060668945
1,51,English,3.480388879776001,-1.0560550689697266
1,51,French,0.46823883056640625,-1.5202064514160156
1,52,English,4.148775100708008,-0.3173061013221741
1,52,French,-2.805117130279541,-2.616196393966675
1,53,English,3.171318769454956,0.27152979373931885
1,53,French,-4.319104194641113,2.30842661857605
1,54,English,3.4113118648529053,0.9053466320037842
1,54,French,-5.197201728820801,1.968497395515442
1,55,English,2.901278495788574,1.9266517162322998
1,55,French,-3.0827691555023193,2.914476156234741
1,56,English,3.6442668437957764,1.7103208303451538
1,56,French,-4.785748481750488,1.4751360416412354
1,57,English,3.687368631362915,-2.898463010787964
1,57,French,-2.912367105484009,-6.28376579284668
1,58,English,2.6194076538085938,-1.0745710134506226
1,58,French,-1.8421227931976318,-0.033013634383678436
1,59,English,3.909250497817993,-1.1212568283081055
1,59,French,-4.741220474243164,-4.166434288024902
1,60,English,3.4716920852661133,1.296570897102356
1,60,French,-3.659895181655884,2.5900793075561523
1,61,English,2.4503190517425537,-0.2995178699493408
1,61,French,-3.542314052581787,-0.8949957489967346
1,62,English,3.47044038772583,0.9993473291397095
1,62,French,-3.0930023193359375,1.2003458738327026
1,63,English,3.7482717037200928,-0.4655037522315979
1,63,French,-4.7332868576049805,-2.304471254348755
1,64,English,2.5230164527893066,0.46729180216789246
1,64,French,-3.589245080947876,0.4650745391845703
1,65,English,2.856895685195923,-1.0188857316970825
1,65,French,-1.6743489503860474,-1.5516859292984009
1,66,English,3.0331194400787354,-0.2335701435804367
1,66,French,-1.5798510313034058,-0.5525201559066772
1,67,English,3.9285197257995605,-2.1547460556030273
1,67,French,-4.561354637145996,-5.4806904792785645
1,68,English,3.256704568862915,1.8382923603057861
1,68,French,-5.2327351570129395,3.0716917514801025
1,69,English,3.6298880577087402,1.870346188545227
1,69,French,-3.785411834716797,2.1712653636932373
1,70,English,3.6807198524475098,-0.9889137744903564
1,70,French,-4.29096794128418,-3.2036917209625244
1,71,English,2.7470297813415527,1.3851089477539062
1,71,French,0.15867438912391663,1.982951045036316
1,72,English,3.2679738998413086,-1.9767649173736572
1,72,French,-1.2408825159072876,-0.8981642127037048
1,73,English,2.8507440090179443,-1.3023855686187744
1,73,French,-2.135406970977783,-0.23938612639904022
1,74,English,2.8921256065368652,1.553220272064209
1,74,French,-4.313238620758057,2.558755874633789
1,75,English,3.721885919570923,0.03312743082642555
1,75,French,-5.732575416564941,-1.0969560146331787
1,76,English,3.8411083221435547,-1.0489307641983032
1,76,French,-4.5766377449035645,-5.558081150054932
1,77,English,3.0741324424743652,-1.0100715160369873
1,77,French,-7.437212944030762,-6.394410133361816
1,78,English,2.4699490070343018,1.666824460029602
1,78,French,-0.8802334070205688,1.9761121273040771
1,79,English,3.024016857147217,-2.8408186435699463
1,79,French,-0.7989067435264587,-2.9926137924194336
1,80,English,2.792032480239868,2.4088101387023926
1,80,French,-3.329064130783081,3.4365015029907227
1,81,English,3.1564574241638184,2.362518548965454
1,81,French,-4.848089694976807,3.6847174167633057
1,82,English,3.246332883834839,2.234757423400879
1,82,French,-5.250643730163574,3.1139426231384277
1,83,English,3.425471782684326,-3.132796049118042
1,83,French,-3.758829355239868,-1.196421504020691
1,84,English,3.140143394470215,1.8236793279647827
1,84,French,-3.458690643310547,2.4323980808258057
1,85,English,0.6527682542800903,-6.319530010223389
1,85,French,-1.5797556638717651,-3.7373974323272705
1,86,English,3.715573310852051,-0.05137128755450249
1,86,French,-3.2402310371398926,0.22912724316120148
1,87,English,3.551826000213623,1.1744866371154785
1,87,French,-3.8360838890075684,1.5378581285476685
1,88,English,3.2959413528442383,2.0764946937561035
1,88,French,-4.454793453216553,3.5974714756011963
1,89,English,3.0269100666046143,1.8148117065429688
1,89,French,-1.2986193895339966,2.563934803009033
1,90,English,3.359565019607544,2.581401824951172
1,90,French,-4.602402687072754,3.182628631591797
1,91,English,3.078155040740967,1.9269988536834717
1,91,French,-4.47121524810791,2.226003646850586
1,92,English,3.486401081085205,0.045548584312200546
1,92,French,-3.223618268966675,1.1601464748382568
1,93,English,3.356454372406006,1.2831804752349854
1,93,French,-3.028104066848755,2.6970295906066895
1,94,English,3.2233121395111084,1.4739619493484497
1,94,French,-4.452592372894287,1.904557466506958
1,95,English,2.4689691066741943,2.3727734088897705
1,95,French,-2.568349838256836,3.0602524280548096
1,96,English,2.4948348999023438,-0.16182301938533783
1,96,French,-2.5698318481445312,1.081371545791626
1,97,English,3.3672986030578613,-0.8800743222236633
1,97,French,-3.8704354763031006,-0.47979333996772766
1,98,English,3.427490472793579,2.1416969299316406
1,98,French,-1.4061216115951538,1.9108576774597168
1,99,English,2.854008436203003,1.980602502822876
1,99,French,-2.4548187255859375,3.139374256134033
1,100,English,3.4721667766571045,-2.5443222522735596
1,100,French,-2.0192904472351074,-4.089938163757324
1,101,English,3.3636820316314697,1.853852391242981
1,101,French,-4.088095188140869,2.2324154376983643
1,102,English,2.2296969890594482,-3.682403564453125
1,102,French,1.5465878248214722,-3.02397084236145
1,103,English,3.5878865718841553,-1.8747875690460205
1,103,French,-2.3994269371032715,-3.476707696914673
1,104,English,3.699310064315796,-2.051007032394409
1,104,French,-1.6446253061294556,-3.3636107444763184
1,105,English,2.215527296066284,-3.4746804237365723
1,105,French,0.16892538964748383,-6.198568344116211
1,106,English,3.498039484024048,1.4111981391906738
1,106,French,-3.10463547706604,1.5088090896606445
1,107,English,3.3770134449005127,-0.6711832284927368
1,107,French,-2.9674320220947266,-0.1839718520641327
1,108,English,3.6437559127807617,-1.845717430114746
1,108,French,-3.903838634490967,-4.27923583984375
1,109,English,3.378200054168701,-1.7434345483779907
1,109,French,-3.0102102756500244,-0.6652355790138245
1,110,English,2.9386613368988037,2.222257614135742
1,110,French,-5.3074727058410645,0.22198054194450378
1,111,English,2.6839873790740967,1.1678502559661865
1,111,French,-2.0462183952331543,-0.2836318612098694
1,112,English,2.9531421661376953,1.3692340850830078
1,112,French,-2.393998622894287,2.816253662109375
1,113,English,2.8715715408325195,-0.40963098406791687
1,113,French,-1.770206332206726,-0.6597685813903809
1,114,English,3.3669989109039307,-3.2678940296173096
1,114,French,-1.838155746459961,-2.2066996097564697
1,115,English,2.666982650756836,1.294211506843567
1,115,French,-3.2047300338745117,2.7311482429504395
1,116,English,4.135693550109863,-1.9190219640731812
1,116,French,-3.8480374813079834,-3.913909912109375
1,117,English,3.2130775451660156,0.8661478161811829
1,117,French,-4.086922645568848,0.9639927744865417
1,118,English,2.540513038635254,2.755861282348633
1,118,French,-3.4267818927764893,2.350534439086914
1,119,English,3.4888246059417725,2.0141000747680664
1,119,French,-4.936124801635742,3.7135536670684814
1,120,English,3.8225655555725098,-0.5224504470825195
1,120,French,-1.8611934185028076,1.3338514566421509
1,121,English,2.884948253631592,0.45232343673706055
1,121,French,-0.5700204372406006,0.8694523572921753
1,122,English,0.8568075299263,0.7640645503997803
1,122,French,-2.264671564102173,1.40081787109375
1,123,English,3.5100274085998535,-2.166952610015869
1,123,French,-2.4117801189422607,-3.1921751499176025
1,124,English,2.2785916328430176,-1.7454437017440796
1,124,French,-2.912348985671997,-2.592754364013672
1,125,English,4.029991626739502,-1.1983927488327026
1,125,French,-2.158003807067871,-2.0908262729644775
1,126,English,3.9992685317993164,-2.3573853969573975
1,126,French,-5.588351249694824,-9.322504043579102
1,127,English,3.4902119636535645,1.813045859336853
1,127,French,-3.2520251274108887,2.3416504859924316
1,128,English,2.51143217086792,0.4724385738372803
1,128,French,-2.308985710144043,0.9592907428741455
1,129,English,3.1188602447509766,2.8420042991638184
1,129,French,-4.8112053871154785,3.660902738571167
1,130,English,2.648587703704834,1.8572138547897339
1,130,French,-4.412822723388672,3.6379201412200928
1,131,English,2.9962100982666016,1.8775298595428467
1,131,French,-2.9172580242156982,3.0716991424560547
1,132,English,2.93709659576416,1.416040062904358
1,132,French,-3.482118844985962,3.3131966590881348
1,133,English,3.483630418777466,1.7079782485961914
1,133,French,-4.603297710418701,1.838979959487915
1,134,English,2.806293487548828,1.3914042711257935
1,134,French,-3.1411168575286865,2.380711078643799
1,135,English,2.785051107406616,1.9541971683502197
1,135,French,-3.389719247817993,2.946437358856201
1,136,English,1.7492311000823975,-1.4643415212631226
1,136,French,-0.19861061871051788,-1.3092502355575562
1,137,English,3.111966848373413,-1.4933531284332275
1,137,French,-2.0980937480926514,-0.6151342988014221
1,138,English,3.6158463954925537,-1.006719708442688
1,138,French,-1.2904459238052368,-1.3448768854141235
1,139,English,3.296370267868042,2.583163261413574
1,139,French,-5.294152736663818,2.9252593517303467
1,140,English,3.5091166496276855,-1.5095082521438599
1,140,French,-4.109226703643799,-3.042710781097412
1,141,English,3.1625289916992188,1.5341569185256958
1,141,French,-3.974341869354248,2.635406255722046
1,142,English,3.292933940887451,1.535497784614563
1,142,French,-3.0216448307037354,1.9350301027297974
1,143,English,3.443364143371582,2.39491868019104
1,143,French,-4.87580680847168,3.4938645362854004
1,144,English,3.607116937637329,0.48295602202415466
1,144,French,-4.222793102264404,0.742117166519165
1,145,English,2.951643228530884,1.957585096359253
1,145,French,-3.8282196521759033,3.4185686111450195
1,146,English,3.3017330169677734,1.5403670072555542
1,146,French,-5.384923458099365,2.0763683319091797
1,147,English,3.587857723236084,-2.985543727874756
1,147,French,-1.7054572105407715,-3.56854510307312
1,148,English,2.749846935272217,1.5533268451690674
1,148,French,-2.518737316131592,2.7430412769317627
1,149,English,3.4401190280914307,-3.4231622219085693
1,149,French,-4.438934326171875,-4.897427558898926
1,150,English,1.348360300064087,-4.386132717132568
1,150,French,-2.0614044666290283,-1.448391318321228
1,151,English,3.515648365020752,0.07779809832572937
1,151,French,-3.424778699874878,0.8920294046401978
1,152,English,3.301621198654175,-1.2038389444351196
1,152,French,-4.0002617835998535,-1.307477355003357
1,153,English,3.146333694458008,1.284122109413147
1,153,French,-5.799491882324219,1.3022255897521973
1,154,English,2.933234214782715,2.0479283332824707
1,154,French,-2.8634467124938965,2.5967800617218018
1,155,English,2.998781681060791,2.7586827278137207
1,155,French,-3.500746250152588,3.6191964149475098
1,156,English,3.2386598587036133,2.2236526012420654
1,156,French,-3.0022776126861572,3.586482524871826
1,157,English,3.6326074600219727,-0.8652242422103882
1,157,French,-4.796128273010254,-3.3970754146575928
1,158,English,3.3334085941314697,-1.8223010301589966
1,158,French,-4.432488918304443,-2.042800188064575
1,159,English,3.5393195152282715,-2.2714474201202393
1,159,French,-6.627280235290527,-8.821733474731445
1,160,English,3.312598705291748,2.026735544204712
1,160,French,-3.636509418487549,3.3859663009643555
1,161,English,3.321702003479004,0.8953352570533752
1,161,French,-4.3813157081604,1.2383209466934204
1,162,English,3.800391912460327,-0.46360230445861816
1,162,French,-1.4678374528884888,-1.0750285387039185
1,163,English,4.158593654632568,-1.8297064304351807
1,163,French,-3.1149909496307373,-1.7632158994674683
1,164,English,3.0135977268218994,1.2365713119506836
1,164,French,-4.053281307220459,1.8153190612792969
1,165,English,2.202000856399536,-2.298264503479004
1,165,French,-4.616760730743408,-0.8098914623260498
1,166,English,3.7420358657836914,-2.8304855823516846
1,166,French,-3.0810201168060303,-4.7081379890441895
1,167,English,3.951737403869629,-2.247741937637329
1,167,French,-6.441778659820557,-4.758448600769043
1,168,English,3.414431095123291,-1.8446893692016602
1,168,French,-4.019609451293945,-5.651169776916504
1,169,English,3.069859504699707,1.2922483682632446
1,169,French,-3.1613993644714355,3.040987014770508
1,170,English,3.7776355743408203,-2.4006450176239014
1,170,French,-2.8955817222595215,-3.8969459533691406
1,171,English,3.393533945083618,-1.06695556640625
1,171,French,-1.4812538623809814,-1.6744095087051392
1,172,English,3.267268180847168,-3.1322834491729736
1,172,French,-0.8311336040496826,-1.4372262954711914
1,173,English,3.0986902713775635,-1.8897112607955933
1,173,French,-3.5106770992279053,-4.81542444229126
1,174,English,3.291222333908081,2.5535969734191895
1,174,French,-4.6203484535217285,2.722496747970581
1,175,English,3.169597864151001,1.3035774230957031
1,175,French,-4.139235496520996,1.3919553756713867
1,176,English,3.1967601776123047,-0.8917973041534424
1,176,French,-1.046850323677063,-1.4968276023864746
1,177,English,2.7605738639831543,-0.08577729761600494
1,177,French,-4.31057596206665,3.1812500953674316
1,178,English,3.2414748668670654,-0.49254605174064636
1,178,French,-4.175863742828369,0.6014899015426636
1,179,English,3.117307662963867,0.8555833101272583
1,179,French,-1.7833490371704102,1.2355144023895264
1,180,English,3.5206539630889893,-1.205934762954712
1,180,French,-4.0186662673950195,-3.473809003829956
1,181,English,3.084289789199829,1.0605665445327759
1,181,French,-1.492790937423706,1.5245707035064697
1,182,English,3.1372790336608887,0.24016426503658295
1,182,French,-1.1384503841400146,1.9124091863632202
1,183,English,2.361664295196533,2.1757400035858154
1,183,French,-2.532604932785034,2.821532726287842
1,184,English,3.5608744621276855,-1.7989709377288818
1,184,French,-3.5502073764801025,-2.2995269298553467
1,185,English,3.548483371734619,0.25745612382888794
1,185,French,-3.352299690246582,0.5696560740470886
1,186,English,3.5279810428619385,1.4176959991455078
1,186,French,-3.5276715755462646,2.0325472354888916
1,187,English,3.073288679122925,1.9743932485580444
1,187,French,-5.563533782958984,2.3545002937316895
1,188,English,2.99283766746521,1.923633337020874
1,188,French,-3.859685182571411,2.4406514167785645
1,189,English,3.0610804557800293,-1.0699472427368164
1,189,French,-2.772756338119507,-1.4671947956085205
1,190,English,3.5067667961120605,-3.118213176727295
1,190,French,-3.2307047843933105,-6.939810276031494
1,191,English,3.9208779335021973,-2.474731922149658
1,191,French,-2.5681517124176025,-6.159903526306152
1,192,English,2.7387537956237793,-4.207701683044434
1,192,French,-1.6066290140151978,-0.694131076335907
1,193,English,3.3948419094085693,2.182931661605835
1,193,French,-4.465298652648926,3.661153554916382
1,194,English,2.9054627418518066,1.5876113176345825
1,194,French,-2.1718244552612305,2.4258084297180176
1,195,English,3.6847126483917236,1.6763474941253662
1,195,French,-3.6006686687469482,3.2287728786468506
1,196,English,3.3128037452697754,2.4435150623321533
1,196,French,-3.200380563735962,3.4250733852386475
1,197,English,3.0200772285461426,1.7321778535842896
1,197,French,-4.057847023010254,4.006117343902588
1,198,English,3.8623547554016113,-0.44862696528434753
1,198,French,-3.461426019668579,-0.7551319599151611
1,199,English,3.093966007232666,2.6192216873168945
1,199,French,-3.604828119277954,3.363290309906006
2,0,English,3.873613119125366,-3.0196573734283447
2,0,French,-3.058074474334717,-1.7614061832427979
2,1,English,3.3688197135925293,-0.20486272871494293
2,1,French,-3.426088571548462,2.563131093978882
2,2,English,3.659503698348999,-1.0525764226913452
2,2,French,-6.54485559463501,-2.384611129760742
2,3,English,2.892716646194458,1.0344792604446411
2,3,French,-1.9342310428619385,2.4974987506866455
2,4,English,3.6997270584106445,2.455310344696045
2,4,French,-3.3692147731781006,4.010384559631348
2,5,English,3.7981834411621094,-3.3370182514190674
2,5,French,-4.348252296447754,-3.784993886947632
2,6,English,2.8654327392578125,2.898616075515747
2,6,French,-1.6639580726623535,3.667786121368408
2,7,English,4.08825159072876,0.9696682095527649
2,7,French,-3.1643686294555664,2.3170056343078613
2,8,English,2.6166276931762695,-5.639618396759033
2,8,French,-4.034421443939209,-5.953282356262207
2,9,English,3.1567327976226807,0.020422041416168213
2,9,French,-0.4012316167354584,0.7562258243560791
2,10,English,3.6041953563690186,1.1222091913223267
2,10,French,-3.6793320178985596,-1.351257562637329
2,11,English,3.8805758953094482,1.3419089317321777
2,11,French,-4.163558006286621,-0.5657958984375
2,12,English,2.7870607376098633,-3.03027081489563
2,12,French,-2.3732998371124268,-1.8436559438705444
2,13,English,3.3871233463287354,-2.0241096019744873
2,13,French,-2.4519245624542236,-2.1936259269714355
2,14,English,3.8313090801239014,1.940882682800293
2,14,French,-1.4334503412246704,2.503178358078003
2,15,English,3.489427328109741,2.6015305519104004
2,15,French,-1.4366086721420288,3.0091211795806885
2,16,English,4.034111976623535,0.1013978123664856
2,16,French,-3.054905414581299,2.2866830825805664
2,17,English,3.882087230682373,0.1774177998304367
2,17,French,-3.507812738418579,0.1797381490468979
2,18,English,4.010683059692383,-1.2634260654449463
2,18,French,-1.4954156875610352,-2.834782600402832
2,19,English,3.4850990772247314,2.2881836891174316
2,19,French,-2.52673602104187,3.973215103149414
2,20,English,2.953889846801758,-1.011763334274292
2,20,French,-4.593613624572754,-2.2308545112609863
2,21,English,3.7917420864105225,0.7548013925552368
2,21,French,-4.116714000701904,1.4848281145095825
2,22,English,3.9256863594055176,-3.0576913356781006
2,22,French,-3.7475576400756836,-5.35770320892334
2,23,English,3.3546388149261475,2.0464141368865967
2,23,French,-3.35872220993042,4.196539878845215
2,24,English,3.9679269790649414,-3.355179786682129
2,24,French,-4.632071495056152,-6.991130352020264
2,25,English,3.650223731994629,-0.08074390888214111
2,25,French,-3.6697146892547607,-0.09095130860805511
2,26,English,3.9791812896728516,-0.8197081685066223
2,26,French,-5.223335266113281,-1.1667585372924805
2,27,English,3.9726831912994385,2.0405170917510986
2,27,French,-3.5386810302734375,2.8973042964935303
2,28,English,3.5824577808380127,2.036311388015747
2,28,French,-3.2647974491119385,2.3726484775543213
2,29,English,3.893131732940674,0.34281569719314575
2,29,French,-3.9353442192077637,1.0471850633621216
2,30,English,3.1713221073150635,1.0972427129745483
2,30,French,-0.15795683860778809,0.9355441331863403
2,31,English,3.8221356868743896,-3.2634949684143066
2,31,French,-0.869420051574707,-3.053422451019287
2,32,English,3.485114097595215,1.771811604499817
2,32,French,-1.6179076433181763,2.79540753364563
2,33,English,4.003143787384033,-1.8576070070266724
2,33,French,-3.1455295085906982,-2.3298041820526123
2,34,English,3.5094263553619385,-0.6923656463623047
2,34,French,-5.220595836639404,-2.2661173343658447
2,35,English,3.0274908542633057,-1.0211745500564575
2,35,French,-3.299013376235962,0.21134482324123383
2,36,English,3.4282233715057373,2.358527898788452
2,36,French,-0.9327812790870667,3.4175825119018555
2,37,English,3.700700044631958,0.11177282780408859
2,37,French,-4.567620754241943,1.5090363025665283
2,38,English,3.9523580074310303,1.0997380018234253
2,38,French,-4.515985488891602,4.410959720611572
2,39,English,3.827432155609131,-1.8417607545852661
2,39,French,-5.070143699645996,-0.32869604229927063
2,40,English,4.043350696563721,-1.99078369140625
2,40,French,-6.286852836608887,-5.728760719299316
2,41,English,4.056778907775879,-2.938857316970825
2,41,French,-3.944885015487671,-3.3055057525634766
2,42,English,3.443574905395508,-3.2983651161193848
2,42,French,-2.834825277328491,-4.116610527038574
2,43,English,4.044882774353027,-0.22707320749759674
2,43,French,-4.874917984008789,-0.05445576831698418
2,44,English,3.8992791175842285,-2.4907026290893555
2,44,French,-6.029244422912598,-3.462190628051758
2,45,English,3.9679269790649414,-3.355179786682129
2,45,French,-4.631062984466553,-6.5724921226501465
2,46,English,3.3825597763061523,1.2091618776321411
2,46,French,-4.1737213134765625,1.9234644174575806
2,47,English,2.8801116943359375,0.6343153715133667
2,47,French,-4.938030242919922,1.0725663900375366
2,48,English,3.5782065391540527,1.8654135465621948
2,48,French,-4.136751174926758,2.099207639694214
2,49,English,3.638805866241455,-0.14684291183948517
2,49,French,-2.2486870288848877,2.432374954223633
2,50,English,3.8626787662506104,1.514708161354065
2,50,French,-3.9981279373168945,2.8046772480010986
2,51,English,3.7882473468780518,-1.5811140537261963
2,51,French,-0.42119479179382324,-2.8149044513702393
2,52,English,4.338887691497803,-0.12297632545232773
2,52,French,-4.783198833465576,-2.7430615425109863
2,53,English,3.4541590213775635,-0.011856102384626865
2,53,French,-4.3210039138793945,3.478926181793213
2,54,English,4.033656597137451,1.089457392692566
2,54,French,-4.8860297203063965,2.8714022636413574
2,55,English,3.3390724658966064,2.071010112762451
2,55,French,-3.209028959274292,3.5189270973205566
2,56,English,3.970703125,1.599428415298462
2,56,French,-4.297051429748535,2.189750909805298
2,57,English,4.048002243041992,-3.652418613433838
2,57,French,-4.920083522796631,-6.311460018157959
2,58,English,3.212406873703003,-1.6787749528884888
2,58,French,-3.322408676147461,-0.10550951957702637
2,59,English,4.142733097076416,-1.100468397140503
2,59,French,-6.155807018280029,-4.291842460632324
2,60,English,3.4791719913482666,1.0005749464035034
2,60,French,-3.7662477493286133,3.3055529594421387
2,61,English,2.9506373405456543,-0.7859266400337219
2,61,French,-3.17628812789917,-0.34877508878707886
2,62,English,4.000349998474121,0.739604115486145
2,62,French,-3.8167812824249268,1.6639063358306885
2,63,English,4.17783260345459,-0.411207914352417
2,63,French,-6.4113688468933105,-2.2431445121765137
2,64,English,2.7706174850463867,0.28023815155029297
2,64,French,-4.140192031860352,0.8364518284797668
2,65,English,3.3521668910980225,-1.2685896158218384
2,65,French,-2.716864824295044,-2.0217881202697754
2,66,English,3.5860238075256348,-0.6199104189872742
2,66,French,-2.1320407390594482,-0.6031568050384521
2,67,English,4.301555633544922,-2.8388774394989014
2,67,French,-6.39093542098999,-4.966618537902832
2,68,English,3.5774970054626465,1.7199674844741821
2,68,French,-4.503721714019775,4.159587860107422
2,69,English,4.014196395874023,2.1071724891662598
2,69,French,-3.9262588024139404,3.070639133453369
2,70,English,3.9333245754241943,-1.4986300468444824
2,70,French,-5.182383060455322,-3.0315470695495605
2,71,English,3.135117292404175,1.0780116319656372
2,71,French,0.2676156163215637,2.1094472408294678
2,72,English,3.557358741760254,-2.2459254264831543
2,72,French,-1.5067793130874634,-1.627210021018982
2,73,English,3.591301202774048,-2.393872022628784
2,73,French,-2.4327499866485596,-0.10598135739564896
2,74,English,3.1292500495910645,1.6669282913208008
2,74,French,-3.9745934009552,3.1194071769714355
2,75,English,3.867647647857666,0.2561761736869812
2,75,French,-5.793765068054199,-0.795593798160553
2,76,English,4.089103698730469,-1.2663366794586182
2,76,French,-6.296535968780518,-5.3966803550720215
2,77,English,3.498877763748169,-0.8811424374580383
2,77,French,-8.596471786499023,-5.883491516113281
2,78,English,3.0163042545318604,1.7783294916152954
2,78,French,-1.2268391847610474,2.1518468856811523
2,79,English,3.421841859817505,-3.667879343032837
2,79,French,-1.5437335968017578,-3.6726138591766357
2,80,English,3.313819169998169,2.4284768104553223
2,80,French,-2.9802815914154053,3.9905006885528564
2,81,English,3.7533669471740723,2.31286883354187
2,81,French,-4.166587829589844,4.558730125427246
2,82,English,3.9505350589752197,2.1896047592163086
2,82,French,-4.383869647979736,4.05095911026001
2,83,English,3.6923491954803467,-3.2232306003570557
2,83,French,-4.225313186645508,-1.0703098773956299
2,84,English,3.7954156398773193,1.6568586826324463
2,84,French,-2.913590908050537,2.8607475757598877
2,85,English,0.8625571131706238,-6.632038593292236
2,85,French,-1.6459726095199585,-3.494041919708252
2,86,English,4.029890060424805,-0.2931426763534546
2,86,French,-4.0257182121276855,0.24874117970466614
2,87,English,3.6926229000091553,1.0953503847122192
2,87,French,-3.8464572429656982,2.373978614807129
2,88,English,3.649862051010132,2.041041612625122
2,88,French,-4.022191524505615,4.273670673370361
2,89,English,3.2990005016326904,1.579555630683899
2,89,French,-1.4730080366134644,2.9178755283355713
2,90,English,3.758474826812744,2.6614792346954346
2,90,French,-4.140125751495361,3.938903570175171
2,91,English,3.520538568496704,1.5990575551986694
2,91,French,-4.3859968185424805,2.810614585876465
2,92,English,3.955718994140625,-0.18041495978832245
2,92,French,-3.3016557693481445,2.1105434894561768
2,93,English,3.664017915725708,1.3269116878509521
2,93,French,-2.888310670852661,3.1738972663879395
2,94,English,3.8767759799957275,1.5634222030639648
2,94,French,-4.377368450164795,2.6375248432159424
2,95,English,3.1492719650268555,2.609163522720337
2,95,French,-2.613996982574463,3.6585798263549805
2,96,English,3.3129985332489014,-1.0320712327957153
2,96,French,-2.780259609222412,1.573716402053833
2,97,English,3.635986804962158,-1.1085716485977173
2,97,French,-4.283361911773682,0.08753321319818497
2,98,English,3.816528558731079,1.9749051332473755
2,98,French,-1.6793479919433594,2.183509111404419
2,99,English,3.2661712169647217,1.6438900232315063
2,99,French,-2.519713878631592,3.775019645690918
2,100,English,3.784871816635132,-2.9390461444854736
2,100,French,-2.7980663776397705,-4.730693340301514
2,101,English,3.9524834156036377,1.9557136297225952
2,101,French,-3.851445198059082,3.136927843093872
2,102,English,2.317218542098999,-4.799778461456299
2,102,French,1.3448516130447388,-4.430753231048584
2,103,English,3.758146047592163,-2.475872278213501
2,103,French,-2.7725436687469482,-2.9514944553375244
2,104,English,4.029361724853516,-2.336219072341919
2,104,French,-2.572829484939575,-3.2506885528564453
2,105,English,2.590744733810425,-4.253646373748779
2,105,French,0.05043487623333931,-6.891238212585449
2,106,English,3.775397300720215,1.236128568649292
2,106,French,-3.3820645809173584,1.4082450866699219
2,107,English,3.8815739154815674,-1.0144166946411133
2,107,French,-3.910769462585449,0.30493825674057007
2,108,English,3.9474833011627197,-1.8037946224212646
2,108,French,-6.114825248718262,-5.227242469787598
2,109,English,3.3423197269439697,-2.299616575241089
2,109,French,-3.8725390434265137,-1.2734524011611938
2,110,English,3.5512359142303467,2.164820671081543
2,110,French,-4.632439136505127,1.1305040121078491
2,111,English,3.163383722305298,0.703539252281189
2,111,French,-3.1080052852630615,-0.07130269706249237
2,112,English,3.235931396484375,1.6959697008132935
2,112,French,-2.5334346294403076,3.4062681198120117
2,113,English,3.480525016784668,-0.41037094593048096
2,113,French,-3.000404119491577,-1.4008980989456177
2,114,English,3.844568967819214,-3.8945446014404297
2,114,French,-3.32729434967041,-3.134990930557251
2,115,English,3.618217945098877,1.4646520614624023
2,115,French,-3.205105781555176,3.248872756958008
2,116,English,4.2394843101501465,-2.4872586727142334
2,116,French,-5.0340070724487305,-4.238847732543945
2,117,English,3.9192092418670654,0.8078303337097168
2,117,French,-3.9891581535339355,1.337936282157898
2,118,English,2.7121338844299316,2.97532057762146
2,118,French,-3.634476661682129,3.3006932735443115
2,119,English,3.8654158115386963,2.067007303237915
2,119,French,-4.0799455642700195,4.516554832458496
2,120,English,3.7502634525299072,-0.37219998240470886
2,120,French,-2.7983152866363525,1.7546778917312622
2,121,English,3.4846551418304443,0.05557318031787872
2,121,French,-1.0946840047836304,0.9193588495254517
2,122,English,1.1254205703735352,0.1497529298067093
2,122,French,-2.4627456665039062,1.4859755039215088
2,123,English,4.0939812660217285,-2.581789493560791
2,123,French,-3.4427225589752197,-2.889472007751465
2,124,English,2.7080721855163574,-2.872971296310425
2,124,French,-4.301355838775635,-2.9671170711517334
2,125,English,4.181415557861328,-1.183026671409607
2,125,French,-3.5545754432678223,-2.292698860168457
2,126,English,4.270848751068115,-3.1399896144866943
2,126,French,-7.611044883728027,-9.473675727844238
2,127,English,3.897933006286621,2.147359609603882
2,127,French,-3.636000871658325,2.8619284629821777
2,128,English,3.03554105758667,0.4345952272415161
2,128,French,-2.5969178676605225,1.591139554977417
2,129,English,3.4291179180145264,3.1930229663848877
2,129,French,-3.985518217086792,4.4236836433410645
2,130,English,3.149944305419922,1.7157092094421387
2,130,French,-3.781416416168213,4.211554527282715
2,131,English,3.437910556793213,1.8835011720657349
2,131,French,-3.159867286682129,3.653911590576172
2,132,English,3.5438361167907715,1.6172651052474976
2,132,French,-3.2648651599884033,3.7382259368896484
2,133,English,3.757913827896118,1.8174693584442139
2,133,French,-4.535612106323242,2.191267251968384
2,134,English,3.2492892742156982,1.472528100013733
2,134,French,-3.1046011447906494,3.0607476234436035
2,135,English,3.3443682193756104,1.8561545610427856
2,135,French,-2.811096668243408,3.6303508281707764
2,136,English,2.399425506591797,-2.047851324081421
2,136,French,-1.0204497575759888,-1.8665990829467773
2,137,English,3.5649423599243164,-1.7097723484039307
2,137,French,-3.0859787464141846,-0.30775630474090576
2,138,English,3.998007297515869,-1.1852842569351196
2,138,French,-2.960160732269287,-2.210634708404541
2,139,English,3.5316250324249268,2.302417755126953
2,139,French,-4.631016731262207,3.501847267150879
2,140,English,3.826237201690674,-1.5635513067245483
2,140,French,-5.149785041809082,-2.7785449028015137
2,141,English,3.781527519226074,1.5870715379714966
2,141,French,-3.474942922592163,3.44167160987854
2,142,English,3.947819948196411,1.336716890335083
2,142,French,-3.165337562561035,2.5752785205841064
2,143,English,3.7582859992980957,2.524104595184326
2,143,French,-4.320374011993408,4.367528438568115
2,144,English,3.964371681213379,0.4340061545372009
2,144,French,-4.447239398956299,1.4472304582595825
2,145,English,3.2200918197631836,2.2035350799560547
2,145,French,-3.2190423011779785,4.265756607055664
2,146,English,3.5880937576293945,1.2340431213378906
2,146,French,-5.097140312194824,2.598731756210327
2,147,English,3.801582098007202,-2.735914707183838
2,147,French,-2.779658079147339,-3.957271099090576
2,148,English,3.4402661323547363,1.5097934007644653
2,148,French,-2.4984514713287354,3.30537748336792
2,149,English,3.7348690032958984,-4.370400428771973
2,149,French,-5.763054847717285,-5.608945369720459
2,150,English,1.6635267734527588,-4.859346866607666
2,150,French,-3.1105470657348633,-2.056464672088623
2,151,English,3.7273051738739014,0.5420719981193542
2,151,French,-3.814939022064209,1.475141167640686
2,152,English,3.825432777404785,-1.40444016456604
2,152,French,-4.964322566986084,-0.8518567681312561
2,153,English,3.7393155097961426,1.0796480178833008
2,153,French,-4.902602672576904,2.2360894680023193
2,154,English,3.5357720851898193,1.712626576423645
2,154,French,-2.987973213195801,3.1623120307922363
2,155,English,3.7428905963897705,2.6650583744049072
2,155,French,-3.0520052909851074,4.294841766357422
2,156,English,3.484707832336426,2.3664679527282715
2,156,French,-2.7126259803771973,4.418801307678223
2,157,English,4.0339274406433105,-1.8332576751708984
2,157,French,-6.032547950744629,-2.7183947563171387
2,158,English,3.87760066986084,-2.323552370071411
2,158,French,-5.222000598907471,-2.1031157970428467
2,159,English,3.86677885055542,-2.8762564659118652
2,159,French,-7.887814998626709,-7.477820873260498
2,160,English,3.914541006088257,2.1522228717803955
2,160,French,-3.4683585166931152,4.014719009399414
2,161,English,3.606471061706543,0.7033268213272095
2,161,French,-4.510032653808594,2.0368032455444336
2,162,English,3.996985673904419,-1.175500750541687
2,162,French,-2.2715799808502197,-1.0305721759796143
2,163,English,4.350598335266113,-2.3509137630462646
2,163,French,-4.007944583892822,-1.8926753997802734
2,164,English,3.815113067626953,1.3143378496170044
2,164,French,-3.6152100563049316,2.1889302730560303
2,165,English,3.1517369747161865,-3.5497500896453857
2,165,French,-4.080513954162598,-1.0603899955749512
2,166,English,4.074126720428467,-3.9240474700927734
2,166,French,-5.277379035949707,-5.3612141609191895
2,167,English,4.046546936035156,-2.3349759578704834
2,167,French,-8.158803939819336,-4.907726764678955
2,168,English,3.899224042892456,-2.1623902320861816
2,168,French,-5.092213153839111,-5.048336029052734
2,169,English,3.8334763050079346,1.3612016439437866
2,169,French,-3.071298599243164,3.610370635986328
2,170,English,4.1610870361328125,-3.319610595703125
2,170,French,-3.368853807449341,-3.9327945709228516
2,171,English,3.7467987537384033,-0.9106585383415222
2,171,French,-1.6332076787948608,-1.4230095148086548
2,172,English,3.487819194793701,-3.9237163066864014
2,172,French,-2.201190233230591,-2.2923216819763184
2,173,English,3.224452018737793,-2.8375937938690186
2,173,French,-5.632110118865967,-4.879968643188477
2,174,English,3.8269124031066895,2.592583417892456
2,174,French,-4.540689945220947,3.5899906158447266
2,175,English,3.703691005706787,1.4044255018234253
2,175,French,-3.6948342323303223,2.063896656036377
2,176,English,3.6386404037475586,-0.9105304479598999
2,176,French,-2.653982162475586,-1.7067222595214844
2,177,English,3.2178258895874023,0.23541967570781708
2,177,French,-4.445267677307129,3.7752227783203125
2,178,English,3.8671875,-1.2341539859771729
2,178,French,-4.406886100769043,1.325873851776123
2,179,English,3.6813340187072754,0.7092549204826355
2,179,French,-1.8471673727035522,1.6767480373382568
2,180,English,3.9788014888763428,-1.8127001523971558
2,180,French,-5.374727725982666,-3.230513572692871
2,181,English,3.46382474899292,0.81452876329422
2,181,French,-1.8213402032852173,1.6025910377502441
2,182,English,3.655827283859253,-0.16306811571121216
2,182,French,-1.9205138683319092,2.042752504348755
2,183,English,3.1060376167297363,1.9335952997207642
2,183,French,-2.4006881713867188,3.483157157897949
2,184,English,3.890267848968506,-3.0667314529418945
2,184,French,-4.283128261566162,-2.1726162433624268
2,185,English,3.851868152618408,0.7247340083122253
2,185,French,-3.971451997756958,0.9496970772743225
2,186,English,4.006142616271973,1.3544301986694336
2,186,French,-3.6846096515655518,2.9138917922973633
2,187,English,3.796226978302002,2.2212700843811035
2,187,French,-4.450973033905029,3.514540433883667
2,188,English,3.4793453216552734,2.0537543296813965
2,188,French,-3.610431432723999,3.074782609939575
2,189,English,3.4414472579956055,-2.2175729274749756
2,189,French,-4.04814338684082,-1.6907167434692383
2,190,English,3.72119140625,-4.398128986358643
2,190,French,-4.7190470695495605,-7.87563419342041
2,191,English,4.4297871589660645,-3.5363216400146484
2,191,French,-4.9440131187438965,-8.167719841003418
2,192,English,3.099867582321167,-5.197789192199707
2,192,French,-1.4980604648590088,-1.7016412019729614
2,193,English,3.6870977878570557,2.2008919715881348
2,193,French,-4.2675862312316895,4.320148944854736
2,194,English,3.3171911239624023,1.7489891052246094
2,194,French,-2.439164876937866,2.9837827682495117
2,195,English,3.7630224227905273,1.8018760681152344
2,195,French,-3.208944082260132,3.7346794605255127
2,196,English,3.857820510864258,2.4076364040374756
2,196,French,-2.626401901245117,4.271673202514648
2,197,English,3.549255609512329,1.5674768686294556
2,197,French,-3.572728395462036,4.552760601043701
2,198,English,4.186252117156982,-0.9417594075202942
2,198,French,-3.957359552383423,-0.07455704361200333
2,199,English,3.6121907234191895,2.7302157878875732
2,199,French,-3.1244940757751465,4.070367336273193
3,0,English,4.160273551940918,3.4849162101745605
3,0,French,-3.757678270339966,1.8688042163848877
3,1,English,3.694173812866211,0.04154921695590019
3,1,French,-3.64194917678833,-2.8875205516815186
3,2,English,3.719787120819092,1.6395941972732544
3,2,French,-6.853646278381348,2.1968116760253906
3,3,English,3.263883352279663,-1.020440936088562
3,3,French,-1.9417548179626465,-2.672616720199585
3,4,English,4.011562824249268,-2.4986581802368164
3,4,French,-3.131200075149536,-4.290811061859131
3,5,English,3.969238758087158,3.626746416091919
3,5,French,-5.258012294769287,3.8417656421661377
3,6,English,3.1517012119293213,-2.903224468231201
3,6,French,-1.7366801500320435,-3.7735748291015625
3,7,English,4.307614326477051,-0.7107499241828918
3,7,French,-3.1472952365875244,-2.5787131786346436
3,8,English,2.614872455596924,6.031034469604492
3,8,French,-4.413449764251709,5.859299182891846
3,9,English,3.446411609649658,0.2943560481071472
3,9,French,-1.0850123167037964,-0.8064789772033691
3,10,English,3.8451390266418457,-1.0847914218902588
3,10,French,-4.252247333526611,1.4196879863739014
3,11,English,4.179189682006836,-1.3088767528533936
3,11,French,-4.2626872062683105,0.13501198589801788
3,12,English,3.1014962196350098,3.65250825881958
3,12,French,-2.7105889320373535,1.9552150964736938
3,13,English,3.5103306770324707,2.269854784011841
3,13,French,-3.753706693649292,2.4080379009246826
3,14,English,4.020524501800537,-2.0883102416992188
3,14,French,-1.562412142753601,-2.5364108085632324
3,15,English,3.794142484664917,-2.5631771087646484
3,15,French,-1.5888867378234863,-3.2998344898223877
3,16,English,4.254462242126465,0.12336733192205429
3,16,French,-3.024108409881592,-2.6959121227264404
3,17,English,4.05042839050293,0.019640101119875908
3,17,French,-3.4574477672576904,-0.5342342257499695
3,18,English,4.007291793823242,1.7606072425842285
3,18,French,-2.221642255783081,3.048602819442749
3,19,English,3.7382731437683105,-2.4936437606811523
3,19,French,-2.376814126968384,-4.074161052703857
3,20,English,3.214977502822876,1.308620572090149
3,20,French,-5.153487682342529,2.1103734970092773
3,21,English,4.04923677444458,-0.7642027735710144
3,21,French,-4.088093280792236,-1.7663629055023193
3,22,English,4.23820686340332,3.0331830978393555
3,22,French,-4.68332576751709,5.351625442504883
3,23,English,3.6948964595794678,-2.1890063285827637
3,23,French,-3.3014628887176514,-4.454477310180664
3,24,English,4.172299861907959,3.5463788509368896
3,24,French,-5.704522132873535,7.336164951324463
3,25,English,3.8136308193206787,0.31144073605537415
3,25,French,-4.39001989364624,0.10570162534713745
3,26,English,4.199820518493652,1.039215087890625
3,26,French,-5.123839855194092,1.1027475595474243
3,27,English,4.156833171844482,-2.1431381702423096
3,27,French,-3.4882071018218994,-3.108574390411377
3,28,English,3.8092050552368164,-2.243196487426758
3,28,French,-3.3391876220703125,-2.882289409637451
3,29,English,4.015507698059082,-0.15757043659687042
3,29,French,-4.291944980621338,-1.1761993169784546
3,30,English,3.2134506702423096,-1.153935194015503
3,30,French,-0.2054089605808258,-1.3602211475372314
3,31,English,3.889117956161499,3.705634117126465
3,31,French,-1.3122504949569702,3.2001612186431885
3,32,English,3.6008872985839844,-1.87160325050354
3,32,French,-1.9550074338912964,-3.087925434112549
3,33,English,4.117741584777832,2.2328176498413086
3,33,French,-3.44176983833313,2.4892733097076416
3,34,English,3.8063745498657227,0.821588933467865
3,34,French,-5.389201641082764,2.047971725463867
3,35,English,3.0368309020996094,1.2388041019439697
3,35,French,-3.5075347423553467,0.04561512917280197
3,36,English,3.706774950027466,-2.2795164585113525
3,36,French,-1.1322373151779175,-3.534194231033325
3,37,English,3.9846889972686768,-0.12458162754774094
3,37,French,-4.427547454833984,-1.754490852355957
3,38,English,4.295200824737549,-1.2110368013381958
3,38,French,-3.9400172233581543,-4.661983013153076
3,39,English,4.057195663452148,1.9586509466171265
3,39,French,-5.389089584350586,0.15059953927993774
3,40,English,4.231325626373291,2.25469708442688
3,40,French,-7.156007766723633,5.492208003997803
3,41,English,4.405972957611084,3.180140733718872
3,41,French,-5.237030506134033,3.5528244972229004
3,42,English,3.7288320064544678,3.682462692260742
3,42,French,-3.1114275455474854,4.119805812835693
3,43,English,4.3896918296813965,0.4630834758281708
3,43,French,-5.150477886199951,-0.3353874683380127
3,44,English,4.085822105407715,3.068593978881836
3,44,French,-6.631622791290283,3.168769598007202
3,45,English,4.172299861907959,3.5463788509368896
3,45,French,-5.828056335449219,6.951014995574951
3,46,English,3.539560317993164,-1.2800452709197998
3,46,French,-4.210141181945801,-2.136780023574829
3,47,English,3.1262712478637695,-0.7890664935112
3,47,French,-5.314990520477295,-1.3419561386108398
3,48,English,3.8294389247894287,-1.7119587659835815
3,48,French,-4.096254825592041,-2.151639223098755
3,49,English,4.040799140930176,0.2570386528968811
3,49,French,-2.380507469177246,-3.063999652862549
3,50,English,4.0103230476379395,-1.5369274616241455
3,50,French,-3.5859100818634033,-3.220426321029663
3,51,English,4.117271423339844,1.8121519088745117
3,51,French,-1.3233063220977783,3.3671438694000244
3,52,English,4.506503105163574,0.09429792314767838
3,52,French,-5.555334568023682,2.952019214630127
3,53,English,3.784282922744751,-0.14253462851047516
3,53,French,-3.85427188873291,-4.059164524078369
3,54,English,4.151875019073486,-0.9812451601028442
3,54,French,-4.415808200836182,-3.1502113342285156
3,55,English,3.6397476196289062,-2.2356629371643066
3,55,French,-3.260295867919922,-3.791599988937378
3,56,English,4.218599796295166,-1.4729620218276978
3,56,French,-4.069709777832031,-2.520139694213867
3,57,English,4.3942413330078125,4.08185338973999
3,57,French,-5.089644432067871,6.784432888031006
3,58,English,3.370615005493164,1.826907753944397
3,58,French,-4.004763603210449,0.11709488183259964
3,59,English,4.348180770874023,1.1970586776733398
3,59,French,-6.399494171142578,3.9401769638061523
3,60,English,3.7219929695129395,-1.138502836227417
3,60,French,-3.6136786937713623,-3.421473979949951
3,61,English,2.8803791999816895,1.0694327354431152
3,61,French,-3.522794246673584,0.5194161534309387
3,62,English,4.199596405029297,-0.7797263860702515
3,62,French,-4.201842308044434,-2.0418896675109863
3,63,English,4.343181610107422,0.6863719820976257
3,63,French,-6.7577104568481445,2.001270294189453
3,64,English,2.8153324127197266,-0.2061229795217514
3,64,French,-4.18182897567749,-1.0388725996017456
3,65,English,3.6343178749084473,1.5238945484161377
3,65,French,-3.5073401927948,1.9001904726028442
3,66,English,3.7273480892181396,0.9537062644958496
3,66,French,-2.303274631500244,0.6030243039131165
3,67,English,4.57014799118042,3.37222957611084
3,67,French,-6.976355075836182,4.7888593673706055
3,68,English,3.62315034866333,-1.781218409538269
3,68,French,-4.019219875335693,-4.519617557525635
3,69,English,4.160150051116943,-2.235956907272339
3,69,French,-4.039448261260986,-3.302299976348877
3,70,English,3.9222309589385986,1.9511181116104126
3,70,French,-5.92789888381958,3.0069568157196045
3,71,English,3.492251396179199,-0.8665561079978943
3,71,French,-0.1095198318362236,-2.2462756633758545
3,72,English,3.816701889038086,2.3645503520965576
3,72,French,-2.3076093196868896,1.843015193939209
3,73,English,3.5864596366882324,2.9734880924224854
3,73,French,-2.923783302307129,0.1797724962234497
3,74,English,3.375445604324341,-1.6941723823547363
3,74,French,-3.871004104614258,-3.2866368293762207
3,75,English,4.038736820220947,-0.2266334444284439
3,75,French,-5.875397682189941,0.5098716616630554
3,76,English,4.2995734214782715,1.523422122001648
3,76,French,-6.674131393432617,5.006256580352783
3,77,English,3.674654245376587,1.1737014055252075
3,77,French,-8.769583702087402,5.340808391571045
3,78,English,3.325648307800293,-1.856455683708191
3,78,French,-1.8348404169082642,-2.3737263679504395
3,79,English,3.8096747398376465,4.054576396942139
3,79,French,-2.0267632007598877,4.058820724487305
3,80,English,3.519806385040283,-2.528144598007202
3,80,French,-2.828320026397705,-4.190223693847656
3,81,English,3.9643611907958984,-2.520071029663086
3,81,French,-3.4804933071136475,-4.671558380126953
3,82,English,4.222720623016357,-2.3879942893981934
3,82,French,-3.773341178894043,-4.2857985496521
3,83,English,3.9595694541931152,3.185739278793335
3,83,French,-4.677827835083008,1.069327712059021
3,84,English,3.959868907928467,-1.6702864170074463
3,84,French,-2.64166259765625,-3.1197922229766846
3,85,English,1.2967357635498047,6.499135971069336
3,85,French,-1.9915251731872559,3.881814956665039
3,86,English,4.27467155456543,0.4619450271129608
3,86,French,-4.7276291847229,-0.40173664689064026
3,87,English,3.780226707458496,-1.2787483930587769
3,87,French,-3.6547627449035645,-2.7000911235809326
3,88,English,3.805145263671875,-2.1600866317749023
3,88,French,-3.5933315753936768,-4.427184104919434
3,89,English,3.4836034774780273,-1.6091052293777466
3,89,French,-1.7577167749404907,-3.1558210849761963
3,90,English,3.9867615699768066,-2.739698648452759
3,90,French,-3.9532034397125244,-4.0960235595703125
3,91,English,3.586920738220215,-1.5508277416229248
3,91,French,-4.362973213195801,-2.956618547439575
3,92,English,4.1693243980407715,0.39279821515083313
3,92,French,-3.4396066665649414,-2.343536853790283
3,93,English,3.8615119457244873,-1.3416765928268433
3,93,French,-2.8925893306732178,-3.398503065109253
3,94,English,4.084508895874023,-1.6777174472808838
3,94,French,-4.22872257232666,-2.72833514213562
3,95,English,3.383117914199829,-2.8864235877990723
3,95,French,-2.6227529048919678,-3.9122321605682373
3,96,English,3.655303955078125,1.3241572380065918
3,96,French,-3.216160297393799,-1.8771425485610962
3,97,English,3.765275716781616,1.2072439193725586
3,97,French,-4.920928001403809,-0.2279866635799408
3,98,English,4.071707725524902,-1.7914682626724243
3,98,French,-2.1245014667510986,-2.30605411529541
3,99,English,3.4339072704315186,-1.7215008735656738
3,99,French,-2.5942940711975098,-4.240355968475342
3,100,English,3.9399466514587402,3.0022459030151367
3,100,French,-3.221088171005249,4.8717851638793945
3,101,English,4.310462951660156,-1.9886854887008667
3,101,French,-3.4105031490325928,-3.5896522998809814
3,102,English,2.4971539974212646,4.954719543457031
3,102,French,1.3669801950454712,4.66170072555542
3,103,English,4.016385078430176,2.634540557861328
3,103,French,-3.1337828636169434,3.128133773803711
3,104,English,4.272678375244141,2.789597511291504
3,104,French,-3.1518681049346924,3.642683267593384
3,105,English,2.6221561431884766,4.960444450378418
3,105,French,-0.09887205809354782,7.148830413818359
3,106,English,4.019198894500732,-1.120348572731018
3,106,French,-3.4141321182250977,-1.6480028629302979
3,107,English,3.9704246520996094,1.0559002161026
3,107,French,-4.292336940765381,-0.6757714152336121
3,108,English,4.163802146911621,1.7490342855453491
3,108,French,-6.995372772216797,4.963189601898193
3,109,English,3.4943742752075195,2.75024676322937
3,109,French,-4.588815212249756,1.3187099695205688
3,110,English,3.756997585296631,-2.2019596099853516
3,110,French,-4.07160758972168,-1.882155179977417
3,111,English,3.5404160022735596,-0.7128130793571472
3,111,French,-2.883423328399658,0.2292167991399765
3,112,English,3.51012921333313,-1.873168706893921
3,112,French,-2.6223177909851074,-3.7090556621551514
3,113,English,3.628753900527954,0.5363076329231262
3,113,French,-4.085479259490967,1.373532772064209
3,114,English,4.163374423980713,4.131808280944824
3,114,French,-4.0104660987854,3.3817989826202393
3,115,English,4.008737564086914,-1.3635588884353638
3,115,French,-2.9743618965148926,-3.5391414165496826
3,116,English,4.297388553619385,2.565472364425659
3,116,French,-5.738266468048096,4.108664512634277
3,117,English,4.233251094818115,-0.64452064037323
3,117,French,-3.5946176052093506,-1.5357962846755981
3,118,English,2.4702727794647217,-3.1278040409088135
3,118,French,-3.2755179405212402,-3.5772767066955566
3,119,English,4.03303861618042,-2.3152778148651123
3,119,French,-3.65026593208313,-4.791402339935303
3,120,English,3.74062442779541,0.30462968349456787
3,120,French,-3.12152099609375,-1.870991826057434
3,121,English,3.628864288330078,-0.057739123702049255
3,121,French,-1.4561355113983154,-1.14945650100708
3,122,English,0.7787832021713257,-0.041252490133047104
3,122,French,-2.4843335151672363,-1.6401548385620117
3,123,English,4.391017436981201,3.0082013607025146
3,123,French,-4.820837020874023,2.9005045890808105
3,124,English,2.7602548599243164,3.24027419090271
3,124,French,-5.150711536407471,3.129488468170166
3,125,English,4.355649948120117,1.1569819450378418
3,125,French,-4.806267261505127,2.7426013946533203
3,126,English,4.369767189025879,3.4938790798187256
3,126,French,-7.304933547973633,8.907583236694336
3,127,English,3.972388982772827,-2.2886815071105957
3,127,French,-3.450962781906128,-3.2839457988739014
3,128,English,3.065345287322998,-0.24550513923168182
3,128,French,-3.1654112339019775,-1.8320695161819458
3,129,English,3.741140127182007,-3.3588101863861084
3,129,French,-3.4182496070861816,-4.628002643585205
3,130,English,3.2016232013702393,-1.6641722917556763
3,130,French,-3.4722983837127686,-4.311502456665039
3,131,English,3.689417839050293,-1.9160710573196411
3,131,French,-2.946056842803955,-3.9851765632629395
3,132,English,3.6447200775146484,-1.7619106769561768
3,132,French,-3.235539197921753,-3.7841434478759766
3,133,English,4.024001598358154,-1.7794487476348877
3,133,French,-4.446461200714111,-2.389219045639038
3,134,English,3.624305009841919,-1.5760935544967651
3,134,French,-3.038438081741333,-3.312767505645752
3,135,English,3.7390263080596924,-1.979927659034729
3,135,French,-2.6554512977600098,-3.894644021987915
3,136,English,2.618278741836548,2.1486258506774902
3,136,French,-1.237087368965149,1.976946473121643
3,137,English,3.7802438735961914,2.0602245330810547
3,137,French,-3.551377773284912,0.4526475667953491
3,138,English,4.116930961608887,1.7715826034545898
3,138,French,-3.8336479663848877,2.604139804840088
3,139,English,3.704982042312622,-2.2460014820098877
3,139,French,-4.3837714195251465,-3.4898738861083984
3,140,English,3.965243101119995,1.8198471069335938
3,140,French,-5.749087810516357,2.7996151447296143
3,141,English,4.035876750946045,-1.6806844472885132
3,141,French,-3.1528215408325195,-3.7062971591949463
3,142,English,4.194388389587402,-1.3486063480377197
3,142,French,-3.2026219367980957,-2.9943015575408936
3,143,English,3.9339377880096436,-2.575383424758911
3,143,French,-3.9452693462371826,-4.459625720977783
3,144,English,4.1514482498168945,-0.3756607472896576
3,144,French,-4.326084613800049,-1.8569525480270386
3,145,English,3.4527783393859863,-2.236637592315674
3,145,French,-3.0227599143981934,-4.524519443511963
3,146,English,3.8900156021118164,-1.2020941972732544
3,146,French,-4.611124038696289,-2.9179975986480713
3,147,English,3.9063382148742676,2.8455862998962402
3,147,French,-3.5191524028778076,3.9407665729522705
3,148,English,3.6813182830810547,-1.572845458984375
3,148,French,-2.5624146461486816,-3.5298879146575928
3,149,English,4.051956653594971,4.856560230255127
3,149,French,-6.207732200622559,5.644223690032959
3,150,English,2.021296739578247,5.034637928009033
3,150,French,-4.4377336502075195,2.3356213569641113
3,151,English,3.8105363845825195,-0.4148801267147064
3,151,French,-4.262938976287842,-1.5171353816986084
3,152,English,3.983041286468506,1.5012383460998535
3,152,French,-5.827541351318359,0.8319559693336487
3,153,English,4.095372200012207,-0.9933933019638062
3,153,French,-4.277467727661133,-2.527069330215454
3,154,English,3.729116201400757,-1.712917447090149
3,154,French,-2.9058289527893066,-3.3636178970336914
3,155,English,3.9649693965911865,-2.5646965503692627
3,155,French,-2.6713461875915527,-4.496647834777832
3,156,English,3.614046335220337,-2.5517618656158447
3,156,French,-2.796881914138794,-4.55562162399292
3,157,English,4.210097312927246,2.1590487957000732
3,157,French,-6.168126106262207,2.6991493701934814
3,158,English,4.112096786499023,2.798713445663452
3,158,French,-5.416184425354004,1.8489046096801758
3,159,English,4.014585971832275,3.180123805999756
3,159,French,-7.6771016120910645,7.166514873504639
3,160,English,4.087860107421875,-2.225109577178955
3,160,French,-3.1933813095092773,-4.110753059387207
3,161,English,3.7333977222442627,-0.5961557626724243
3,161,French,-4.475639343261719,-2.176257848739624
3,162,English,4.170384883880615,1.1778792142868042
3,162,French,-3.3287177085876465,0.9755761027336121
3,163,English,4.547091484069824,2.3882534503936768
3,163,French,-4.626229763031006,2.085562229156494
3,164,English,4.116057872772217,-1.3479050397872925
3,164,French,-3.440147876739502,-2.2509329319000244
3,165,English,3.673790693283081,4.032296657562256
3,165,French,-3.887563705444336,1.0279620885849
3,166,English,4.321942329406738,4.239274024963379
3,166,French,-5.863956928253174,5.3042497634887695
3,167,English,4.2133636474609375,2.3090085983276367
3,167,French,-8.665495872497559,4.975778579711914
3,168,English,4.349327564239502,2.414137840270996
3,168,French,-5.373487949371338,5.027812480926514
3,169,English,3.859499931335449,-1.5663111209869385
3,169,French,-2.9870967864990234,-3.777836322784424
3,170,English,4.229748725891113,3.612506151199341
3,170,French,-3.675999641418457,4.447158336639404
3,171,English,4.032052040100098,1.4727686643600464
3,171,French,-1.8629107475280762,1.4119234085083008
3,172,English,3.650118827819824,3.902865171432495
3,172,French,-2.908094644546509,2.6565206050872803
3,173,English,3.2846827507019043,3.454685688018799
3,173,French,-6.586080551147461,4.784168720245361
3,174,English,4.19476318359375,-2.6350228786468506
3,174,French,-4.040067672729492,-3.696847915649414
3,175,English,3.925081491470337,-1.1983500719070435
3,175,French,-3.5986900329589844,-2.2477152347564697
3,176,English,3.7408697605133057,1.1513606309890747
3,176,French,-3.0512919425964355,1.5369397401809692
3,177,English,3.2298083305358887,-0.33947500586509705
3,177,French,-4.321513652801514,-3.9596927165985107
3,178,English,4.164985656738281,1.214343786239624
3,178,French,-4.154572010040283,-1.556498646736145
3,179,English,3.9854557514190674,-0.5868173837661743
3,179,French,-2.2404348850250244,-1.6876134872436523
3,180,English,3.883787155151367,2.038768768310547
3,180,French,-5.999439239501953,3.558777332305908
3,181,English,3.673314094543457,-0.7378454804420471
3,181,French,-2.119067430496216,-1.898496389389038
3,182,English,3.827634572982788,0.6055396795272827
3,182,French,-1.9427698850631714,-1.960044503211975
3,183,English,3.342036724090576,-2.001906156539917
3,183,French,-2.2493319511413574,-3.5100440979003906
3,184,English,3.8394722938537598,3.3833680152893066
3,184,French,-4.381255626678467,2.329240083694458
3,185,English,4.048237323760986,-0.6245886087417603
3,185,French,-4.21510648727417,-1.1897063255310059
3,186,English,4.1809773445129395,-1.3081824779510498
3,186,French,-3.7850873470306396,-3.2281405925750732
3,187,English,4.031429290771484,-2.522238254547119
3,187,French,-3.9066460132598877,-3.7837679386138916
3,188,English,3.625854015350342,-2.022217035293579
3,188,French,-3.731083869934082,-3.2391197681427
3,189,English,3.7258412837982178,2.459841012954712
3,189,French,-5.112048625946045,2.0808327198028564
3,190,English,4.02701473236084,4.918949604034424
3,190,French,-4.628384590148926,8.078641891479492
3,191,English,4.596755504608154,4.057348728179932
3,191,French,-5.968282222747803,8.047494888305664
3,192,English,3.28640079498291,4.902760982513428
3,192,French,-1.6472574472427368,2.0874695777893066
3,193,English,3.9137449264526367,-2.4250946044921875
3,193,French,-3.5829577445983887,-4.491244792938232
3,194,English,3.5925133228302,-1.7262943983078003
3,194,French,-2.606684446334839,-3.1521482467651367
3,195,English,3.868952512741089,-1.9478778839111328
3,195,French,-3.20089054107666,-3.8924920558929443
3,196,English,4.069250106811523,-2.4724154472351074
3,196,French,-2.3860526084899902,-4.407600402832031
3,197,English,3.7849843502044678,-1.4583266973495483
3,197,French,-3.13321852684021,-4.706057548522949
3,198,English,4.487094879150391,1.1329237222671509
3,198,French,-4.5956830978393555,0.024074867367744446
3,199,English,3.7158045768737793,-2.7902328968048096
3,199,French,-2.95224928855896,-4.273704528808594
4,0,English,4.229543685913086,-4.015432357788086
4,0,French,-4.042430877685547,-1.8551318645477295
4,1,English,3.904975414276123,-0.0874527171254158
4,1,French,-3.6340830326080322,3.716158866882324
4,2,English,3.8733277320861816,-2.216517210006714
4,2,French,-7.331049919128418,-2.2602732181549072
4,3,English,3.5532636642456055,1.0980415344238281
4,3,French,-1.8355656862258911,3.1294970512390137
4,4,English,4.2479939460754395,2.5327513217926025
4,4,French,-2.9994494915008545,4.761148452758789
4,5,English,4.031068325042725,-4.229949474334717
4,5,French,-6.373364448547363,-4.988940715789795
4,6,English,3.472045660018921,2.9662909507751465
4,6,French,-1.5161114931106567,4.278827667236328
4,7,English,4.6041975021362305,0.46299946308135986
4,7,French,-2.6630680561065674,3.296220064163208
4,8,English,2.2182188034057617,-5.887024402618408
4,8,French,-4.682336807250977,-5.322933197021484
4,9,English,3.7325119972229004,-0.4590699374675751
4,9,French,-1.2261415719985962,0.9534921050071716
4,10,English,4.151122093200684,1.0189484357833862
4,10,French,-4.6731858253479,-0.6701225638389587
4,11,English,4.447902202606201,1.2868810892105103
4,11,French,-4.376827716827393,0.9297210574150085
4,12,English,2.7806966304779053,-3.256626605987549
4,12,French,-3.317016124725342,-1.8015698194503784
4,13,English,3.4241228103637695,-2.8550519943237305
4,13,French,-4.482812881469727,-2.6700541973114014
4,14,English,4.4922285079956055,1.9488450288772583
4,14,French,-1.4006901979446411,2.873880624771118
4,15,English,4.0603556632995605,2.606510639190674
4,15,French,-1.199026346206665,3.708296775817871
4,16,English,4.5201239585876465,-0.3668729066848755
4,16,French,-2.8538742065429688,3.279907703399658
4,17,English,4.413918495178223,-0.05484394729137421
4,17,French,-3.718470811843872,0.9134356379508972
4,18,English,4.209622383117676,-2.431272029876709
4,18,French,-2.994431495666504,-3.42093563079834
4,19,English,4.048367500305176,2.4706404209136963
4,19,French,-2.26798939704895,4.43313455581665
4,20,English,3.496433734893799,-1.6669586896896362
4,20,French,-5.757526397705078,-2.2731869220733643
4,21,English,4.499805927276611,0.6394394636154175
4,21,French,-3.928781270980835,2.320181131362915
4,22,English,4.357100009918213,-3.5354576110839844
4,22,French,-5.687077522277832,-5.201903343200684
4,23,English,3.9356911182403564,2.4004781246185303
4,23,French,-3.2210850715637207,4.999392032623291
4,24,English,4.42172384262085,-3.8292670249938965
4,24,French,-6.347668170928955,-7.294344902038574
4,25,English,3.967702865600586,-0.544090986251831
4,25,French,-5.208817481994629,-0.6543178558349609
4,26,English,4.5125579833984375,-1.434691071510315
4,26,French,-5.1564788818359375,-0.7902575135231018
4,27,English,4.590129852294922,1.9495997428894043
4,27,French,-3.5678436756134033,3.4864675998687744
4,28,English,4.036238670349121,2.0576021671295166
4,28,French,-3.196700096130371,3.595698356628418
4,29,English,4.328641414642334,0.05797775834798813
4,29,French,-4.270022869110107,1.5976142883300781
4,30,English,3.280022382736206,0.870743989944458
4,30,French,-0.22401799261569977,1.751147985458374
4,31,English,3.8586366176605225,-4.323999404907227
4,31,French,-1.957714557647705,-3.106266975402832
4,32,English,4.01491641998291,2.1288561820983887
4,32,French,-2.1137776374816895,3.6359288692474365
4,33,English,4.111520290374756,-3.061891794204712
4,33,French,-4.264557838439941,-2.625840187072754
4,34,English,3.8956780433654785,-1.4962376356124878
4,34,French,-6.063879013061523,-2.2941136360168457
4,35,English,3.262207269668579,-1.4251172542572021
4,35,French,-3.3274483680725098,-0.24763408303260803
4,36,English,4.124086380004883,2.1942851543426514
4,36,French,-0.7648453116416931,3.8031487464904785
4,37,English,4.312272548675537,0.11535219848155975
4,37,French,-4.183108806610107,2.4894862174987793
4,38,English,4.521432399749756,1.1353697776794434
4,38,French,-3.6306610107421875,5.252333641052246
4,39,English,4.12383508682251,-2.212226629257202
4,39,French,-6.1743693351745605,0.10561620444059372
4,40,English,4.54680061340332,-2.595853567123413
4,40,French,-8.169523239135742,-6.022035598754883
4,41,English,4.686049461364746,-3.387542724609375
4,41,French,-5.873021602630615,-4.147253036499023
4,42,English,3.8838109970092773,-3.8703975677490234
4,42,French,-3.425203800201416,-4.076595306396484
4,43,English,4.832774639129639,-0.5582864284515381
4,43,French,-5.356411457061768,0.8797535300254822
4,44,English,4.283122539520264,-4.0235209465026855
4,44,French,-7.370198726654053,-3.916849136352539
4,45,English,4.42172384262085,-3.8292670249938965
4,45,French,-6.495177268981934,-7.179976463317871
4,46,English,3.7942416667938232,1.2614562511444092
4,46,French,-4.2009148597717285,2.4483861923217773
4,47,English,3.4636001586914062,1.0906460285186768
4,47,French,-5.582616806030273,1.7787225246429443
4,48,English,4.106009006500244,1.6694753170013428
4,48,French,-4.205156326293945,2.5259454250335693
4,49,English,4.107203483581543,-0.23972900211811066
4,49,French,-2.1205434799194336,3.843559503555298
4,50,English,4.325353622436523,1.4974850416183472
4,50,French,-3.2043418884277344,3.862586736679077
4,51,English,4.406558036804199,-2.3039281368255615
4,51,French,-2.1544082164764404,-4.04127836227417
4,52,English,4.8268537521362305,-0.3953036665916443
4,52,French,-6.642806053161621,-3.520230293273926
4,53,English,3.865102767944336,-0.00861491821706295
4,53,French,-3.8029768466949463,5.129056930541992
4,54,English,4.412056922912598,0.8036861419677734
4,54,French,-4.344796180725098,3.8451616764068604
4,55,English,3.945666790008545,2.30830979347229
4,55,French,-3.048398017883301,4.345931053161621
4,56,English,4.681004047393799,1.3143893480300903
4,56,French,-3.8549764156341553,3.1373202800750732
4,57,English,4.34928560256958,-4.84811544418335
4,57,French,-5.6350579261779785,-7.674510955810547
4,58,English,3.397934675216675,-1.9199565649032593
4,58,French,-4.729177951812744,-0.0006705063278786838
4,59,English,4.675300598144531,-1.8122596740722656
4,59,French,-7.308903694152832,-3.73519229888916
4,60,English,3.8398990631103516,0.8069047331809998
4,60,French,-3.7526140213012695,3.8756773471832275
4,61,English,2.9272830486297607,-1.4259904623031616
4,61,French,-4.028393745422363,-0.2704729735851288
4,62,English,4.443518161773682,0.5943202972412109
4,62,French,-4.455777645111084,2.28729510307312
4,63,English,4.688965320587158,-0.980816662311554
4,63,French,-7.756738185882568,-2.362889289855957
4,64,English,2.9951508045196533,0.18587622046470642
4,64,French,-4.2100300788879395,1.4987037181854248
4,65,English,3.732469081878662,-1.9197407960891724
4,65,French,-4.38284969329834,-2.513831853866577
4,66,English,3.5958142280578613,-1.5369739532470703
4,66,French,-2.518850088119507,-0.7134332656860352
4,67,English,4.674679756164551,-3.8459932804107666
4,67,French,-7.405725479125977,-4.359644889831543
4,68,English,3.860694408416748,1.891128420829773
4,68,French,-3.6602301597595215,5.092916011810303
4,69,English,4.4181108474731445,2.029819965362549
4,69,French,-4.117299556732178,3.718360424041748
4,70,English,4.124699115753174,-2.7890076637268066
4,70,French,-6.403730392456055,-3.1863534450531006
4,71,English,3.7279295921325684,0.8489009737968445
4,71,French,0.19443900883197784,2.5134706497192383
4,72,English,4.020642280578613,-2.9984142780303955
4,72,French,-2.7521252632141113,-2.8115177154541016
4,73,English,3.462026357650757,-3.5580601692199707
4,73,French,-3.366123676300049,0.08985656499862671
4,74,English,3.7779533863067627,1.7188054323196411
4,74,French,-3.6818630695343018,3.9427285194396973
4,75,English,4.321844577789307,0.22630703449249268
4,75,French,-6.087414264678955,-0.2931283414363861
4,76,English,4.450323104858398,-1.9765130281448364
4,76,French,-7.693843841552734,-5.277667999267578
4,77,English,3.8161635398864746,-1.867868185043335
4,77,French,-9.497136116027832,-5.479123115539551
4,78,English,3.4897055625915527,1.9340964555740356
4,78,French,-1.6007914543151855,2.9477858543395996
4,79,English,3.7126476764678955,-3.8688759803771973
4,79,French,-3.1074490547180176,-3.540804624557495
4,80,English,3.835569143295288,2.6028993129730225
4,80,French,-2.6427106857299805,4.5961079597473145
4,81,English,4.439427852630615,2.3954267501831055
4,81,French,-3.0267255306243896,5.162871837615967
4,82,English,4.644899368286133,2.246955394744873
4,82,French,-3.3765060901641846,5.068089962005615
4,83,English,4.0342559814453125,-3.5887539386749268
4,83,French,-4.995242595672607,-1.4345479011535645
4,84,English,4.404221534729004,1.6002235412597656
4,84,French,-2.4257936477661133,3.4242894649505615
4,85,English,0.9190757274627686,-6.185423374176025
4,85,French,-2.3118996620178223,-3.9793832302093506
4,86,English,4.601704120635986,-0.7197040319442749
4,86,French,-5.22989559173584,0.46483057737350464
4,87,English,4.061153411865234,1.4055750370025635
4,87,French,-3.5711848735809326,3.242051362991333
4,88,English,3.9924376010894775,2.1846091747283936
4,88,French,-3.3871419429779053,4.986715793609619
4,89,English,3.895983934402466,1.5648164749145508
4,89,French,-1.4511632919311523,3.4825475215911865
4,90,English,4.410787582397461,2.6432268619537354
4,90,French,-3.7402420043945312,4.632658958435059
4,91,English,3.7976744174957275,1.3728423118591309
4,91,French,-4.536681175231934,3.4700849056243896
4,92,English,4.54734468460083,-0.776027500629425
4,92,French,-3.66745662689209,2.9166321754455566
4,93,English,4.18339729309082,1.4709274768829346
4,93,French,-2.792818546295166,3.929637908935547
4,94,English,4.4375319480896,1.5162664651870728
4,94,French,-4.032823085784912,3.293177843093872
4,95,English,3.4306232929229736,2.8326780796051025
4,95,French,-2.5664429664611816,4.265058994293213
4,96,English,3.449911594390869,-1.717905879020691
4,96,French,-3.3468387126922607,2.4488987922668457
4,97,English,3.916217565536499,-1.4046109914779663
4,97,French,-5.5454421043396,0.3203986883163452
4,98,English,4.53217887878418,1.6568344831466675
4,98,French,-1.6360480785369873,2.6865742206573486
4,99,English,3.7064173221588135,1.692267894744873
4,99,French,-2.3281986713409424,4.684591293334961
4,100,English,4.199085712432861,-3.4933032989501953
4,100,French,-3.6446316242218018,-4.913224697113037
4,101,English,4.509979248046875,1.6718114614486694
4,101,French,-3.4012813568115234,4.273475170135498
4,102,English,2.192558526992798,-5.05783748626709
4,102,French,0.7701705694198608,-5.166262149810791
4,103,English,4.038528919219971,-3.4810192584991455
4,103,French,-3.3930070400238037,-3.4644901752471924
4,104,English,4.505124092102051,-3.1068596839904785
4,104,French,-4.078570365905762,-3.9466335773468018
4,105,English,2.583528995513916,-4.7765069007873535
4,105,French,-0.7323952913284302,-7.151524066925049
4,106,English,4.36384916305542,0.9489284157752991
4,106,French,-3.0411758422851562,2.1220250129699707
4,107,English,4.089821815490723,-1.7497488260269165
4,107,French,-4.8064422607421875,0.7587125897407532
4,108,English,4.32550048828125,-1.8481022119522095
4,108,French,-7.871171474456787,-5.4205498695373535
4,109,English,3.4313149452209473,-3.2451610565185547
4,109,French,-4.959706783294678,-1.5644986629486084
4,110,English,4.072413921356201,2.114103078842163
4,110,French,-3.839730739593506,2.7370553016662598
4,111,English,3.1711857318878174,0.21899554133415222
4,111,French,-2.912749767303467,-0.0254209041595459
4,112,English,3.7970352172851562,2.005506753921509
4,112,French,-2.6011927127838135,4.212855339050293
4,113,English,3.7948763370513916,-0.6075353622436523
4,113,French,-5.11671257019043,-2.0601909160614014
4,114,English,4.215824604034424,-4.933104038238525
4,114,French,-4.853165149688721,-3.729163408279419
4,115,English,4.116282939910889,1.3141425848007202
4,115,French,-2.9353456497192383,3.9580976963043213
4,116,English,4.622459888458252,-2.9800331592559814
4,116,French,-6.762444019317627,-4.483149528503418
4,117,English,4.572027683258057,0.34950384497642517
4,117,French,-3.172086715698242,2.124227523803711
4,118,English,2.645043134689331,3.20332670211792
4,118,French,-3.067110300064087,4.146235942840576
4,119,English,4.23129940032959,2.261094808578491
4,119,French,-3.273756265640259,5.5198163986206055
4,120,English,3.8786780834198,-0.5891661047935486
4,120,French,-3.200373411178589,2.235919713973999
4,121,English,3.8897860050201416,-0.10436998307704926
4,121,French,-1.444822907447815,1.3560364246368408
4,122,English,0.6856122016906738,-0.11742013692855835
4,122,French,-2.3663861751556396,1.9635388851165771
4,123,English,4.5791826248168945,-3.304166793823242
4,123,French,-5.686117172241211,-2.968383550643921
4,124,English,2.4937400817871094,-3.6253628730773926
4,124,French,-5.650265693664551,-3.6923840045928955
4,125,English,4.764042377471924,-1.4173262119293213
4,125,French,-5.735401630401611,-3.6621782779693604
4,126,English,4.462406635284424,-4.018428802490234
4,126,French,-7.7552947998046875,-8.375612258911133
4,127,English,4.229532241821289,2.2343485355377197
4,127,French,-3.469412088394165,3.8204450607299805
4,128,English,2.8921520709991455,-0.026728332042694092
4,128,French,-3.3992512226104736,1.9950382709503174
4,129,English,4.112391948699951,3.4100711345672607
4,129,French,-3.1392812728881836,5.039115905761719
4,130,English,3.4308290481567383,1.6386274099349976
4,130,French,-3.328126907348633,4.7783522605896
4,131,English,3.9997599124908447,2.078019618988037
4,131,French,-2.813462257385254,4.5523576736450195
4,132,English,3.7544972896575928,1.727053165435791
4,132,French,-2.944065809249878,4.227294445037842
4,133,English,4.498381614685059,1.754093885421753
4,133,French,-4.569888114929199,3.0126094818115234
4,134,English,3.939244031906128,1.7037991285324097
4,134,French,-2.865682363510132,3.9076695442199707
4,135,English,4.070262908935547,2.0736024379730225
4,135,French,-2.3755853176116943,4.606954574584961
4,136,English,2.5657262802124023,-1.710339903831482
4,136,French,-1.7124342918395996,-2.253568172454834
4,137,English,3.819157123565674,-2.5085031986236572
4,137,French,-3.624295473098755,-0.3186512887477875
4,138,English,4.188567161560059,-2.015277862548828
4,138,French,-4.723522663116455,-3.548588275909424
4,139,English,4.100643634796143,2.0210635662078857
4,139,French,-4.176397800445557,3.6604695320129395
4,140,English,4.205903053283691,-2.0388448238372803
4,140,French,-6.414396286010742,-3.510806083679199
4,141,English,4.2947187423706055,1.8366680145263672
4,141,French,-2.8025691509246826,4.45554256439209
4,142,English,4.439983367919922,1.2023694515228271
4,142,French,-3.3426218032836914,3.473304033279419
4,143,English,4.40892219543457,2.59592866897583
4,143,French,-3.8122849464416504,4.927163600921631
4,144,English,4.694676876068115,0.24074406921863556
4,144,French,-4.035459041595459,2.6966898441314697
4,145,English,4.024272441864014,2.226595878601074
4,145,French,-2.857011556625366,4.907021999359131
4,146,English,4.033747673034668,1.2821409702301025
4,146,French,-4.418652057647705,3.596388816833496
4,147,English,3.9039785861968994,-3.1500613689422607
4,147,French,-4.252748966217041,-5.033750057220459
4,148,English,3.93133544921875,1.6199061870574951
4,148,French,-2.262829303741455,4.1902265548706055
4,149,English,4.127220630645752,-5.828289031982422
4,149,French,-7.057242393493652,-5.625937461853027
4,150,English,2.1023731231689453,-5.2993998527526855
4,150,French,-5.000662803649902,-2.890101432800293
4,151,English,3.9526989459991455,0.36156806349754333
4,151,French,-4.494822978973389,1.696946382522583
4,152,English,4.273390769958496,-1.7976425886154175
4,152,French,-6.363765239715576,-1.216066837310791
4,153,English,4.492427825927734,0.8620445132255554
4,153,French,-3.7397239208221436,3.2278189659118652
4,154,English,4.144266605377197,1.610150933265686
4,154,French,-2.6317334175109863,3.80271315574646
4,155,English,4.2525315284729,2.5875420570373535
4,155,French,-2.2188122272491455,4.976649284362793
4,156,English,3.975970506668091,2.6634607315063477
4,156,French,-2.4361605644226074,5.027392387390137
4,157,English,4.308653354644775,-2.8636889457702637
4,157,French,-6.9632248878479,-2.6305031776428223
4,158,English,4.175277233123779,-3.3729851245880127
4,158,French,-6.073991775512695,-1.8836236000061035
4,159,English,4.247127532958984,-3.389186382293701
4,159,French,-8.121540069580078,-6.46287727355957
4,160,English,4.558403015136719,2.06321120262146
4,160,French,-3.1666171550750732,4.585541725158691
4,161,English,4.072683811187744,0.5103567838668823
4,161,French,-4.659192085266113,2.5056679248809814
4,162,English,4.345251560211182,-1.650076150894165
4,162,French,-3.880774974822998,-1.1612595319747925
4,163,English,4.632892608642578,-2.9126932621002197
4,163,French,-5.3167829513549805,-2.6074774265289307
4,164,English,4.548445701599121,1.2806593179702759
4,164,French,-3.1025302410125732,2.905017852783203
4,165,English,3.400493621826172,-3.631309986114502
4,165,French,-3.484771966934204,-0.5364262461662292
4,166,English,4.60127067565918,-4.936081409454346
4,166,French,-6.45604133605957,-5.493176460266113
4,167,English,4.162473201751709,-2.9235076904296875
4,167,French,-9.527286529541016,-5.144792556762695
4,168,English,4.613567352294922,-2.8550703525543213
4,168,French,-5.94866943359375,-4.297468185424805
4,169,English,4.022797107696533,1.6528359651565552
4,169,French,-2.7429020404815674,4.259634017944336
4,170,English,4.5962748527526855,-4.487049102783203
4,170,French,-4.190149307250977,-4.263908863067627
4,171,English,4.411891460418701,-1.9145766496658325
4,171,French,-2.796189785003662,-1.6659919023513794
4,172,English,3.460700511932373,-4.0845723152160645
4,172,French,-4.169003963470459,-3.6228179931640625
4,173,English,3.5561678409576416,-3.687805414199829
4,173,French,-7.7492523193359375,-4.622707843780518
4,174,English,4.507641792297363,2.6618902683258057
4,174,French,-3.983745574951172,4.462943077087402
4,175,English,4.244086742401123,1.1664847135543823
4,175,French,-3.232844591140747,2.869692325592041
4,176,English,3.9272825717926025,-1.5470633506774902
4,176,French,-3.521068811416626,-1.5563385486602783
4,177,English,3.3703486919403076,0.28135862946510315
4,177,French,-4.262649059295654,4.385786056518555
4,178,English,4.310750961303711,-1.3764746189117432
4,178,French,-3.9531962871551514,2.0919084548950195
4,179,English,4.269227027893066,0.5182350873947144
4,179,French,-2.20959734916687,1.8976147174835205
4,180,English,4.021705150604248,-2.606987476348877
4,180,French,-6.478132724761963,-3.653409957885742
4,181,English,3.8153374195098877,0.4990634322166443
4,181,French,-1.9797227382659912,2.432399272918701
4,182,English,4.099670886993408,-0.6112487316131592
4,182,French,-1.9900325536727905,2.3159351348876953
4,183,English,3.4399447441101074,2.0517895221710205
4,183,French,-2.0905921459198,3.9836244583129883
4,184,English,3.9581658840179443,-4.197168350219727
4,184,French,-4.684722900390625,-2.5967533588409424
4,185,English,4.4419732093811035,0.5820680260658264
4,185,French,-4.461764335632324,1.3916997909545898
4,186,English,4.588350772857666,1.1790742874145508
4,186,French,-3.713780403137207,3.6401569843292236
4,187,English,4.373451232910156,2.394186496734619
4,187,French,-3.5875773429870605,4.6010355949401855
4,188,English,4.0088934898376465,2.0185866355895996
4,188,French,-3.7507312297821045,3.582501173019409
4,189,English,3.569336175918579,-3.432107925415039
4,189,French,-5.995480060577393,-2.4009666442871094
4,190,English,4.041990280151367,-5.845416069030762
4,190,French,-5.2956037521362305,-8.682589530944824
4,191,English,4.620580196380615,-4.496294021606445
4,191,French,-7.122897148132324,-8.006284713745117
4,192,English,3.2940964698791504,-4.857484817504883
4,192,French,-1.8569095134735107,-1.7529981136322021
4,193,English,4.21355676651001,2.4219021797180176
4,193,French,-3.3249659538269043,4.916985988616943
4,194,English,3.951399564743042,1.8000248670578003
4,194,French,-2.366593360900879,3.568474769592285
4,195,English,4.26604700088501,2.006972312927246
4,195,French,-3.086474657058716,4.347452163696289
4,196,English,4.397682189941406,2.4943552017211914
4,196,French,-2.1039986610412598,4.971753120422363
4,197,English,4.014725685119629,1.2744168043136597
4,197,French,-2.9142448902130127,5.1600775718688965
4,198,English,4.759395599365234,-1.4729200601577759
4,198,French,-4.919203758239746,-0.14085881412029266
4,199,English,4.0440216064453125,2.7870566844940186
4,199,French,-2.6485579013824463,4.763667106628418
5,0,English,4.333220481872559,5.368017673492432
5,0,French,-4.175107479095459,2.3670263290405273
5,1,English,4.02092170715332,0.2494594007730484
5,1,French,-3.7773125171661377,-4.85970401763916
5,2,English,3.712965250015259,3.729599952697754
5,2,French,-8.557635307312012,2.3997585773468018
5,3,English,3.972451686859131,-1.4974268674850464
5,3,French,-1.511939287185669,-3.7124412059783936
5,4,English,4.7051825523376465,-3.282214879989624
5,4,French,-2.975360155105591,-5.699848651885986
5,5,English,4.156547546386719,5.754441261291504
5,5,French,-7.505762577056885,4.949006080627441
5,6,English,3.9212889671325684,-3.5782241821289062
5,6,French,-1.3427245616912842,-5.152297496795654
5,7,English,4.8658447265625,-0.35506919026374817
5,7,French,-2.2945919036865234,-4.030104160308838
5,8,English,2.021833658218384,5.483323097229004
5,8,French,-4.344658851623535,5.302380561828613
5,9,English,4.1714606285095215,0.554977536201477
5,9,French,-0.8355376720428467,-1.087153673171997
5,10,English,4.692878246307373,-1.058862328529358
5,10,French,-4.9866790771484375,0.48124054074287415
5,11,English,4.659976005554199,-0.9664046168327332
5,11,French,-4.588766098022461,-1.2764111757278442
5,12,English,2.6961441040039062,3.5714404582977295
5,12,French,-3.7745728492736816,2.712986707687378
5,13,English,3.5276987552642822,3.845036029815674
5,13,French,-5.284781455993652,2.946948528289795
5,14,English,4.988454818725586,-2.095928192138672
5,14,French,-1.3570482730865479,-3.592177152633667
5,15,English,4.301005840301514,-3.2602765560150146
5,15,French,-0.7301920056343079,-4.541985034942627
5,16,English,4.834312438964844,1.0832781791687012
5,16,French,-2.4353785514831543,-3.9421520233154297
5,17,English,4.925269603729248,0.3723580837249756
5,17,French,-3.815185070037842,-1.4532657861709595
5,18,English,4.316673278808594,3.958364963531494
5,18,French,-4.209431171417236,4.719485282897949
5,19,English,4.438975811004639,-2.766995429992676
5,19,French,-2.178567886352539,-5.300185680389404
5,20,English,3.805438280105591,2.217750072479248
5,20,French,-6.3690690994262695,2.3293325901031494
5,21,English,4.990915775299072,-0.43154895305633545
5,21,French,-3.6106948852539062,-3.1227123737335205
5,22,English,4.469935417175293,4.4799418449401855
5,22,French,-6.5777740478515625,5.4158549308776855
5,23,English,4.3283796310424805,-3.0521767139434814
5,23,French,-2.935307264328003,-5.835991859436035
5,24,English,4.288310527801514,5.31299352645874
5,24,French,-7.859017848968506,7.988137245178223
5,25,English,3.941413164138794,0.9331295490264893
5,25,French,-6.590846061706543,0.6023902297019958
5,26,English,4.9651384353637695,2.139863967895508
5,26,French,-5.743596076965332,1.1468504667282104
5,27,English,5.018547534942627,-2.3807013034820557
5,27,French,-3.558509111404419,-4.2426910400390625
5,28,English,4.456519603729248,-2.061958074569702
5,28,French,-2.7887701988220215,-4.458132743835449
5,29,English,4.714818000793457,0.26155728101730347
5,29,French,-4.412733554840088,-1.994105339050293
5,30,English,3.5882275104522705,-0.6221372485160828
5,30,French,0.21320483088493347,-2.503333568572998
5,31,English,3.802947521209717,5.197098255157471
5,31,French,-2.9645445346832275,4.025786399841309
5,32,English,4.439113616943359,-2.2917215824127197
5,32,French,-2.130638837814331,-4.359673500061035
5,33,English,4.378886699676514,4.590281009674072
5,33,French,-4.975520133972168,3.3255691528320312
5,34,English,4.121044635772705,2.2452101707458496
5,34,French,-6.641775608062744,2.545273780822754
5,35,English,3.3641722202301025,2.122220754623413
5,35,French,-3.380861759185791,0.5578935146331787
5,36,English,4.57734489440918,-2.6859798431396484
5,36,French,-0.4569827914237976,-4.31559944152832
5,37,English,4.576761245727539,-0.22294731438159943
5,37,French,-3.9676342010498047,-3.5373010635375977
5,38,English,4.970865249633789,-1.1770145893096924
5,38,French,-3.1393227577209473,-6.0852484703063965
5,39,English,4.468024253845215,2.571101427078247
5,39,French,-7.070330619812012,-0.7869254350662231
5,40,English,4.3773512840271,4.068768501281738
5,40,French,-8.921435356140137,5.934545993804932
5,41,English,4.7881951332092285,4.088947296142578
5,41,French,-7.217762470245361,5.006227970123291
5,42,English,4.142229080200195,4.386878967285156
5,42,French,-3.8656091690063477,4.225830554962158
5,43,English,5.13859748840332,1.1253557205200195
5,43,French,-5.451052188873291,-1.3492406606674194
5,44,English,4.524362564086914,5.503445625305176
5,44,French,-8.234363555908203,4.9027628898620605
5,45,English,4.288310527801514,5.31299352645874
5,45,French,-8.362601280212402,8.605712890625
5,46,English,4.177501201629639,-1.4068621397018433
5,46,French,-4.028177261352539,-3.162872314453125
5,47,English,3.752269744873047,-1.2954727411270142
5,47,French,-5.76566743850708,-2.4812631607055664
5,48,English,4.4188103675842285,-2.196084976196289
5,48,French,-4.248385906219482,-3.724393367767334
5,49,English,4.304033279418945,0.37809398770332336
5,49,French,-1.8373326063156128,-4.338176727294922
5,50,English,4.742391109466553,-1.7643468379974365
5,50,French,-2.678327798843384,-4.887678623199463
5,51,English,4.59975528717041,3.3985719680786133
5,51,French,-2.9171390533447266,5.074754238128662
5,52,English,5.123191833496094,1.1350810527801514
5,52,French,-7.15531587600708,4.640185356140137
5,53,English,4.1553778648376465,0.32754388451576233
5,53,French,-3.8149163722991943,-6.635289192199707
5,54,English,4.665468215942383,-0.9662721753120422
5,54,French,-4.26060676574707,-4.89720344543457
5,55,English,4.214662551879883,-3.015496015548706
5,55,French,-2.911151647567749,-5.392529487609863
5,56,English,5.090259552001953,-1.238548755645752
5,56,French,-3.59195613861084,-3.9125747680664062
5,57,English,4.554717063903809,6.492610454559326
5,57,French,-6.284488677978516,7.719001770019531
5,58,English,3.2950589656829834,2.6084201335906982
5,58,French,-5.424280643463135,-0.3454330265522003
5,59,English,4.7756428718566895,2.647054672241211
5,59,French,-8.677632331848145,4.118678569793701
5,60,English,4.192269802093506,-0.7923732399940491
5,60,French,-3.797112464904785,-4.797201156616211
5,61,English,2.869359016418457,2.3062899112701416
5,61,French,-4.546030044555664,-0.29382026195526123
5,62,English,4.675596714019775,0.022570833563804626
5,62,French,-5.379339218139648,-2.8494908809661865
5,63,English,4.85441780090332,1.8994429111480713
5,63,French,-9.29467487335205,2.492065191268921
5,64,English,3.1878998279571533,-0.10635937005281448
5,64,French,-3.729985475540161,-2.038621187210083
5,65,English,3.766261339187622,2.6267778873443604
5,65,French,-4.841935634613037,2.777247190475464
5,66,English,3.6555309295654297,2.5741665363311768
5,66,French,-2.720372200012207,0.8928583264350891
5,67,English,4.5198469161987305,5.632933616638184
5,67,French,-8.233070373535156,4.685914993286133
5,68,English,4.2418670654296875,-2.5027482509613037
5,68,French,-3.144911766052246,-6.08781623840332
5,69,English,4.7729268074035645,-2.691025495529175
5,69,French,-4.00779914855957,-4.654972076416016
5,70,English,4.140981674194336,4.306779384613037
5,70,French,-7.146000862121582,3.3705008029937744
5,71,English,4.077277183532715,-1.153510570526123
5,71,French,0.7079087495803833,-3.2678322792053223
5,72,English,4.05175256729126,4.268158912658691
5,72,French,-3.925070285797119,3.6872801780700684
5,73,English,3.4239861965179443,4.865568161010742
5,73,French,-3.3533573150634766,-0.025597145780920982
5,74,English,4.157801628112793,-2.110548973083496
5,74,French,-3.545447587966919,-4.894693374633789
5,75,English,4.4962239265441895,-0.14742863178253174
5,75,French,-6.847296714782715,-0.42091596126556396
5,76,English,4.609682083129883,3.01104474067688
5,76,French,-7.73400354385376,5.223450660705566
5,77,English,3.9631295204162598,2.68149733543396
5,77,French,-9.963406562805176,5.171330451965332
5,78,English,3.8744125366210938,-2.1284191608428955
5,78,French,-1.1531479358673096,-3.8510994911193848
5,79,English,3.7685065269470215,4.358938217163086
5,79,French,-4.108292579650879,3.33573579788208
5,80,English,4.239989757537842,-3.230250597000122
5,80,French,-2.4106814861297607,-5.463642597198486
5,81,English,4.957797050476074,-2.6354825496673584
5,81,French,-2.6089799404144287,-5.888256072998047
5,82,English,4.909719467163086,-2.5424420833587646
5,82,French,-3.2457330226898193,-6.06589412689209
5,83,English,4.273343563079834,4.8184285163879395
5,83,French,-5.397797584533691,1.2486422061920166
5,84,English,4.848177433013916,-1.9223573207855225
5,84,French,-1.9072517156600952,-3.9571468830108643
5,85,English,0.9101927876472473,5.499479293823242
5,85,French,-3.0538687705993652,4.252190589904785
5,86,English,4.979883670806885,2.0125701427459717
5,86,French,-5.811270236968994,-0.5352861285209656
5,87,English,4.47697114944458,-1.7799580097198486
5,87,French,-3.421747922897339,-4.103443145751953
5,88,English,4.228253364562988,-2.8931031227111816
5,88,French,-2.9583728313446045,-5.979213714599609
5,89,English,4.365169525146484,-1.8816876411437988
5,89,French,-1.0204023122787476,-4.231173515319824
5,90,English,4.788610935211182,-3.1587750911712646
5,90,French,-3.5390007495880127,-5.640768527984619
5,91,English,4.155211925506592,-1.6638400554656982
5,91,French,-4.671284198760986,-4.448897361755371
5,92,English,4.782839775085449,1.917288064956665
5,92,French,-3.9897091388702393,-3.7256243228912354
5,93,English,4.66914176940918,-1.9771332740783691
5,93,French,-2.7564148902893066,-4.946827411651611
5,94,English,4.667909145355225,-1.5788626670837402
5,94,French,-3.969958543777466,-4.2140278816223145
5,95,English,3.9563727378845215,-3.545651912689209
5,95,French,-2.405622720718384,-5.103518009185791
5,96,English,3.6397838592529297,2.743474245071411
5,96,French,-3.575270652770996,-3.012589931488037
5,97,English,3.9944820404052734,1.4922363758087158
5,97,French,-6.587589740753174,-0.17220209538936615
5,98,English,5.027335166931152,-2.152045965194702
5,98,French,-1.1151624917984009,-3.5342607498168945
5,99,English,4.109097003936768,-2.0739097595214844
5,99,French,-2.1503450870513916,-5.531983375549316
5,100,English,4.217124938964844,4.526986598968506
5,100,French,-4.143174171447754,5.836595058441162
5,101,English,4.894643306732178,-1.8239420652389526
5,101,French,-3.3137266635894775,-5.283132553100586
5,102,English,1.9567475318908691,5.6977105140686035
5,102,French,0.18737401068210602,6.241644859313965
5,103,English,4.214608669281006,4.844750881195068
5,103,French,-3.9048805236816406,3.593543767929077
5,104,English,4.656487941741943,3.85616135597229
5,104,French,-4.522547721862793,4.381800651550293
5,105,English,2.7515628337860107,4.780301094055176
5,105,French,-1.0818222761154175,7.4822492599487305
5,106,English,4.7219414710998535,-1.0256301164627075
5,106,French,-2.6508865356445312,-2.567760705947876
5,107,English,4.488706111907959,2.9305827617645264
5,107,French,-5.2605299949646,-1.0654890537261963
5,108,English,4.391727447509766,2.0752482414245605
5,108,French,-8.896961212158203,5.081425666809082
5,109,English,3.5646841526031494,4.244784355163574
5,109,French,-5.8021135330200195,1.9139302968978882
5,110,English,4.438799858093262,-2.618619680404663
5,110,French,-3.534062623977661,-3.0924642086029053
5,111,English,3.313076972961426,0.5439996719360352
5,111,French,-2.656963348388672,0.4514724910259247
5,112,English,4.259167194366455,-2.5029642581939697
5,112,French,-2.5232226848602295,-5.148050308227539
5,113,English,3.985642671585083,0.780722439289093
5,113,French,-6.348294258117676,2.048624038696289
5,114,English,4.0892791748046875,5.764801025390625
5,114,French,-5.618102073669434,3.3888189792633057
5,115,English,4.614297866821289,-1.7904036045074463
5,115,French,-2.4662609100341797,-4.746925354003906
5,116,English,4.7406511306762695,3.945711135864258
5,116,French,-7.640594959259033,5.0553789138793945
5,117,English,4.760758876800537,0.38698211312294006
5,117,French,-3.1074984073638916,-1.3702338933944702
5,118,English,2.712642192840576,-4.046902179718018
5,118,French,-2.777522087097168,-5.329517364501953
5,119,English,4.550830841064453,-2.5986568927764893
5,119,French,-3.059511661529541,-6.5097880363464355
5,120,English,4.301595211029053,1.1157978773117065
5,120,French,-3.101565361022949,-2.759857654571533
5,121,English,4.235818862915039,0.16624481976032257
5,121,French,-1.460862159729004,-1.6950409412384033
5,122,English,0.629628598690033,0.9486032128334045
5,122,French,-2.4280953407287598,-1.684248685836792
5,123,English,4.7459187507629395,4.248038291931152
5,123,French,-6.32488489151001,2.8425915241241455
5,124,English,2.25495982170105,4.541623115539551
5,124,French,-6.968399524688721,3.9651243686676025
5,125,English,5.020631790161133,2.6229681968688965
5,125,French,-6.993589401245117,4.884735107421875
5,126,English,4.515321254730225,5.183935642242432
5,126,French,-7.575016021728516,7.860965251922607
5,127,English,4.51109504699707,-2.6400132179260254
5,127,French,-3.512208938598633,-4.674685478210449
5,128,English,3.3151376247406006,0.3922426104545593
5,128,French,-3.466431140899658,-2.7775840759277344
5,129,English,4.5825395584106445,-4.152210712432861
5,129,French,-2.7999789714813232,-5.525177955627441
5,130,English,3.744152545928955,-2.0083060264587402
5,130,French,-3.0795164108276367,-5.76255989074707
5,131,English,4.3728437423706055,-2.544801712036133
5,131,French,-2.6368541717529297,-5.391034126281738
5,132,English,4.139936447143555,-2.230903148651123
5,132,French,-2.5776302814483643,-4.968038082122803
5,133,English,4.847740650177002,-2.184481143951416
5,133,French,-4.546453475952148,-4.042308807373047
5,134,English,4.451807975769043,-2.353482961654663
5,134,French,-2.6712050437927246,-4.925991058349609
5,135,English,4.386720180511475,-2.6418516635894775
5,135,French,-2.26226806640625,-5.53237771987915
5,136,English,2.507652521133423,2.2832260131835938
5,136,French,-1.627547025680542,3.0321245193481445
5,137,English,4.0276947021484375,3.4930663108825684
5,137,French,-3.952178716659546,0.3453685939311981
5,138,English,4.247060775756836,3.083862543106079
5,138,French,-6.039827823638916,4.729773998260498
5,139,English,4.471187114715576,-2.324559450149536
5,139,French,-4.142367839813232,-4.048325538635254
5,140,English,4.390916347503662,2.735891580581665
5,140,French,-7.96528959274292,3.8665530681610107
5,141,English,4.582782745361328,-1.9870855808258057
5,141,French,-2.3119678497314453,-5.496756553649902
5,142,English,4.778605937957764,-1.3105871677398682
5,142,French,-3.320333242416382,-4.330129623413086
5,143,English,4.916934490203857,-2.9933300018310547
5,143,French,-3.531946897506714,-5.666348934173584
5,144,English,5.192108631134033,-0.11965517699718475
5,144,French,-3.4208858013153076,-3.5454232692718506
5,145,English,4.6423749923706055,-2.624948501586914
5,145,French,-2.5437896251678467,-5.805720806121826
5,146,English,4.185391902923584,-1.806692361831665
5,146,French,-4.310731410980225,-4.410964012145996
5,147,English,3.922823667526245,3.803414821624756
5,147,French,-5.059045791625977,5.7618088722229
5,148,English,4.396381855010986,-1.9325616359710693
5,148,French,-1.6801879405975342,-4.95591926574707
5,149,English,4.143636226654053,6.937993049621582
5,149,French,-8.079428672790527,6.391846179962158
5,150,English,1.9121487140655518,6.264402389526367
5,150,French,-6.588366985321045,4.3970794677734375
5,151,English,4.222989082336426,-0.8436034917831421
5,151,French,-4.580618858337402,-2.7606849670410156
5,152,English,4.478646278381348,1.8061866760253906
5,152,French,-7.152945041656494,0.9084600806236267
5,153,English,4.824048042297363,-0.4603654742240906
5,153,French,-3.1929526329040527,-4.00218391418457
5,154,English,4.595357418060303,-1.9017457962036133
5,154,French,-2.0657777786254883,-4.656815052032471
5,155,English,4.641660690307617,-2.9817206859588623
5,155,French,-1.765639305114746,-5.639286041259766
5,156,English,4.172817707061768,-3.203260898590088
5,156,French,-1.939935564994812,-6.091145992279053
5,157,English,4.197072982788086,4.465694427490234
5,157,French,-7.974105358123779,2.507117986679077
5,158,English,4.203825950622559,4.650928020477295
5,158,French,-6.776848316192627,2.014169931411743
5,159,English,4.425181865692139,4.117354869842529
5,159,French,-8.995430946350098,5.7567057609558105
5,160,English,4.999551296234131,-2.407435417175293
5,160,French,-2.7550785541534424,-5.598968505859375
5,161,English,4.335671901702881,-0.3518892526626587
5,161,French,-5.0530009269714355,-3.257373094558716
5,162,English,4.648132801055908,2.585019588470459
5,162,French,-4.187036037445068,0.5544775724411011
5,163,English,4.848156929016113,4.050053119659424
5,163,French,-6.924989223480225,3.4713783264160156
5,164,English,4.862977981567383,-1.0410242080688477
5,164,French,-2.989780902862549,-3.1895840167999268
5,165,English,3.102952718734741,4.841012954711914
5,165,French,-3.3787248134613037,0.7079866528511047
5,166,English,4.6516923904418945,6.36797571182251
5,166,French,-7.30075740814209,5.708343505859375
5,167,English,3.9347431659698486,4.47300386428833
5,167,French,-10.890125274658203,5.204086780548096
5,168,English,4.889196872711182,2.89436411857605
5,168,French,-6.211301803588867,4.366527557373047
5,169,English,4.311069965362549,-2.323699951171875
5,169,French,-2.4846622943878174,-5.169496059417725
5,170,English,4.3396830558776855,6.09711217880249
5,170,French,-5.215013027191162,5.59768533706665
5,171,English,4.5611982345581055,2.890249490737915
5,171,French,-4.0953569412231445,2.23144268989563
5,172,English,3.895473003387451,4.691830158233643
5,172,French,-5.275909900665283,4.726926326751709
5,173,English,3.6547629833221436,4.963462829589844
5,173,French,-8.436355590820312,5.058629989624023
5,174,English,4.884364604949951,-3.2682933807373047
5,174,French,-3.8567681312561035,-5.765574932098389
5,175,English,4.415859222412109,-1.4464150667190552
5,175,French,-2.8132474422454834,-3.673804759979248
5,176,English,3.9797186851501465,2.382474422454834
5,176,French,-4.312958717346191,2.124281406402588
5,177,English,3.5940005779266357,-0.5053442716598511
5,177,French,-4.496171951293945,-5.25421142578125
5,178,English,4.621767997741699,2.3600730895996094
5,178,French,-3.6911420822143555,-2.578470468521118
5,179,English,4.593087673187256,-0.7971652150154114
5,179,French,-2.0903780460357666,-2.776566743850708
5,180,English,4.125413417816162,3.687363624572754
5,180,French,-6.630987644195557,4.272344589233398
5,181,English,4.306612968444824,-0.3054535388946533
5,181,French,-1.7464929819107056,-2.6538500785827637
5,182,English,4.234870433807373,1.3524833917617798
5,182,French,-2.1449368000030518,-3.040357828140259
5,183,English,3.8375403881073,-2.642829179763794
5,183,French,-1.822493314743042,-4.8978800773620605
5,184,English,3.851675033569336,5.167558670043945
5,184,French,-5.781373500823975,3.209890842437744
5,185,English,4.865133285522461,-0.7457770109176636
5,185,French,-4.314915180206299,-1.7263877391815186
5,186,English,5.041808605194092,-1.1250646114349365
5,186,French,-3.6093621253967285,-4.3733038902282715
5,187,English,4.727000713348389,-2.851393461227417
5,187,French,-3.0930368900299072,-5.737814903259277
5,188,English,4.389492988586426,-2.2963368892669678
5,188,French,-3.7120707035064697,-4.532282829284668
5,189,English,3.4330320358276367,4.444845199584961
5,189,French,-7.297806739807129,2.7669575214385986
5,190,English,4.154033660888672,7.250133037567139
5,190,French,-5.969967842102051,8.726629257202148
5,191,English,4.624508380889893,5.108765602111816
5,191,French,-8.484073638916016,7.925179481506348
5,192,English,3.4240007400512695,5.654856204986572
5,192,French,-1.972456455230713,2.241133689880371
5,193,English,4.546624183654785,-3.0259571075439453
5,193,French,-3.1298930644989014,-5.7793073654174805
5,194,English,4.326146125793457,-2.0551767349243164
5,194,French,-2.2462403774261475,-4.4804463386535645
5,195,English,4.655437469482422,-2.495018243789673
5,195,French,-2.8829948902130127,-5.226178169250488
5,196,English,4.888820648193359,-3.0494942665100098
5,196,French,-1.71283757686615,-5.950047016143799
5,197,English,4.3887858390808105,-1.48309326171875
5,197,French,-2.653374671936035,-6.082542896270752
5,198,English,4.98878812789917,2.018758535385132
5,198,French,-5.42999267578125,0.11919309943914413
5,199,English,4.33908224105835,-3.3077077865600586
5,199,French,-2.3810596466064453,-5.732544898986816
6,0,English,3.0143377780914307,7.393032073974609
6,0,French,-5.313982009887695,2.9734723567962646
6,1,English,4.203947067260742,0.879538357257843
6,1,French,-2.2432641983032227,-6.252901077270508
6,2,English,2.813354969024658,5.120683670043945
6,2,French,-9.577061653137207,0.34407907724380493
6,3,English,4.6140289306640625,-1.0902725458145142
6,3,French,-0.2102687656879425,-5.054312705993652
6,4,English,5.934821605682373,-3.119810104370117
6,4,French,-1.4238284826278687,-7.3923659324646
6,5,English,2.2503104209899902,7.713669300079346
6,5,French,-10.016965866088867,4.168349742889404
6,6,English,5.219061851501465,-3.632383346557617
6,6,French,0.14264456927776337,-6.236664772033691
6,7,English,5.238373756408691,0.7587736248970032
6,7,French,-1.0480021238327026,-4.904467582702637
6,8,English,0.7692016959190369,5.804750919342041
6,8,French,-5.382040500640869,4.289965629577637
6,9,English,4.040225982666016,1.5244020223617554
6,9,French,-0.5795723795890808,-1.2038500308990479
6,10,English,5.2742414474487305,-0.11673401296138763
6,10,French,-5.6529669761657715,-0.11287005245685577
6,11,English,5.1989850997924805,-0.11477005481719971
6,11,French,-4.341580867767334,-2.1461589336395264
6,12,English,2.1824352741241455,4.100648403167725
6,12,French,-4.5165324211120605,1.9494996070861816
6,13,English,2.4322190284729004,5.411505222320557
6,13,French,-6.45341157913208,2.559018611907959
6,14,English,5.8458380699157715,-1.1745105981826782
6,14,French,-0.38562527298927307,-4.315057277679443
6,15,English,5.427262783050537,-3.0139362812042236
6,15,French,0.8325837254524231,-5.557993412017822
6,16,English,4.583614826202393,2.9340648651123047
6,16,French,-1.4415708780288696,-4.270227432250977
6,17,English,5.10211706161499,1.6653163433074951
6,17,French,-3.412853240966797,-2.745351552963257
6,18,English,2.905461311340332,6.250430107116699
6,18,French,-6.289072513580322,4.241208076477051
6,19,English,5.662714958190918,-2.524214744567871
6,19,French,-0.49912965297698975,-6.616868019104004
6,20,English,3.2398178577423096,3.663630962371826
6,20,French,-7.09247350692749,1.1789988279342651
6,21,English,5.576254367828369,1.0058038234710693
6,21,French,-2.3700766563415527,-4.332866191864014
6,22,English,3.3115034103393555,6.454349994659424
6,22,French,-8.04604721069336,3.811379909515381
6,23,English,5.3935041427612305,-2.870865821838379
6,23,French,-1.2719030380249023,-7.305937767028809
6,24,English,2.9274532794952393,7.474425792694092
6,24,French,-10.346009254455566,5.82792329788208
6,25,English,3.3443167209625244,2.525308847427368
6,25,French,-7.650091171264648,-0.9246485233306885
6,26,English,4.091244697570801,4.0829243659973145
6,26,French,-6.895151615142822,0.896897554397583
6,27,English,5.861469745635986,-1.705204725265503
6,27,French,-2.334541082382202,-5.792566299438477
6,28,English,5.33585786819458,-1.3615468740463257
6,28,French,-1.4097272157669067,-5.533520221710205
6,29,English,4.5670247077941895,1.4314548969268799
6,29,French,-4.155515670776367,-3.134648323059082
6,30,English,3.7437570095062256,0.34877732396125793
6,30,French,0.901172399520874,-3.005145311355591
6,31,English,2.134791851043701,7.0966620445251465
6,31,French,-4.662377834320068,4.209311485290527
6,32,English,5.4170684814453125,-1.6934336423873901
6,32,French,-0.7774394154548645,-5.495717525482178
6,33,English,3.220966339111328,6.5780534744262695
6,33,French,-6.361795902252197,2.99665904045105
6,34,English,3.6090643405914307,3.8673384189605713
6,34,French,-7.539768218994141,1.8191875219345093
6,35,English,2.972511053085327,3.490915060043335
6,35,French,-3.7978615760803223,0.5444998145103455
6,36,English,5.536980152130127,-2.339695692062378
6,36,French,0.7595055103302002,-5.004226207733154
6,37,English,5.135986328125,0.426138699054718
6,37,French,-3.100461721420288,-4.851325035095215
6,38,English,5.7154998779296875,-0.3350537419319153
6,38,French,-1.403113842010498,-7.415600776672363
6,39,English,3.728506326675415,4.112069606781006
6,39,French,-7.139591217041016,-2.5059139728546143
6,40,English,3.155304193496704,6.207189559936523
6,40,French,-10.957316398620605,4.479797840118408
6,41,English,4.028446674346924,5.97951078414917
6,41,French,-9.145256996154785,4.005389213562012
6,42,English,3.288227081298828,5.970661640167236
6,42,French,-5.006806373596191,3.8150789737701416
6,43,English,4.978176116943359,2.989570379257202
6,43,French,-5.24313497543335,-2.59591007232666
6,44,English,3.0974948406219482,7.315731048583984
6,44,French,-9.87196159362793,3.414691209793091
6,45,English,2.9274532794952393,7.474425792694092
6,45,French,-10.862032890319824,6.285724639892578
6,46,English,4.4554314613342285,-1.0814602375030518
6,46,French,-3.203075408935547,-4.447709083557129
6,47,English,4.151576995849609,-0.5055276155471802
6,47,French,-5.074623107910156,-4.418648719787598
6,48,English,5.331686973571777,-1.7076327800750732
6,48,French,-3.200620412826538,-5.304793834686279
6,49,English,4.660110950469971,0.8379004001617432
6,49,French,-0.3829253017902374,-5.509109020233154
6,50,English,5.727510929107666,-1.2275753021240234
6,50,French,-0.8616962432861328,-6.075412273406982
6,51,English,3.4170022010803223,5.893738746643066
6,51,French,-4.5883355140686035,5.246718406677246
6,52,English,4.560703754425049,3.0184874534606934
6,52,French,-8.793013572692871,4.0854291915893555
6,53,English,4.204118251800537,0.975618302822113
6,53,French,-1.834679365158081,-8.095710754394531
6,54,English,5.102627277374268,-0.08104201406240463
6,54,French,-3.0909574031829834,-6.328541278839111
6,55,English,5.2649922370910645,-2.693700075149536
6,55,French,-1.221230149269104,-6.649270534515381
6,56,English,5.646717548370361,-0.05378604680299759
6,56,French,-2.5842671394348145,-5.195024013519287
6,57,English,2.869109630584717,8.099154472351074
6,57,French,-8.656359672546387,6.393047332763672
6,58,English,2.2029964923858643,4.093476295471191
6,58,French,-5.882620334625244,-1.5109463930130005
6,59,English,4.121596336364746,4.935880661010742
6,59,French,-9.832141876220703,2.8362503051757812
6,60,English,4.745152473449707,-0.18499945104122162
6,60,French,-2.662722587585449,-6.514980316162109
6,61,English,2.172243118286133,3.3870909214019775
6,61,French,-4.907799243927002,-1.2942609786987305
6,62,English,4.524635314941406,1.5623178482055664
6,62,French,-4.891550064086914,-4.566747665405273
6,63,English,4.314157009124756,3.8273699283599854
6,63,French,-11.112842559814453,0.8211988806724548
6,64,English,3.250349760055542,0.5236687064170837
6,64,French,-3.155855417251587,-3.1019093990325928
6,65,English,2.8097801208496094,4.304508686065674
6,65,French,-5.65371036529541,2.5234506130218506
6,66,English,2.8538334369659424,4.360872745513916
6,66,French,-3.1810550689697266,0.7829240560531616
6,67,English,3.3222451210021973,7.837161540985107
6,67,French,-9.514220237731934,3.035881519317627
6,68,English,5.309863567352295,-2.161566734313965
6,68,French,-1.442147135734558,-7.280323505401611
6,69,English,5.648785591125488,-2.51147198677063
6,69,French,-2.8242406845092773,-6.242532730102539
6,70,English,2.7574386596679688,6.489808559417725
6,70,French,-8.034460067749023,1.9780853986740112
6,71,English,4.6428632736206055,-1.052294135093689
6,71,French,1.6536957025527954,-3.875124216079712
6,72,English,3.058356285095215,5.8663835525512695
6,72,French,-5.152688980102539,3.1201188564300537
6,73,English,2.4893529415130615,5.842609882354736
6,73,French,-3.793271064758301,-0.04045077785849571
6,74,English,5.152985572814941,-1.6975303888320923
6,74,French,-2.1032304763793945,-6.300753593444824
6,75,English,4.53834342956543,1.0584551095962524
6,75,French,-7.020872116088867,-2.5199191570281982
6,76,English,3.737708806991577,5.356439590454102
6,76,French,-8.919414520263672,3.9743130207061768
6,77,English,3.182241678237915,4.164782524108887
6,77,French,-10.880973815917969,2.6208763122558594
6,78,English,4.452538013458252,-1.9863028526306152
6,78,French,-0.10846848785877228,-4.728213310241699
6,79,English,2.842128038406372,5.239566326141357
6,79,French,-5.528352737426758,2.076859712600708
6,80,English,5.191926002502441,-3.131657123565674
6,80,French,-0.7793060541152954,-6.781820297241211
6,81,English,5.966350555419922,-1.8817434310913086
6,81,French,-0.9817444086074829,-7.1131205558776855
6,82,English,5.816530704498291,-1.98424232006073
6,82,French,-1.5566927194595337,-7.539361953735352
6,83,English,2.5909931659698486,6.892092704772949
6,83,French,-5.626463890075684,0.03543022647500038
6,84,English,5.7167277336120605,-1.2112698554992676
6,84,French,-0.43408942222595215,-4.843757629394531
6,85,English,-0.2106248289346695,5.620822906494141
6,85,French,-4.597919940948486,3.80666446685791
6,86,English,4.538223743438721,3.61565899848938
6,86,French,-5.833601951599121,-1.8614776134490967
6,87,English,5.302148818969727,-1.3702434301376343
6,87,French,-2.1285881996154785,-5.603590965270996
6,88,English,5.349991798400879,-2.822803258895874
6,88,French,-1.3526358604431152,-7.484453201293945
6,89,English,5.179416656494141,-1.3910330533981323
6,89,French,0.32730522751808167,-4.748785018920898
6,90,English,5.891482830047607,-2.709516763687134
6,90,French,-2.0298843383789062,-7.271942138671875
6,91,English,4.9032063484191895,-1.1961116790771484
6,91,French,-3.299039602279663,-6.0684404373168945
6,92,English,4.33609676361084,3.8731563091278076
6,92,French,-3.05119252204895,-4.744976043701172
6,93,English,5.463865280151367,-1.4520636796951294
6,93,French,-1.2996612787246704,-6.319670677185059
6,94,English,5.330956935882568,-0.8650808930397034
6,94,French,-2.8264644145965576,-5.445405006408691
6,95,English,5.012383937835693,-3.472346544265747
6,95,French,-0.9354915618896484,-6.455151081085205
6,96,English,3.2618086338043213,3.3365893363952637
6,96,French,-2.6939005851745605,-4.531341552734375
6,97,English,3.4649839401245117,2.355991840362549
6,97,French,-7.257277011871338,-1.6506093740463257
6,98,English,6.001400947570801,-1.393147349357605
6,98,French,0.32106873393058777,-4.265665531158447
6,99,English,5.148368835449219,-2.0129518508911133
6,99,French,-0.4837605357170105,-6.564028739929199
6,100,English,2.727541208267212,6.829626083374023
6,100,French,-5.8705949783325195,5.329142093658447
6,101,English,5.675793170928955,-1.0370246171951294
6,101,French,-1.6993354558944702,-6.471385955810547
6,102,English,0.10923687368631363,6.950246334075928
6,102,French,-1.6170399188995361,6.435256004333496
6,103,English,2.7650585174560547,6.748022079467773
6,103,French,-5.071786403656006,3.0538809299468994
6,104,English,3.249542474746704,6.213152885437012
6,104,French,-6.190385818481445,4.20521354675293
6,105,English,1.8362101316452026,5.324034214019775
6,105,French,-2.815183401107788,6.592926025390625
6,106,English,5.365116596221924,-0.16445569694042206
6,106,French,-2.035256862640381,-2.612725257873535
6,107,English,3.6423709392547607,4.6802978515625
6,107,French,-5.3259453773498535,-1.771762490272522
6,108,English,3.7568397521972656,3.4647181034088135
6,108,French,-10.914072036743164,3.1010332107543945
6,109,English,2.3183035850524902,5.832420825958252
6,109,French,-6.781911849975586,1.1585673093795776
6,110,English,5.4063005447387695,-2.5211291313171387
6,110,French,-2.955169677734375,-3.616321563720703
6,111,English,3.0828466415405273,1.0122827291488647
6,111,French,-2.899874448776245,0.258472204208374
6,112,English,5.19462776184082,-2.3760688304901123
6,112,French,-1.2189440727233887,-6.638250827789307
6,113,English,3.860412836074829,1.6774448156356812
6,113,French,-7.39195442199707,0.7410405874252319
6,114,English,2.534848213195801,7.580954551696777
6,114,French,-6.656874179840088,2.8490359783172607
6,115,English,5.357817649841309,-1.5526127815246582
6,115,French,-0.9095490574836731,-6.307756423950195
6,116,English,3.478379964828491,6.319034099578857
6,116,French,-9.83178997039795,3.4067740440368652
6,117,English,5.015106678009033,1.5106228590011597
6,117,French,-2.5328991413116455,-1.4514793157577515
6,118,English,3.786111831665039,-4.363019943237305
6,118,French,-1.0924890041351318,-6.475984573364258
6,119,English,5.4539713859558105,-2.1665689945220947
6,119,French,-1.1464526653289795,-7.973190784454346
6,120,English,4.162876129150391,2.48983097076416
6,120,French,-2.835257053375244,-3.3791375160217285
6,121,English,4.617973327636719,0.7819766402244568
6,121,French,-0.9503344893455505,-2.1998953819274902
6,122,English,0.6180853247642517,1.1554325819015503
6,122,French,-1.6725622415542603,-2.410066843032837
6,123,English,3.6219170093536377,6.2932538986206055
6,123,French,-7.971768379211426,1.5867667198181152
6,124,English,0.28441476821899414,5.934576988220215
6,124,French,-8.871240615844727,3.190896987915039
6,125,English,4.011798858642578,5.486857891082764
6,125,French,-9.264264106750488,4.25590181350708
6,126,English,2.9357917308807373,7.092545032501221
6,126,French,-9.47248649597168,6.016584873199463
6,127,English,5.4636149406433105,-2.374089002609253
6,127,French,-2.169651746749878,-5.9851202964782715
6,128,English,3.648264169692993,0.9260852932929993
6,128,French,-2.596503496170044,-4.346827507019043
6,129,English,5.887900352478027,-4.086189270019531
6,129,French,-1.1119928359985352,-6.766662120819092
6,130,English,4.476815223693848,-1.8960051536560059
6,130,French,-1.5682156085968018,-6.997176647186279
6,131,English,5.157412528991699,-2.2451024055480957
6,131,French,-1.051095724105835,-6.593760967254639
6,132,English,5.013723373413086,-2.0882530212402344
6,132,French,-1.1788625717163086,-5.956035137176514
6,133,English,5.601589679718018,-1.4329698085784912
6,133,French,-3.526664972305298,-5.776925563812256
6,134,English,5.342021942138672,-2.1301567554473877
6,134,French,-1.301560878753662,-6.405360221862793
6,135,English,5.4531426429748535,-2.173536539077759
6,135,French,-0.6594736576080322,-6.94193696975708
6,136,English,1.8634674549102783,3.9608144760131836
6,136,French,-2.6325008869171143,3.476663589477539
6,137,English,3.0190465450286865,5.240044116973877
6,137,French,-4.257577419281006,0.2670142650604248
6,138,English,3.6190195083618164,4.712657928466797
6,138,French,-8.087569236755371,4.313337326049805
6,139,English,5.301652431488037,-1.994992971420288
6,139,French,-2.8295772075653076,-5.355660438537598
6,140,English,3.5867397785186768,4.711580753326416
6,140,French,-9.717803001403809,1.8204554319381714
6,141,English,5.485172271728516,-1.360284686088562
6,141,French,-0.4902450442314148,-6.3954548835754395
6,142,English,5.271178245544434,-0.3941131830215454
6,142,French,-2.2097413539886475,-5.787172794342041
6,143,English,5.976018905639648,-2.509599447250366
6,143,French,-2.059880256652832,-7.279027462005615
6,144,English,5.348242282867432,1.5078827142715454
6,144,French,-2.4800164699554443,-4.084964275360107
6,145,English,5.849085807800293,-2.06630277633667
6,145,French,-0.7815521955490112,-7.221652507781982
6,146,English,5.028080940246582,-1.5487232208251953
6,146,French,-2.7070984840393066,-6.072673797607422
6,147,English,2.6375160217285156,5.330873012542725
6,147,French,-7.25438928604126,5.101072311401367
6,148,English,5.26634407043457,-1.4883509874343872
6,148,French,-0.03391614183783531,-5.927160739898682
6,149,English,2.2181930541992188,8.42538833618164
6,149,French,-10.518438339233398,5.150172233581543
6,150,English,0.38461577892303467,7.331486225128174
6,150,French,-8.57407283782959,3.1115787029266357
6,151,English,4.869596004486084,-0.13043364882469177
6,151,French,-3.8674044609069824,-4.275321006774902
6,152,English,3.8886475563049316,3.359302282333374
6,152,French,-7.834881782531738,-0.8726933598518372
6,153,English,5.164169788360596,0.829001784324646
6,153,French,-2.0676167011260986,-4.824997901916504
6,154,English,5.429401397705078,-1.6210163831710815
6,154,French,-0.499946653842926,-5.6882805824279785
6,155,English,5.631676197052002,-2.680513858795166
6,155,French,0.09075750410556793,-6.784981727600098
6,156,English,5.29449987411499,-3.0882959365844727
6,156,French,-0.1894652247428894,-7.195664405822754
6,157,English,3.1795551776885986,6.408440113067627
6,157,French,-8.968221664428711,1.3521547317504883
6,158,English,3.0762531757354736,6.412630558013916
6,158,French,-7.723826885223389,1.1166471242904663
6,159,English,3.1428771018981934,6.1751017570495605
6,159,French,-10.956242561340332,3.5242202281951904
6,160,English,5.822004795074463,-1.6299469470977783
6,160,French,-1.1185696125030518,-7.055943012237549
6,161,English,4.525477409362793,0.9267582297325134
6,161,French,-4.495694160461426,-4.627231597900391
6,162,English,3.781796932220459,5.036146640777588
6,162,French,-4.238125801086426,-0.4921058714389801
6,163,English,3.2641336917877197,6.759496212005615
6,163,French,-8.60476016998291,2.676752805709839
6,164,English,5.444558620452881,0.1679486185312271
6,164,French,-2.366281270980835,-3.6732940673828125
6,165,English,2.532158136367798,4.753538608551025
6,165,French,-3.5070390701293945,-0.15581147372722626
6,166,English,2.3332912921905518,8.433282852172852
6,166,French,-9.465051651000977,4.533008098602295
6,167,English,2.278170585632324,6.660707950592041
6,167,French,-12.782027244567871,2.5048038959503174
6,168,English,4.460107803344727,4.40224552154541
6,168,French,-7.086673736572266,3.248270273208618
6,169,English,5.272318363189697,-2.0915820598602295
6,169,French,-1.0486228466033936,-6.345616817474365
6,170,English,2.6171376705169678,8.088701248168945
6,170,French,-6.855705261230469,5.037459850311279
6,171,English,3.506211996078491,5.257477283477783
6,171,French,-5.423064231872559,1.5180704593658447
6,172,English,2.656215190887451,6.43602991104126
6,172,French,-7.268002510070801,4.10150671005249
6,173,English,2.221623420715332,6.570251941680908
6,173,French,-10.62975788116455,3.5976786613464355
6,174,English,5.920994758605957,-3.014378786087036
6,174,French,-2.1615350246429443,-7.604271411895752
6,175,English,5.168646812438965,-0.6525335907936096
6,175,French,-1.466922640800476,-4.54943323135376
6,176,English,3.171516180038452,4.194153308868408
6,176,French,-5.435031414031982,2.2326560020446777
6,177,English,3.8692471981048584,-0.13187815248966217
6,177,French,-3.235600233078003,-6.503190994262695
6,178,English,4.090933322906494,3.8282859325408936
6,178,French,-3.280151844024658,-2.872292995452881
6,179,English,5.136580944061279,0.1284882128238678
6,179,French,-1.205788016319275,-3.6434080600738525
6,180,English,2.931502103805542,5.479569435119629
6,180,French,-7.851183891296387,3.5032413005828857
6,181,English,4.748198509216309,0.6039482355117798
6,181,French,-1.2231357097625732,-3.223684787750244
6,182,English,3.965707302093506,2.7909486293792725
6,182,French,-1.4688271284103394,-3.4806690216064453
6,183,English,4.933791160583496,-2.7045888900756836
6,183,French,-0.12550047039985657,-6.252689361572266
6,184,English,2.288105010986328,7.164985656738281
6,184,French,-7.475577354431152,2.8380582332611084
6,185,English,5.1555705070495605,0.4405026435852051
6,185,French,-3.997769355773926,-2.7781403064727783
6,186,English,5.689661502838135,-0.06530129164457321
6,186,French,-2.3995094299316406,-5.693330764770508
6,187,English,5.6501288414001465,-2.5532052516937256
6,187,French,-1.363400936126709,-7.364340782165527
6,188,English,5.400208473205566,-1.8416038751602173
6,188,French,-2.3828752040863037,-5.990654945373535
6,189,English,2.0337891578674316,6.070600509643555
6,189,French,-8.472408294677734,1.0590088367462158
6,190,English,2.210993528366089,9.45273208618164
6,190,French,-8.031015396118164,7.585785865783691
6,191,English,3.261657476425171,7.211205959320068
6,191,French,-10.630526542663574,5.712427139282227
6,192,English,2.1987409591674805,6.400813102722168
6,192,French,-2.7719693183898926,2.124911069869995
6,193,English,5.410104751586914,-2.9555015563964844
6,193,French,-1.6534265279769897,-7.1507954597473145
6,194,English,5.158299922943115,-1.6632601022720337
6,194,French,-0.8943280577659607,-5.780946731567383
6,195,English,5.37059211730957,-2.2780466079711914
6,195,French,-1.5763838291168213,-6.61104679107666
6,196,English,6.231381416320801,-2.5604288578033447
6,196,French,0.2257421463727951,-7.042119979858398
6,197,English,5.071240425109863,-0.9061802625656128
6,197,French,-0.9760385155677795,-7.296948432922363
6,198,English,4.20211935043335,3.9640560150146484
6,198,French,-5.783132553100586,-1.3351778984069824
6,199,English,5.422544002532959,-3.2104995250701904
6,199,French,-0.7922422289848328,-7.141671657562256
7,0,English,-1.0374584197998047,8.647957801818848
7,0,French,7.474836826324463,2.3037002086639404
7,1,English,-4.790554523468018,1.9551464319229126
7,1,French,0.44433876872062683,-7.527437686920166
7,2,English,-2.0076537132263184,6.1780877113342285
7,2,French,9.826494216918945,-2.1780409812927246
7,3,English,-5.541556358337402,0.00263695465400815
7,3,French,-0.9561129808425903,-5.785516738891602
7,4,English,-7.7554402351379395,-2.104055881500244
7,4,French,-0.39425167441368103,-8.657692909240723
7,5,English,-0.026934316381812096,9.22784423828125
7,5,French,12.126877784729004,1.755394458770752
7,6,English,-6.688990116119385,-2.3173749446868896
7,6,French,-1.4139453172683716,-7.177722930908203
7,7,English,-5.844042778015137,1.9558067321777344
7,7,French,-0.11757439374923706,-5.788671016693115
7,8,English,0.49398136138916016,7.086769104003906
7,8,French,7.260321140289307,3.550445079803467
7,9,English,-4.032635688781738,2.797513723373413
7,9,French,0.08638694882392883,-1.7246724367141724
7,10,English,-5.881308078765869,1.153725504875183
7,10,French,6.2584919929504395,-2.0370051860809326
7,11,English,-6.067178249359131,1.1352617740631104
7,11,French,3.9552319049835205,-3.465078115463257
7,12,English,-1.3319910764694214,4.915286540985107
7,12,French,6.3364481925964355,0.8879834413528442
7,13,English,-1.4103423357009888,6.345444679260254
7,13,French,7.547451496124268,0.5328212380409241
7,14,English,-7.026839256286621,-0.1255035251379013
7,14,French,-0.5273160934448242,-5.521634101867676
7,15,English,-6.895242691040039,-1.8024146556854248
7,15,French,-2.193997859954834,-6.216761589050293
7,16,English,-4.284873962402344,4.3294243812561035
7,16,French,0.5945987105369568,-4.997771739959717
7,17,English,-4.955868244171143,3.140888214111328
7,17,French,3.562154769897461,-4.607253074645996
7,18,English,-1.2646434307098389,7.654470920562744
7,18,French,7.856769561767578,3.7958691120147705
7,19,English,-6.9190287590026855,-1.5495707988739014
7,19,French,-0.9991812705993652,-8.085033416748047
7,20,English,-2.827186107635498,4.4693498611450195
7,20,French,7.976808071136475,-1.138447642326355
7,21,English,-5.912933349609375,2.5823633670806885
7,21,French,1.297411322593689,-5.65578031539917
7,22,English,-1.8368264436721802,8.320873260498047
7,22,French,9.660602569580078,2.629932165145874
7,23,English,-6.8419060707092285,-1.645380973815918
7,23,French,-0.2536682188510895,-8.698837280273438
7,24,English,-0.31357890367507935,10.04356575012207
7,24,French,12.225932121276855,3.5676686763763428
7,25,English,-3.285501718521118,3.332622766494751
7,25,French,7.7637786865234375,-3.6372172832489014
7,26,English,-3.270718574523926,5.355075836181641
7,26,French,8.120890617370605,0.1465756893157959
7,27,English,-7.058350086212158,-0.6535808444023132
7,27,French,1.0319807529449463,-7.235880374908447
7,28,English,-6.430348873138428,-0.001713547739200294
7,28,French,-0.06402427703142166,-6.5424885749816895
7,29,English,-4.654754161834717,2.6791436672210693
7,29,French,3.617232084274292,-4.437992095947266
7,30,English,-3.9184796810150146,1.4728962182998657
7,30,French,-1.8451752662658691,-3.06516170501709
7,31,English,0.24275413155555725,9.149396896362305
7,31,French,6.388201713562012,4.362106800079346
7,32,English,-6.705432891845703,-0.2907865643501282
7,32,French,-0.6185051798820496,-6.7491302490234375
7,33,English,-1.4557316303253174,8.569168090820312
7,33,French,7.836948394775391,2.098299741744995
7,34,English,-2.7531087398529053,5.292388916015625
7,34,French,9.18200397491455,0.28973349928855896
7,35,English,-1.9854443073272705,5.073206424713135
7,35,French,4.974526882171631,0.009996936656534672
7,36,English,-6.857316970825195,-1.3459538221359253
7,36,French,-1.7767807245254517,-5.711690902709961
7,37,English,-5.462065696716309,2.1940181255340576
7,37,French,1.8966854810714722,-6.476865768432617
7,38,English,-6.63085412979126,0.7768589854240417
7,38,French,-0.207734152674675,-8.028100967407227
7,39,English,-3.20402455329895,5.313403606414795
7,39,French,6.693091869354248,-4.941324710845947
7,40,English,-1.1436123847961426,8.069864273071289
7,40,French,13.165950775146484,2.800896644592285
7,41,English,-2.243072509765625,7.710704326629639
7,41,French,10.655970573425293,2.546529769897461
7,42,English,-1.6247024536132812,8.302475929260254
7,42,French,7.06691312789917,3.448035717010498
7,43,English,-4.531984329223633,4.789820194244385
7,43,French,4.849642276763916,-4.097579479217529
7,44,English,-1.5013853311538696,8.647608757019043
7,44,French,10.72018051147461,0.9129869341850281
7,45,English,-0.31357890367507935,10.04356575012207
7,45,French,12.711326599121094,4.188932418823242
7,46,English,-5.38408899307251,-0.20295998454093933
7,46,French,2.494537115097046,-6.007381916046143
7,47,English,-4.723508358001709,0.4158661365509033
7,47,French,4.08021354675293,-6.360085964202881
7,48,English,-6.511721134185791,-0.25846365094184875
7,48,French,2.0448038578033447,-7.118481636047363
7,49,English,-5.346618175506592,1.424094796180725
7,49,French,-0.9421157836914062,-6.6657304763793945
7,50,English,-7.150753498077393,-0.10361805558204651
7,50,French,-0.8952685594558716,-7.041133403778076
7,51,English,-1.8310010433197021,7.811947822570801
7,51,French,6.892348289489746,5.567749500274658
7,52,English,-4.245611667633057,4.454983234405518
7,52,French,10.569379806518555,3.0066521167755127
7,53,English,-4.1984639167785645,2.26096773147583
7,53,French,0.17880214750766754,-9.275547981262207
7,54,English,-6.009647846221924,1.1513115167617798
7,54,French,1.751091718673706,-7.520046234130859
7,55,English,-6.863136291503906,-1.9988209009170532
7,55,French,-0.231471985578537,-8.128686904907227
7,56,English,-6.472671985626221,1.2123141288757324
7,56,French,1.284525990486145,-6.238025188446045
7,57,English,-0.6822570562362671,10.072400093078613
7,57,French,11.459548950195312,5.340814590454102
7,58,English,-1.33684241771698,5.479099750518799
7,58,French,6.157055377960205,-3.7672030925750732
7,59,English,-2.936736583709717,6.552995204925537
7,59,French,11.219884872436523,1.4458017349243164
7,60,English,-5.164848804473877,1.3028404712677002
7,60,French,1.4704351425170898,-7.979731559753418
7,61,English,-1.9382280111312866,3.8732216358184814
7,61,French,4.851560592651367,-3.0243337154388428
7,62,English,-4.658031463623047,2.713533878326416
7,62,French,3.821267604827881,-6.291083335876465
7,63,English,-3.796304941177368,4.640426158905029
7,63,French,12.146395683288574,-2.342355489730835
7,64,English,-3.391615152359009,1.2523947954177856
7,64,French,2.9310009479522705,-4.44120979309082
7,65,English,-2.1551175117492676,5.189699649810791
7,65,French,7.353198528289795,1.8839441537857056
7,66,English,-1.7948070764541626,5.749309539794922
7,66,French,4.5219244956970215,-0.15447942912578583
7,67,English,-1.4351967573165894,9.332137107849121
7,67,French,11.018892288208008,1.995293378829956
7,68,English,-6.400026798248291,-0.91180819272995
7,68,French,0.07696563750505447,-8.43259334564209
7,69,English,-7.068276405334473,-1.183858036994934
7,69,French,1.22730553150177,-7.602437973022461
7,70,English,-1.0214204788208008,7.8273396492004395
7,70,French,8.558337211608887,-0.1217145323753357
7,71,English,-5.974602699279785,-0.3996310532093048
7,71,French,-2.9370596408843994,-4.392347812652588
7,72,English,-1.9481019973754883,6.773717880249023
7,72,French,6.840941429138184,1.745295524597168
7,73,English,-1.1756272315979004,7.349949359893799
7,73,French,4.2132768630981445,-1.3003664016723633
7,74,English,-6.194418430328369,-0.6215882301330566
7,74,French,0.9841675162315369,-7.79495096206665
7,75,English,-4.903647422790527,2.2796006202697754
7,75,French,6.469731330871582,-4.428596019744873
7,76,English,-2.6314826011657715,6.822801113128662
7,76,French,10.959217071533203,3.1273353099823
7,77,English,-2.100100040435791,4.90948486328125
7,77,French,12.641815185546875,0.0033455986995249987
7,78,English,-5.7097649574279785,-1.2236151695251465
7,78,French,-1.268423318862915,-5.753170013427734
7,79,English,-1.3280763626098633,7.106430530548096
7,79,French,6.685344219207764,1.3904602527618408
7,80,English,-6.783416748046875,-2.206925868988037
7,80,French,-0.8725816607475281,-7.587035179138184
7,81,English,-7.389493942260742,-0.9830042123794556
7,81,French,-0.48553574085235596,-8.01828670501709
7,82,English,-6.984011173248291,-1.072126030921936
7,82,French,-0.28258082270622253,-8.648550987243652
7,83,English,-0.8807448744773865,8.339839935302734
7,83,French,5.938156604766846,-1.4652446508407593
7,84,English,-6.9536590576171875,-0.0019625485874712467
7,84,French,-0.8717933893203735,-5.432614803314209
7,85,English,1.1900668144226074,6.681229591369629
7,85,French,5.769050598144531,3.247894525527954
7,86,English,-4.175402641296387,4.885333061218262
7,86,French,5.586759567260742,-3.1872684955596924
7,87,English,-6.368823051452637,-0.14775781333446503
7,87,French,1.0420228242874146,-6.898932456970215
7,88,English,-7.13861608505249,-1.9037290811538696
7,88,French,-0.35855451226234436,-8.710411071777344
7,89,English,-6.3199992179870605,-0.1761007010936737
7,89,French,-1.4090532064437866,-5.421097755432129
7,90,English,-7.489442348480225,-1.6884135007858276
7,90,French,0.3858482539653778,-8.39981746673584
7,91,English,-6.388535976409912,-0.533521831035614
7,91,French,1.6812140941619873,-7.962551116943359
7,92,English,-3.6094582080841064,5.1573100090026855
7,92,French,2.195122241973877,-6.758134841918945
7,93,English,-6.512139797210693,-0.2288462221622467
7,93,French,0.008581902831792831,-7.799596309661865
7,94,English,-6.385857582092285,0.3693895637989044
7,94,French,1.3921467065811157,-6.50170373916626
7,95,English,-6.411604404449463,-2.2733240127563477
7,95,French,-0.365377277135849,-7.095510482788086
7,96,English,-2.4547128677368164,4.92249059677124
7,96,French,2.367255687713623,-6.247555255889893
7,97,English,-2.9127941131591797,3.205005407333374
7,97,French,6.90929651260376,-3.699864387512207
7,98,English,-7.293503761291504,-0.22152891755104065
7,98,French,-1.6070225238800049,-5.1133294105529785
7,99,English,-6.325353145599365,-0.8711746335029602
7,99,French,-0.9565901756286621,-7.604610443115234
7,100,English,-1.1161836385726929,8.575908660888672
7,100,French,7.792974948883057,4.58485221862793
7,101,English,-6.669388294219971,-0.04789881408214569
7,101,French,0.06504188477993011,-7.553282737731934
7,102,English,2.283771276473999,8.655219078063965
7,102,French,4.032412528991699,7.295241355895996
7,103,English,-0.48142755031585693,9.00995922088623
7,103,French,6.176030158996582,2.2730302810668945
7,104,English,-1.749326229095459,7.531659126281738
7,104,French,8.121487617492676,3.1346805095672607
7,105,English,0.16124635934829712,7.145451068878174
7,105,French,5.05519962310791,6.945837020874023
7,106,English,-6.3259992599487305,1.0431132316589355
7,106,French,1.3678842782974243,-3.3314321041107178
7,107,English,-2.225184917449951,6.211974620819092
7,107,French,5.723367214202881,-3.162628650665283
7,108,English,-3.2692677974700928,4.6604323387146
7,108,French,12.498842239379883,0.6148182153701782
7,109,English,-0.6448154449462891,7.554933071136475
7,109,French,8.104450225830078,-0.262434720993042
7,110,English,-6.966691493988037,-1.7953914403915405
7,110,French,2.444103240966797,-4.644644260406494
7,111,English,-2.7951977252960205,2.3522229194641113
7,111,French,3.6213793754577637,-0.5455604195594788
7,112,English,-6.525043964385986,-1.1381573677062988
7,112,French,-0.2643466293811798,-8.256531715393066
7,113,English,-3.5777366161346436,2.599674940109253
7,113,French,7.727414131164551,-1.912049651145935
7,114,English,-0.20004722476005554,9.535944938659668
7,114,French,8.120369911193848,0.9708952307701111
7,115,English,-6.486152172088623,-0.40172094106674194
7,115,French,-0.3479907512664795,-7.795048236846924
7,116,English,-1.9971421957015991,8.026065826416016
7,116,French,11.304047584533691,1.3117096424102783
7,117,English,-5.281482219696045,2.5069100856781006
7,117,French,2.5482280254364014,-2.0569441318511963
7,118,English,-5.045273303985596,-4.396407604217529
7,118,French,-0.5202545523643494,-7.603659152984619
7,119,English,-6.977187156677246,-1.1440171003341675
7,119,French,-0.689453661441803,-8.96694564819336
7,120,English,-4.066014766693115,4.242217063903809
7,120,French,2.401984453201294,-4.23158073425293
7,121,English,-5.073929786682129,2.039388418197632
7,121,French,0.4020387828350067,-2.8616249561309814
7,122,English,-0.4893162250518799,1.4746308326721191
7,122,French,0.8504188656806946,-3.2379226684570312
7,123,English,-2.070990800857544,7.751089096069336
7,123,French,8.879779815673828,-0.5295056700706482
7,124,English,2.014615774154663,7.158127307891846
7,124,French,10.328190803527832,0.7516759037971497
7,125,English,-2.482529878616333,7.17250919342041
7,125,French,11.119439125061035,2.3257739543914795
7,126,English,-0.2261439710855484,9.579947471618652
7,126,French,12.14159107208252,4.778800010681152
7,127,English,-6.968193054199219,-1.218011736869812
7,127,French,0.773777186870575,-7.451286792755127
7,128,English,-4.298732280731201,1.826728343963623
7,128,French,1.857701301574707,-6.106080055236816
7,129,English,-7.78587007522583,-3.0737688541412354
7,129,French,-0.32590344548225403,-8.097673416137695
7,130,English,-5.850509166717529,-0.8798567652702332
7,130,French,-0.0709533542394638,-8.319452285766602
7,131,English,-6.301798343658447,-1.102624773979187
7,131,French,-0.42499715089797974,-7.439023494720459
7,132,English,-6.24429988861084,-0.9813666343688965
7,132,French,-0.17576053738594055,-6.93792200088501
7,133,English,-6.828912258148193,-0.1469803899526596
7,133,French,2.198631525039673,-7.268908500671387
7,134,English,-6.515042781829834,-0.9910361170768738
7,134,French,-0.3085912764072418,-7.346488952636719
7,135,English,-6.9405975341796875,-1.169390320777893
7,135,French,-0.9712274074554443,-7.872408866882324
7,136,English,-0.9231817722320557,5.414700984954834
7,136,French,5.1655449867248535,3.1020936965942383
7,137,English,-2.025599241256714,6.593671798706055
7,137,French,4.548293113708496,-0.7463700175285339
7,138,English,-2.705082654953003,5.800421714782715
7,138,French,10.383755683898926,2.681347608566284
7,139,English,-6.339047908782959,-0.8965204358100891
7,139,French,1.8570826053619385,-6.629871845245361
7,140,English,-2.9379019737243652,5.946690559387207
7,140,French,10.103300094604492,-1.213297724723816
7,141,English,-6.6428046226501465,-0.21937884390354156
7,141,French,-1.109513282775879,-7.283745288848877
7,142,English,-5.904852867126465,0.9040291905403137
7,142,French,1.0744730234146118,-7.092746734619141
7,143,English,-7.387042045593262,-1.1948751211166382
7,143,French,0.32510313391685486,-8.93273639678955
7,144,English,-5.694453716278076,3.0945043563842773
7,144,French,1.3831977844238281,-5.049673557281494
7,145,English,-7.1686930656433105,-0.8809572458267212
7,145,French,-0.6512768864631653,-8.599468231201172
7,146,English,-6.088399887084961,0.019333375617861748
7,146,French,1.1677277088165283,-7.565804481506348
7,147,English,-1.291852355003357,6.20803689956665
7,147,French,9.474508285522461,3.32930326461792
7,148,English,-6.062126159667969,-0.35894083976745605
7,148,French,-1.5033032894134521,-6.7490363121032715
7,149,English,0.7035862803459167,10.235822677612305
7,149,French,12.285276412963867,3.613208532333374
7,150,English,2.2249059677124023,9.01630973815918
7,150,French,9.35482406616211,0.6248293519020081
7,151,English,-5.406723499298096,0.7969889044761658
7,151,French,2.7689552307128906,-6.509289264678955
7,152,English,-3.563737392425537,4.249179363250732
7,152,French,7.769935131072998,-3.385741949081421
7,153,English,-5.051011085510254,2.285583972930908
7,153,French,1.5937726497650146,-5.800678730010986
7,154,English,-6.699410915374756,-0.30027472972869873
7,154,French,-0.929365873336792,-6.521170616149902
7,155,English,-7.084407329559326,-1.5095016956329346
7,155,French,-1.8624169826507568,-7.719176769256592
7,156,English,-7.109481334686279,-2.2047841548919678
7,156,French,-1.8361291885375977,-8.443930625915527
7,157,English,-1.425262451171875,8.159421920776367
7,157,French,10.411553382873535,-0.5559243559837341
7,158,English,-1.6923447847366333,8.002655029296875
7,158,French,8.632129669189453,-0.2657318115234375
7,159,English,-0.9367876648902893,8.304179191589355
7,159,French,12.223236083984375,0.9688674807548523
7,160,English,-6.990081310272217,-0.21575234830379486
7,160,French,-0.5701587796211243,-8.535202980041504
7,161,English,-4.6107378005981445,2.20762038230896
7,161,French,3.3647937774658203,-6.135354995727539
7,162,English,-2.531848907470703,6.753530979156494
7,162,French,4.043356418609619,-2.090461015701294
7,163,English,-1.5938388109207153,8.549839973449707
7,163,French,10.041993141174316,0.5595741868019104
7,164,English,-6.255998134613037,1.616732120513916
7,164,French,1.38023042678833,-4.290247440338135
7,165,English,-1.9501358270645142,5.674527168273926
7,165,French,3.3370659351348877,-1.2393962144851685
7,166,English,0.33358636498451233,10.85113525390625
7,166,French,11.431267738342285,3.52327036857605
7,167,English,0.22949428856372833,8.52495002746582
7,167,French,13.428180694580078,-0.6013732552528381
7,168,English,-3.585911273956299,5.726515769958496
7,168,French,8.949122428894043,1.644179105758667
7,169,English,-6.473864555358887,-0.8050439953804016
7,169,French,-0.3360975980758667,-7.432769298553467
7,170,English,-0.2647542953491211,9.939166069030762
7,170,French,8.782049179077148,4.5072174072265625
7,171,English,-2.3422865867614746,6.15579080581665
7,171,French,6.811073303222656,-0.07806822657585144
7,172,English,-0.9064833521842957,7.5787248611450195
7,172,French,9.058025360107422,2.3219053745269775
7,173,English,-0.5358349084854126,8.127564430236816
7,173,French,12.489264488220215,1.5316169261932373
7,174,English,-7.4943037033081055,-1.995309591293335
7,174,French,0.34494349360466003,-9.268080711364746
7,175,English,-5.978567123413086,0.40054014325141907
7,175,French,0.39122045040130615,-5.644418239593506
7,176,English,-2.3274478912353516,5.733679294586182
7,176,French,7.0166497230529785,1.5526288747787476
7,177,English,-4.627371788024902,0.9232787489891052
7,177,French,1.7319626808166504,-7.726490020751953
7,178,English,-3.363706350326538,5.716949939727783
7,178,French,2.568922281265259,-3.821528196334839
7,179,English,-5.507936477661133,1.4860984086990356
7,179,French,0.2846108675003052,-4.6567063331604
7,180,English,-1.6625343561172485,7.3136796951293945
7,180,French,9.363003730773926,2.5986223220825195
7,181,English,-5.243625164031982,1.5108321905136108
7,181,French,0.6779515147209167,-4.639788627624512
7,182,English,-3.342749834060669,4.303524494171143
7,182,French,0.7956523299217224,-4.716278553009033
7,183,English,-6.473270893096924,-1.9275879859924316
7,183,French,-1.6012217998504639,-7.476175785064697
7,184,English,-0.30748966336250305,8.954795837402344
7,184,French,8.861172676086426,1.4071236848831177
7,185,English,-5.903594493865967,1.638420820236206
7,185,French,3.791771650314331,-4.275015830993652
7,186,English,-6.429129123687744,1.627177357673645
7,186,French,1.180923342704773,-6.958747863769531
7,187,English,-7.3823418617248535,-1.7684447765350342
7,187,French,-0.46468794345855713,-8.75288200378418
7,188,English,-6.636159420013428,-0.4572365880012512
7,188,French,1.0736734867095947,-7.455912113189697
7,189,English,-0.4674886465072632,6.949145793914795
7,189,French,9.128741264343262,-1.2233099937438965
7,190,English,0.3809634745121002,11.027514457702637
7,190,French,10.51247787475586,7.103113174438477
7,191,English,-1.4499417543411255,8.634589195251465
7,191,French,13.333106994628906,4.082920551300049
7,192,English,0.08712790161371231,9.12051010131836
7,192,French,4.3478803634643555,2.0910134315490723
7,193,English,-6.745931148529053,-1.8206672668457031
7,193,French,0.29044756293296814,-8.036389350891113
7,194,English,-6.607038497924805,-0.8965107202529907
7,194,French,-0.5356824994087219,-7.534061431884766
7,195,English,-6.315078258514404,-0.9475571513175964
7,195,French,0.25896039605140686,-7.3820390701293945
7,196,English,-7.779735565185547,-0.9292758703231812
7,196,French,-2.1668848991394043,-8.016189575195312
7,197,English,-6.200352191925049,0.0659942626953125
7,197,French,-0.8107565641403198,-8.263677597045898
7,198,English,-3.078735828399658,6.099228382110596
7,198,French,6.101621150970459,-2.491715431213379
7,199,English,-7.121369361877441,-2.3604586124420166
7,199,French,-0.82480388879776,-8.201338768005371
8,0,English,5.157590389251709,8.274307250976562
8,0,French,9.885096549987793,-3.269493341445923
8,1,English,-1.6874456405639648,4.805867671966553
8,1,French,-4.8263444900512695,-6.711400985717773
8,2,English,3.2232415676116943,6.725152492523193
8,2,French,7.747332572937012,-8.098857879638672
8,3,English,-5.289308547973633,4.020778656005859
8,3,French,-5.1790080070495605,-4.3254265785217285
8,4,English,-8.491618156433105,3.530298948287964
8,4,French,-6.960512161254883,-7.24760627746582
8,5,English,7.509787559509277,7.876487731933594
8,5,French,14.249388694763184,-7.0791707038879395
8,6,English,-7.967310905456543,2.503744125366211
8,6,French,-6.951344013214111,-5.439210414886475
8,7,English,-3.951810121536255,5.464182376861572
8,7,French,-4.332855224609375,-4.916348457336426
8,8,English,5.868527412414551,5.98463773727417
8,8,French,7.987049579620361,-0.7329158782958984
8,9,English,-1.862025260925293,5.388725757598877
8,9,French,-2.1097254753112793,-1.1687605381011963
8,10,English,-4.496456146240234,5.238498210906982
8,10,French,4.3613786697387695,-6.138444900512695
8,11,English,-4.564607620239258,5.138041973114014
8,11,French,2.4744880199432373,-6.27129602432251
8,12,English,2.222402572631836,5.204946517944336
8,12,French,5.622749328613281,-3.718447208404541
8,13,English,2.690267562866211,6.601619243621826
8,13,French,6.331784248352051,-4.0739030838012695
8,14,English,-6.054898738861084,4.5854716300964355
8,14,French,-4.146481990814209,-5.14556360244751
8,15,English,-8.007850646972656,2.846526622772217
8,15,French,-6.719885349273682,-3.9636075496673584
8,16,English,-0.9695013761520386,6.48281192779541
8,16,French,-3.108548879623413,-4.70916223526001
8,17,English,-2.342775344848633,6.170753002166748
8,17,French,-0.40025919675827026,-6.364950656890869
8,18,English,4.420651912689209,7.33303689956665
8,18,French,9.542141914367676,-1.8271703720092773
8,19,English,-7.956562519073486,3.2635200023651123
8,19,French,-7.008914947509766,-6.214135646820068
8,20,English,-0.08852869272232056,6.238735198974609
8,20,French,5.019118785858154,-5.715597629547119
8,21,English,-4.199376106262207,6.281581878662109
8,21,French,-3.2029550075531006,-5.908239364624023
8,22,English,3.9462978839874268,8.926142692565918
8,22,French,10.718463897705078,-3.936694622039795
8,23,English,-7.663695812225342,3.2036218643188477
8,23,French,-6.593216896057129,-7.898550987243652
8,24,English,8.402928352355957,8.268168449401855
8,24,French,13.894179344177246,-3.861175060272217
8,25,English,-0.7155880928039551,4.9612135887146
8,25,French,4.137998104095459,-8.391927719116211
8,26,English,0.8314931988716125,6.811741352081299
8,26,French,8.538839340209961,-5.976588726043701
8,27,English,-7.340855598449707,3.9897541999816895
8,27,French,-4.715493202209473,-6.779055118560791
8,28,English,-6.046321392059326,4.477964401245117
8,28,French,-4.613405704498291,-5.161104202270508
8,29,English,-1.787838101387024,5.118073463439941
8,29,French,-0.9502173066139221,-6.2638044357299805
8,30,English,-2.59810471534729,3.7652206420898438
8,30,French,-4.186074733734131,-1.3265455961227417
8,31,English,8.962093353271484,7.638156890869141
8,31,French,11.286065101623535,0.2448364943265915
8,32,English,-6.306209564208984,4.136240482330322
8,32,French,-5.5720295906066895,-5.770089149475098
8,33,English,4.062750339508057,8.510016441345215
8,33,French,8.944596290588379,-2.9511337280273438
8,34,English,1.7616313695907593,6.110814094543457
8,34,French,8.911430358886719,-6.1499176025390625
8,35,English,0.6412619948387146,6.136025428771973
8,35,French,6.247570991516113,-3.659975528717041
8,36,English,-7.720254421234131,3.638788938522339
8,36,French,-6.310480117797852,-3.672537326812744
8,37,English,-3.537752151489258,5.73190450668335
8,37,French,-3.427096366882324,-6.623039722442627
8,38,English,-5.290375232696533,5.420574188232422
8,38,French,-5.976827144622803,-7.1412458419799805
8,39,English,1.5289232730865479,6.960830211639404
8,39,French,2.7582969665527344,-8.841598510742188
8,40,English,5.474730491638184,7.304686069488525
8,40,French,15.26821517944336,-6.081809043884277
8,41,English,3.8129987716674805,7.912946701049805
8,41,French,12.339945793151855,-4.73716402053833
8,42,English,5.419605255126953,8.081424713134766
8,42,French,8.877341270446777,-1.2060127258300781
8,43,English,-0.6821768283843994,6.930663585662842
8,43,French,0.7879294157028198,-6.72238302230835
8,44,English,3.8644278049468994,8.451661109924316
8,44,French,9.827580451965332,-5.997800827026367
8,45,English,8.402928352355957,8.268168449401855
8,45,French,14.283902168273926,-3.68921160697937
8,46,English,-5.8075995445251465,3.304090976715088
8,46,French,-3.144684076309204,-7.077069282531738
8,47,English,-4.374084949493408,3.6905362606048584
8,47,French,-1.5051645040512085,-8.38532543182373
8,48,English,-6.978828430175781,3.8801941871643066
8,48,French,-3.8913493156433105,-7.666075706481934
8,49,English,-4.309780597686768,5.095906734466553
8,49,French,-5.784640312194824,-5.1668853759765625
8,50,English,-7.052717208862305,4.601019859313965
8,50,French,-6.386966228485107,-5.356138229370117
8,51,English,3.929952383041382,8.157301902770996
8,51,French,10.078740119934082,0.7123983502388
8,52,English,0.06912704557180405,6.870316028594971
8,52,French,11.382547378540039,-4.032352447509766
8,53,English,-2.2409403324127197,4.984716892242432
8,53,French,-6.545820713043213,-9.089866638183594
8,54,English,-4.8321533203125,5.0592570304870605
8,54,French,-3.29599928855896,-8.055218696594238
8,55,English,-7.640693664550781,2.909895896911621
8,55,French,-6.568370342254639,-7.018206596374512
8,56,English,-5.149605751037598,5.355811595916748
8,56,French,-3.0863265991210938,-6.119357109069824
8,57,English,5.643404006958008,8.35677719116211
8,57,French,15.192572593688965,-2.4604012966156006
8,58,English,4.277496337890625,5.918428897857666
8,58,French,3.05197811126709,-7.596296310424805
8,59,English,1.1870100498199463,7.732381820678711
8,59,French,12.166274070739746,-6.253932476043701
8,60,English,-4.009274482727051,4.791623115539551
8,60,French,-4.676507949829102,-8.177092552185059
8,61,English,0.6467173099517822,4.619953632354736
8,61,French,2.8129494190216064,-6.0218706130981445
8,62,English,-1.4944849014282227,5.5411577224731445
8,62,French,-1.078019142150879,-8.070671081542969
8,63,English,-0.20389556884765625,5.993834495544434
8,63,French,8.916925430297852,-10.995908737182617
8,64,English,-2.937713623046875,3.57973051071167
8,64,French,-1.6894688606262207,-5.4727373123168945
8,65,English,0.6015312671661377,5.907980918884277
8,65,French,8.360861778259277,-3.033174991607666
8,66,English,3.34305477142334,6.336132049560547
8,66,French,5.536051273345947,-3.026257276535034
8,67,English,4.731276988983154,9.058797836303711
8,67,French,11.880353927612305,-4.819923400878906
8,68,English,-7.201508522033691,3.4012417793273926
8,68,French,-6.621830463409424,-7.458165645599365
8,69,English,-7.618098735809326,3.551943063735962
8,69,French,-5.419844627380371,-7.441614627838135
8,70,English,4.212157249450684,7.375040054321289
8,70,French,7.691249847412109,-5.1943359375
8,71,English,-6.504371166229248,3.5069987773895264
8,71,French,-6.43984842300415,-1.6860560178756714
8,72,English,2.609740734100342,7.404006004333496
8,72,French,8.156492233276367,-3.1308698654174805
8,73,English,3.926931858062744,7.825258731842041
8,73,French,2.9453125,-3.596205234527588
8,74,English,-6.185705184936523,3.6145224571228027
8,74,French,-4.669784069061279,-7.233198165893555
8,75,English,-2.9193403720855713,4.846945762634277
8,75,French,2.029387950897217,-8.397010803222656
8,76,English,1.8653110265731812,8.16606330871582
8,76,French,13.962584495544434,-5.051541805267334
8,77,English,1.480444312095642,5.563802242279053
8,77,French,12.481492042541504,-8.061760902404785
8,78,English,-6.267967224121094,2.7598342895507812
8,78,French,-5.568756103515625,-3.7420690059661865
8,79,English,6.015890121459961,6.775463104248047
8,79,French,8.452559471130371,-3.814612627029419
8,80,English,-8.245657920837402,2.4969747066497803
8,80,French,-6.70488977432251,-5.8288421630859375
8,81,English,-7.583092212677002,4.108138084411621
8,81,French,-6.029390811920166,-6.881725311279297
8,82,English,-7.095248222351074,3.7882273197174072
8,82,French,-6.254423141479492,-7.307744979858398
8,83,English,5.864617347717285,7.914011001586914
8,83,French,3.739119529724121,-5.435347557067871
8,84,English,-6.432277679443359,4.71661901473999
8,84,French,-5.213840961456299,-4.0316162109375
8,85,English,5.51629114151001,4.483886241912842
8,85,French,9.261120796203613,-1.3087128400802612
8,86,English,-0.6057962775230408,6.744740962982178
8,86,French,2.5424094200134277,-6.131887435913086
8,87,English,-6.4708685874938965,4.109637260437012
8,87,French,-4.88804292678833,-7.070613384246826
8,88,English,-7.878716468811035,3.111177682876587
8,88,French,-6.614260673522949,-7.5543999671936035
8,89,English,-6.500918388366699,4.404242992401123
8,89,French,-5.82241153717041,-3.3802852630615234
8,90,English,-8.048864364624023,3.3190481662750244
8,90,French,-5.774017333984375,-7.885051727294922
8,91,English,-6.466183185577393,3.5148515701293945
8,91,French,-5.138509273529053,-8.442570686340332
8,92,English,0.42077580094337463,6.8893513679504395
8,92,French,-3.1587166786193848,-7.697710990905762
8,93,English,-6.718517303466797,3.9715020656585693
8,93,French,-6.0790181159973145,-7.1296892166137695
8,94,English,-5.567356586456299,4.361324310302734
8,94,French,-3.6486921310424805,-6.72551965713501
8,95,English,-7.656218528747559,1.914680004119873
8,95,French,-5.686190128326416,-6.046411514282227
8,96,English,0.5287817716598511,5.911365985870361
8,96,French,-2.770409107208252,-7.027964115142822
8,97,English,0.8220608830451965,4.901984691619873
8,97,French,3.9888086318969727,-8.092036247253418
8,98,English,-7.0436224937438965,4.804649829864502
8,98,French,-5.812924385070801,-2.831848382949829
8,99,English,-6.49885368347168,3.338718891143799
8,99,French,-6.2736711502075195,-5.8173508644104
8,100,English,6.1570820808410645,8.254467010498047
8,100,French,11.137947082519531,-1.2170811891555786
8,101,English,-5.4480299949646,4.327879905700684
8,101,French,-5.626030445098877,-6.30244779586792
8,102,English,9.649249076843262,6.071238994598389
8,102,French,8.743913650512695,3.6191413402557373
8,103,English,6.905492782592773,7.430907726287842
8,103,French,7.574370861053467,-2.216824531555176
8,104,English,4.248915195465088,7.5988898277282715
8,104,French,9.24991226196289,-2.473966360092163
8,105,English,5.650981903076172,6.286811351776123
8,105,French,8.89400577545166,3.145561695098877
8,106,English,-5.359499454498291,5.304257869720459
8,106,French,-1.360300898551941,-3.231808662414551
8,107,English,1.6647478342056274,6.649453163146973
8,107,French,3.450033187866211,-6.509445667266846
8,108,English,1.1412955522537231,5.892124652862549
8,108,French,12.88701343536377,-7.4099440574646
8,109,English,4.5609025955200195,6.952383518218994
8,109,French,8.02922248840332,-5.879501819610596
8,110,English,-7.616409778594971,3.1150245666503906
8,110,French,-0.8126059770584106,-5.8709588050842285
8,111,English,0.5123683214187622,3.9381442070007324
8,111,French,2.7561182975769043,-2.789912700653076
8,112,English,-7.211969375610352,3.1429121494293213
8,112,French,-6.28671932220459,-7.356996536254883
8,113,English,-1.9332423210144043,4.512017250061035
8,113,French,5.146759510040283,-6.61979866027832
8,114,English,6.920899868011475,7.869661808013916
8,114,French,9.774505615234375,-4.795594215393066
8,115,English,-6.544065952301025,4.051516532897949
8,115,French,-6.05816125869751,-6.682906627655029
8,116,English,3.4004878997802734,8.361715316772461
8,116,French,9.889806747436523,-6.042973041534424
8,117,English,-3.017171621322632,5.406084060668945
8,117,French,-0.12526753544807434,-3.4959113597869873
8,118,English,-7.364587783813477,-0.4467255473136902
8,118,French,-6.254469871520996,-6.158634662628174
8,119,English,-7.371504306793213,3.3140969276428223
8,119,French,-7.726337432861328,-7.49537992477417
8,120,English,-0.4506644308567047,6.602707386016846
8,120,French,-0.5318260788917542,-4.950517177581787
8,121,English,-3.9359703063964844,5.447272300720215
8,121,French,-1.8043345212936401,-2.4139904975891113
8,122,English,-0.49308162927627563,1.3721215724945068
8,122,French,-2.1321823596954346,-3.641836643218994
8,123,English,4.5065507888793945,8.244904518127441
8,123,French,8.876227378845215,-6.216172218322754
8,124,English,8.907264709472656,4.672929763793945
8,124,French,11.066507339477539,-6.041080951690674
8,125,English,2.701178789138794,7.878973007202148
8,125,French,12.940614700317383,-4.97520637512207
8,126,English,7.188284397125244,8.588197708129883
8,126,French,14.163607597351074,-2.784137010574341
8,127,English,-6.8633713722229,3.808215856552124
8,127,French,-4.995541572570801,-6.934678554534912
8,128,English,-3.3032257556915283,4.336453914642334
8,128,French,-3.0491552352905273,-6.681453227996826
8,129,English,-9.590471267700195,2.236510992050171
8,129,French,-6.919750690460205,-6.811943054199219
8,130,English,-6.463057994842529,3.1515109539031982
8,130,French,-6.2245001792907715,-7.138664245605469
8,131,English,-6.954899311065674,3.2706706523895264
8,131,French,-6.0477986335754395,-6.1624016761779785
8,132,English,-6.620505332946777,3.5187132358551025
8,132,French,-5.735291481018066,-6.07987117767334
8,133,English,-6.608223915100098,4.215563774108887
8,133,French,-3.860666513442993,-7.999293804168701
8,134,English,-7.492410659790039,3.4519827365875244
8,134,French,-5.968173027038574,-5.741360187530518
8,135,English,-7.405836582183838,3.7682769298553467
8,135,French,-6.93111515045166,-6.4073309898376465
8,136,English,5.842430114746094,4.949347019195557
8,136,French,6.271592140197754,0.1077294573187828
8,137,English,1.536483883857727,7.026030540466309
8,137,French,2.7123782634735107,-3.3857641220092773
8,138,English,2.1141021251678467,6.893563747406006
8,138,French,10.473856925964355,-4.127023220062256
8,139,English,-6.647475242614746,3.2894623279571533
8,139,French,-3.4123690128326416,-7.115508079528809
8,140,English,1.3588495254516602,7.135645389556885
8,140,French,9.413639068603516,-8.050019264221191
8,141,English,-6.3377227783203125,4.097001075744629
8,141,French,-6.245945930480957,-5.577047824859619
8,142,English,-3.9789247512817383,4.522796630859375
8,142,French,-4.118712902069092,-7.088160991668701
8,143,English,-7.860044002532959,3.886146068572998
8,143,French,-6.504796028137207,-8.005363464355469
8,144,English,-2.977302312850952,6.3592000007629395
8,144,French,-2.000629425048828,-5.3802337646484375
8,145,English,-7.579241752624512,4.034528732299805
8,145,French,-6.7372050285339355,-6.884197235107422
8,146,English,-5.414671897888184,3.999326229095459
8,146,French,-5.248671054840088,-7.066604137420654
8,147,English,3.4758260250091553,6.395260334014893
8,147,French,10.365921020507812,-3.250398635864258
8,148,English,-5.945473670959473,3.6315078735351562
8,148,French,-6.875523567199707,-4.6801347732543945
8,149,English,8.37154483795166,8.469107627868652
8,149,French,14.503683090209961,-5.521009922027588
8,150,English,9.78197193145752,6.104787826538086
8,150,French,7.655570030212402,-5.26824951171875
8,151,English,-5.039158821105957,4.182053565979004
8,151,French,-3.322098731994629,-7.257821559906006
8,152,English,-0.4231109023094177,5.880946159362793
8,152,French,3.8955187797546387,-7.9057230949401855
8,153,English,-2.9711899757385254,5.398772716522217
8,153,French,-1.613582730293274,-6.530989170074463
8,154,English,-6.735448360443115,4.328601360321045
8,154,French,-6.363968849182129,-4.734474182128906
8,155,English,-8.021811485290527,2.9910061359405518
8,155,French,-7.933849811553955,-5.709349155426025
8,156,English,-8.339478492736816,2.7998738288879395
8,156,French,-7.859593391418457,-5.959875106811523
8,157,English,4.512523651123047,8.043495178222656
8,157,French,9.593323707580566,-6.731568336486816
8,158,English,3.4747681617736816,7.929049491882324
8,158,French,7.380051612854004,-6.725193977355957
8,159,English,6.31120491027832,7.996791362762451
8,159,French,12.42644214630127,-6.281738758087158
8,160,English,-7.073978900909424,4.491560459136963
8,160,French,-6.623264789581299,-6.967527866363525
8,161,English,-3.0028815269470215,4.921235084533691
8,161,French,-2.34169340133667,-7.596076488494873
8,162,English,4.473474502563477,7.830048561096191
8,162,French,2.34712815284729,-4.441232204437256
8,163,English,7.101419925689697,8.601194381713867
8,163,French,11.003530502319336,-6.2462992668151855
8,164,English,-4.39063024520874,5.692943096160889
8,164,French,-2.2981085777282715,-4.726860523223877
8,165,English,3.9296445846557617,5.6302385330200195
8,165,French,0.8781591653823853,-3.5464303493499756
8,166,English,9.649857521057129,8.173554420471191
8,166,French,13.96457290649414,-4.502580642700195
8,167,English,6.861254692077637,6.622337341308594
8,167,French,13.48995590209961,-10.052640914916992
8,168,English,0.2568053901195526,7.61825704574585
8,168,French,8.547527313232422,-3.6947438716888428
8,169,English,-6.349588394165039,3.7190487384796143
8,169,French,-5.746574878692627,-6.669559955596924
8,170,English,7.306124687194824,8.884039878845215
8,170,French,10.503678321838379,-1.400339961051941
8,171,English,1.243857502937317,7.125605583190918
8,171,French,7.189777374267578,-5.0426859855651855
8,172,English,5.5779337882995605,7.3338422775268555
8,172,French,10.662810325622559,-4.071723461151123
8,173,English,6.315945148468018,7.118303298950195
8,173,French,14.239496231079102,-7.362376689910889
8,174,English,-8.10461711883545,3.0216569900512695
8,174,French,-6.467462539672852,-8.783125877380371
8,175,English,-5.64706563949585,4.387570381164551
8,175,French,-4.072536945343018,-4.7231316566467285
8,176,English,1.5117335319519043,6.973445415496826
8,176,French,9.379335403442383,-4.155020713806152
8,177,English,-4.315837383270264,3.9721696376800537
8,177,French,-4.181339263916016,-7.803153038024902
8,178,English,0.3082963228225708,7.098111629486084
8,178,French,0.22018925845623016,-5.213831424713135
8,179,English,-4.3621721267700195,4.841531276702881
8,179,French,-3.762699842453003,-3.6717898845672607
8,180,English,4.359322547912598,7.565088748931885
8,180,French,9.812776565551758,-3.2354862689971924
8,181,English,-3.8522984981536865,4.857596397399902
8,181,French,-3.042778491973877,-4.2266154289245605
8,182,English,-0.666721761226654,5.883371829986572
8,182,French,-2.303840160369873,-5.159816265106201
8,183,English,-7.71952486038208,2.4325132369995117
8,183,French,-7.170931339263916,-5.454679012298584
8,184,English,8.751845359802246,8.266805648803711
8,184,French,9.767189979553223,-4.596469879150391
8,185,English,-4.275439739227295,5.530944347381592
8,185,French,0.7881441712379456,-6.510822296142578
8,186,English,-4.9857563972473145,5.685941696166992
8,186,French,-4.39955997467041,-6.687931537628174
8,187,English,-7.672444820404053,3.278240203857422
8,187,French,-6.955684661865234,-7.122332572937012
8,188,English,-6.834275722503662,3.8226494789123535
8,188,French,-5.0509161949157715,-7.087939739227295
8,189,English,4.657093048095703,5.681326866149902
8,189,French,8.177267074584961,-7.597733497619629
8,190,English,8.562257766723633,9.24635124206543
8,190,French,13.551709175109863,-0.6008160710334778
8,191,English,7.852476596832275,8.439537048339844
8,191,French,15.277091026306152,-5.001021862030029
8,192,English,7.840086460113525,7.694079399108887
8,192,French,4.704643726348877,-1.443936824798584
8,193,English,-7.549310684204102,2.9585297107696533
8,193,French,-6.09006929397583,-7.487792491912842
8,194,English,-6.560542583465576,3.8290181159973145
8,194,French,-6.131464004516602,-6.351926326751709
8,195,English,-7.05319356918335,3.148442506790161
8,195,French,-5.962284088134766,-6.6973066329956055
8,196,English,-8.24581527709961,4.344857692718506
8,196,French,-8.111005783081055,-5.4668097496032715
8,197,English,-6.0822529792785645,3.9227352142333984
8,197,French,-6.582363128662109,-7.0159735679626465
8,198,English,3.5313451290130615,7.341998100280762
8,198,French,4.406497001647949,-6.393436431884766
8,199,English,-8.091917037963867,2.5071051120758057
8,199,French,-6.908084392547607,-6.537221431732178
9,0,English,6.647554874420166,8.847536087036133
9,0,French,13.502486228942871,-3.833043336868286
9,1,English,-1.3095152378082275,5.311183929443359
9,1,French,-5.698208332061768,-6.605800151824951
9,2,English,3.4478635787963867,7.092035293579102
9,2,French,8.595023155212402,-8.057329177856445
9,3,English,-6.422999382019043,4.177580833435059
9,3,French,-5.955521106719971,-4.687479496002197
9,4,English,-9.558371543884277,3.801231622695923
9,4,French,-7.778597831726074,-7.777785301208496
9,5,English,8.84902286529541,8.14211654663086
9,5,French,17.374418258666992,-7.753245830535889
9,6,English,-8.772720336914062,2.602940559387207
9,6,French,-7.818113803863525,-5.814756393432617
9,7,English,-4.946872234344482,5.274741172790527
9,7,French,-5.019376277923584,-5.629615783691406
9,8,English,6.213805675506592,6.673809051513672
9,8,French,7.835732460021973,-0.7310748100280762
9,9,English,-1.5396257638931274,5.7731523513793945
9,9,French,-2.5003204345703125,-1.9789255857467651
9,10,English,-5.599626541137695,5.893520832061768
9,10,French,6.043102264404297,-6.600368022918701
9,11,English,-5.131948947906494,4.916540622711182
9,11,French,3.2944045066833496,-6.950714111328125
9,12,English,2.5197689533233643,4.881978988647461
9,12,French,6.994186878204346,-4.510401248931885
9,13,English,3.500917673110962,7.2702202796936035
9,13,French,7.1898627281188965,-3.6138718128204346
9,14,English,-7.210456848144531,4.713502407073975
9,14,French,-4.6115641593933105,-5.650984764099121
9,15,English,-9.167226791381836,2.8162238597869873
9,15,French,-7.907876491546631,-4.261475563049316
9,16,English,-1.120751976966858,6.818726062774658
9,16,French,-3.341114044189453,-5.491327285766602
9,17,English,-2.5376601219177246,6.716334342956543
9,17,French,0.6461015939712524,-6.398897171020508
9,18,English,4.960792064666748,8.229708671569824
9,18,French,12.964784622192383,-2.468806505203247
9,19,English,-9.092095375061035,3.3484578132629395
9,19,French,-8.733526229858398,-6.586918354034424
9,20,English,-0.9422136545181274,6.302025318145752
9,20,French,4.8294148445129395,-5.740768909454346
9,21,English,-5.067810535430908,6.604073524475098
9,21,French,-3.8670084476470947,-6.256314754486084
9,22,English,3.837404489517212,9.666319847106934
9,22,French,12.754923820495605,-4.668022632598877
9,23,English,-9.194391250610352,3.3308653831481934
9,23,French,-7.811174392700195,-8.161078453063965
9,24,English,9.21291446685791,8.644262313842773
9,24,French,14.732573509216309,-3.712070941925049
9,25,English,-1.1306794881820679,5.465293884277344
9,25,French,2.833235502243042,-8.149377822875977
9,26,English,0.7000216841697693,7.214787006378174
9,26,French,10.540308952331543,-5.822576999664307
9,27,English,-8.738603591918945,4.12570333480835
9,27,French,-5.673742771148682,-6.870485782623291
9,28,English,-7.344199180603027,4.414389133453369
9,28,French,-6.06732702255249,-5.959339618682861
9,29,English,-1.823704481124878,5.778058052062988
9,29,French,-1.3370834589004517,-6.431427478790283
9,30,English,-3.566584587097168,3.653263807296753
9,30,French,-4.814857006072998,-1.9274646043777466
9,31,English,9.49649715423584,8.490865707397461
9,31,French,13.068191528320312,0.40743178129196167
9,32,English,-7.423264026641846,4.009803295135498
9,32,French,-6.278271198272705,-6.626840114593506
9,33,English,3.8745110034942627,8.877224922180176
9,33,French,11.481361389160156,-3.508814573287964
9,34,English,1.6567775011062622,6.832103729248047
9,34,French,11.35438060760498,-6.476016044616699
9,35,English,0.18289858102798462,6.215353012084961
9,35,French,9.35206413269043,-4.392860412597656
9,36,English,-8.560992240905762,3.815481424331665
9,36,French,-7.308009147644043,-4.010916233062744
9,37,English,-4.513129711151123,6.294402599334717
9,37,French,-4.380129814147949,-6.535130977630615
9,38,English,-6.034310340881348,5.583705902099609
9,38,French,-6.604155540466309,-7.622527599334717
9,39,English,2.270052433013916,7.8673858642578125
9,39,French,3.747842788696289,-8.678784370422363
9,40,English,6.534542083740234,7.793882369995117
9,40,French,16.797346115112305,-6.181851863861084
9,41,English,4.584622383117676,8.981504440307617
9,41,French,12.955138206481934,-4.930383682250977
9,42,English,6.79449987411499,8.930264472961426
9,42,French,10.46359634399414,-0.9856407046318054
9,43,English,-0.5545300245285034,7.526525020599365
9,43,French,1.0847649574279785,-7.013583660125732
9,44,English,3.9258615970611572,9.130868911743164
9,44,French,10.813406944274902,-5.741304397583008
9,45,English,9.21291446685791,8.644262313842773
9,45,French,15.301520347595215,-3.674297332763672
9,46,English,-7.245845317840576,3.3851253986358643
9,46,French,-4.563725471496582,-7.095080852508545
9,47,English,-5.024547100067139,3.8607656955718994
9,47,French,-1.7411143779754639,-9.043532371520996
9,48,English,-8.06579875946045,3.827191114425659
9,48,French,-5.084850788116455,-7.793490409851074
9,49,English,-5.7045063972473145,4.579521656036377
9,49,French,-6.819432735443115,-6.127996921539307
9,50,English,-8.140734672546387,4.639973163604736
9,50,French,-7.631496906280518,-5.968922138214111
9,51,English,4.738931655883789,9.034567832946777
9,51,French,11.350800514221191,0.9645804166793823
9,52,English,-0.04700038954615593,7.351424217224121
9,52,French,12.778280258178711,-4.269106864929199
9,53,English,-2.0802252292633057,4.8924241065979
9,53,French,-7.574641704559326,-9.736756324768066
9,54,English,-6.056249141693115,5.354158401489258
9,54,French,-3.8485803604125977,-8.12286376953125
9,55,English,-9.36721420288086,2.7196054458618164
9,55,French,-7.536924362182617,-7.131304740905762
9,56,English,-6.032310962677002,5.920820236206055
9,56,French,-3.325032949447632,-6.342625141143799
9,57,English,6.930384635925293,9.505749702453613
9,57,French,16.140453338623047,-2.328375816345215
9,58,English,5.573129653930664,5.843162536621094
9,58,French,3.2822394371032715,-7.853782653808594
9,59,English,0.7487443685531616,8.152078628540039
9,59,French,14.530472755432129,-6.60321569442749
9,60,English,-5.1029582023620605,5.004024982452393
9,60,French,-5.576707363128662,-8.451449394226074
9,61,English,0.23063857853412628,5.059133052825928
9,61,French,3.8927841186523438,-6.576298236846924
9,62,English,-1.9879072904586792,6.404689311981201
9,62,French,-1.1689592599868774,-8.33535385131836
9,63,English,-0.05784381926059723,6.253297805786133
9,63,French,10.790312767028809,-11.610965728759766
9,64,English,-3.6678502559661865,3.675553321838379
9,64,French,-2.398803472518921,-5.483188629150391
9,65,English,0.34551912546157837,6.515267848968506
9,65,French,11.651192665100098,-3.574263572692871
9,66,English,3.1683061122894287,6.4617486000061035
9,66,French,7.264599800109863,-3.482900619506836
9,67,English,4.459640979766846,9.905519485473633
9,67,French,12.641508102416992,-4.888450622558594
9,68,English,-8.658875465393066,3.4957587718963623
9,68,French,-8.03244400024414,-7.409394264221191
9,69,English,-9.012962341308594,3.8149375915527344
9,69,French,-6.731459617614746,-7.470688819885254
9,70,English,5.560216903686523,7.760915756225586
9,70,French,8.656060218811035,-5.899805545806885
9,71,English,-7.727540969848633,3.6456727981567383
9,71,French,-7.5676093101501465,-1.9594541788101196
9,72,English,2.8427398204803467,8.247703552246094
9,72,French,10.706308364868164,-3.573434829711914
9,73,English,4.247659206390381,8.227429389953613
9,73,French,3.928917407989502,-3.6337006092071533
9,74,English,-7.104526519775391,3.9799091815948486
9,74,French,-5.432053089141846,-7.292041778564453
9,75,English,-3.2737674713134766,5.237191677093506
9,75,French,3.78241229057312,-9.245683670043945
9,76,English,1.4738532304763794,8.902119636535645
9,76,French,16.449735641479492,-6.015914440155029
9,77,English,1.7987666130065918,5.713402271270752
9,77,French,15.700919151306152,-8.772956848144531
9,78,English,-7.5364603996276855,2.9681317806243896
9,78,French,-6.557058334350586,-4.187686920166016
9,79,English,8.53201675415039,6.926787376403809
9,79,French,10.116082191467285,-4.856193542480469
9,80,English,-9.381684303283691,2.2148752212524414
9,80,French,-7.946174144744873,-6.095657825469971
9,81,English,-9.071622848510742,4.55173921585083
9,81,French,-6.761354446411133,-7.108725070953369
9,82,English,-8.584196090698242,3.7928695678710938
9,82,French,-7.249529838562012,-8.022141456604004
9,83,English,6.823432445526123,8.500709533691406
9,83,French,5.904646873474121,-5.900424003601074
9,84,English,-7.4690704345703125,4.803860664367676
9,84,French,-6.039338111877441,-4.63018274307251
9,85,English,4.719656467437744,4.922542095184326
9,85,French,11.979168891906738,-1.3530468940734863
9,86,English,-1.2506932020187378,7.183385848999023
9,86,French,2.668569803237915,-6.266742706298828
9,87,English,-7.843202114105225,4.248960971832275
9,87,French,-6.295665264129639,-7.239972114562988
9,88,English,-9.29140567779541,3.1908414363861084
9,88,French,-7.840206146240234,-8.090373039245605
9,89,English,-7.692864418029785,4.607158660888672
9,89,French,-7.004815578460693,-3.9573585987091064
9,90,English,-9.453242301940918,3.07926344871521
9,90,French,-6.563008785247803,-8.24404239654541
9,91,English,-7.774627685546875,3.5767314434051514
9,91,French,-6.256834983825684,-8.810197830200195
9,92,English,0.5937643051147461,7.4292826652526855
9,92,French,-3.759638547897339,-8.006876945495605
9,93,English,-7.533745288848877,4.029095649719238
9,93,French,-6.393675804138184,-7.80402946472168
9,94,English,-6.5160393714904785,4.8439621925354
9,94,French,-4.622447967529297,-6.574588298797607
9,95,English,-8.902594566345215,2.222878932952881
9,95,French,-6.845541477203369,-6.150537014007568
9,96,English,0.2694041132926941,5.875546932220459
9,96,French,-3.252603530883789,-6.895506858825684
9,97,English,1.242536187171936,5.218505859375
9,97,French,5.420051097869873,-8.892716407775879
9,98,English,-8.07190990447998,5.223581314086914
9,98,French,-6.863992214202881,-2.783095121383667
9,99,English,-7.5926923751831055,3.755951166152954
9,99,French,-7.390053749084473,-6.140576362609863
9,100,English,7.351668834686279,9.28190803527832
9,100,French,13.433049201965332,-1.781554937362671
9,101,English,-6.151614189147949,4.336947441101074
9,101,French,-6.610198497772217,-6.580188751220703
9,102,English,11.587830543518066,6.256631851196289
9,102,French,11.56162166595459,3.932742118835449
9,103,English,8.495793342590332,7.853201866149902
9,103,French,11.054643630981445,-2.6835837364196777
9,104,English,4.465550899505615,8.335916519165039
9,104,French,10.8604736328125,-2.8538336753845215
9,105,English,7.881692409515381,7.065388202667236
9,105,French,10.283941268920898,3.7184746265411377
9,106,English,-6.770509243011475,5.403397560119629
9,106,French,-1.4709787368774414,-3.538574695587158
9,107,English,1.625360131263733,6.611632823944092
9,107,French,4.2441511154174805,-6.600684642791748
9,108,English,2.659898519515991,6.380915641784668
9,108,French,15.054815292358398,-7.501883506774902
9,109,English,5.854093074798584,7.11937141418457
9,109,French,11.434161186218262,-6.6837897300720215
9,110,English,-9.010640144348145,3.408717632293701
9,110,French,-1.203033208847046,-6.8286662101745605
9,111,English,1.4620532989501953,3.933192491531372
9,111,French,3.80902361869812,-3.59918212890625
9,112,English,-8.171051025390625,3.2313590049743652
9,112,French,-7.364828586578369,-7.807748794555664
9,113,English,-2.0239474773406982,5.371888637542725
9,113,French,5.632593631744385,-6.640016555786133
9,114,English,8.495128631591797,8.248705863952637
9,114,French,15.914525985717773,-6.403850078582764
9,115,English,-7.796705722808838,4.116130352020264
9,115,French,-7.154566764831543,-7.015917778015137
9,116,English,3.371188163757324,8.889066696166992
9,116,French,10.67111587524414,-6.220502853393555
9,117,English,-4.006319046020508,5.292148590087891
9,117,French,-1.2031575441360474,-4.1987528800964355
9,118,English,-8.514169692993164,-0.6772896647453308
9,118,French,-7.564009666442871,-6.6316022872924805
9,119,English,-8.998693466186523,3.0898690223693848
9,119,French,-8.848179817199707,-7.888472080230713
9,120,English,-0.8567206263542175,7.095196723937988
9,120,French,-1.063873052597046,-4.426027774810791
9,121,English,-4.420289039611816,5.756200313568115
9,121,French,-1.908417820930481,-2.695518970489502
9,122,English,-0.7386429905891418,0.4443042278289795
9,122,French,-2.2416539192199707,-4.384581565856934
9,123,English,5.083019733428955,8.72181510925293
9,123,French,9.506722450256348,-6.190953254699707
9,124,English,12.571191787719727,4.766067028045654
9,124,French,13.922903060913086,-5.664879322052002
9,125,English,2.7340283393859863,8.54842758178711
9,125,French,15.559245109558105,-5.523310661315918
9,126,English,8.31138801574707,8.673807144165039
9,126,French,14.467825889587402,-2.98958420753479
9,127,English,-7.816500663757324,4.040564060211182
9,127,French,-5.844502925872803,-7.660017013549805
9,128,English,-4.084932804107666,4.609076976776123
9,128,French,-3.8372201919555664,-7.007900714874268
9,129,English,-10.804482460021973,2.51222562789917
9,129,French,-8.22676944732666,-7.205293655395508
9,130,English,-7.573049545288086,3.4421310424804688
9,130,French,-7.553812026977539,-7.443772792816162
9,131,English,-8.059045791625977,3.163551092147827
9,131,French,-7.186688423156738,-6.635061740875244
9,132,English,-7.899327278137207,3.632784128189087
9,132,French,-6.602697849273682,-6.501626968383789
9,133,English,-7.39671516418457,4.212578773498535
9,133,French,-4.25932502746582,-8.617146492004395
9,134,English,-9.001529693603516,3.1421496868133545
9,134,French,-7.354116439819336,-5.875385761260986
9,135,English,-8.773734092712402,3.6077117919921875
9,135,French,-8.019822120666504,-6.6525702476501465
9,136,English,6.08040714263916,5.055027008056641
9,136,French,6.912083148956299,0.48847639560699463
9,137,English,1.3362717628479004,7.5809102058410645
9,137,French,2.0875284671783447,-3.2685747146606445
9,138,English,2.9352428913116455,7.801910400390625
9,138,French,12.39259147644043,-3.950357437133789
9,139,English,-7.224100112915039,3.398256778717041
9,139,French,-3.80796217918396,-7.574958801269531
9,140,English,0.8121176958084106,7.912156581878662
9,140,French,12.700400352478027,-8.262825012207031
9,141,English,-7.416530609130859,3.7647414207458496
9,141,French,-7.228438854217529,-5.918914794921875
9,142,English,-4.836094856262207,4.919310569763184
9,142,French,-4.605001926422119,-7.562729835510254
9,143,English,-8.945113182067871,4.143561363220215
9,143,French,-7.773249626159668,-8.115335464477539
9,144,English,-3.225243330001831,6.659564018249512
9,144,French,-2.4100615978240967,-5.534659385681152
9,145,English,-8.665034294128418,4.401888370513916
9,145,French,-7.5816850662231445,-7.063299655914307
9,146,English,-6.607434272766113,3.760664939880371
9,146,French,-6.381460666656494,-7.251682758331299
9,147,English,4.809994697570801,7.308801651000977
9,147,French,13.291788101196289,-3.6881513595581055
9,148,English,-7.133108615875244,3.5557641983032227
9,148,French,-7.745073318481445,-5.086082458496094
9,149,English,10.760706901550293,8.867136001586914
9,149,French,16.917699813842773,-5.9786858558654785
9,150,English,11.98073959350586,6.146116256713867
9,150,French,8.003199577331543,-5.358901023864746
9,151,English,-6.285375595092773,4.523520469665527
9,151,French,-4.610774993896484,-7.204269886016846
9,152,English,-1.1726735830307007,6.460699558258057
9,152,French,4.494533538818359,-7.797768592834473
9,153,English,-3.442167282104492,5.751818656921387
9,153,French,-0.2799142897129059,-7.20640230178833
9,154,English,-7.880071640014648,4.349306106567383
9,154,French,-7.498925685882568,-5.181356906890869
9,155,English,-9.268352508544922,3.1390318870544434
9,155,French,-9.260932922363281,-6.245798110961914
9,156,English,-9.996082305908203,2.7876622676849365
9,156,French,-9.230883598327637,-5.977023601531982
9,157,English,5.3112897872924805,8.44992446899414
9,157,French,10.830267906188965,-6.64424991607666
9,158,English,3.609980583190918,8.321182250976562
9,158,French,10.832056045532227,-7.8915605545043945
9,159,English,7.966312408447266,8.399913787841797
9,159,French,13.049151420593262,-6.295760631561279
9,160,English,-8.6937255859375,4.5573811531066895
9,160,French,-8.109543800354004,-7.57892370223999
9,161,English,-3.7126920223236084,5.254331588745117
9,161,French,-3.782696008682251,-7.408367156982422
9,162,English,5.802750587463379,8.842700958251953
9,162,French,2.634396553039551,-4.277891635894775
9,163,English,8.061363220214844,9.287367820739746
9,163,French,13.55251693725586,-6.936050891876221
9,164,English,-5.6851019859313965,5.790394306182861
9,164,French,-2.6686153411865234,-5.478809356689453
9,165,English,4.779285907745361,6.038218975067139
9,165,French,0.37712663412094116,-3.7688186168670654
9,166,English,11.011338233947754,8.605125427246094
9,166,French,15.483548164367676,-4.413577079772949
9,167,English,7.434381484985352,6.733218193054199
9,167,French,16.337772369384766,-10.559943199157715
9,168,English,-0.1652941107749939,8.299497604370117
9,168,French,7.206625461578369,-3.6218690872192383
9,169,English,-7.27923059463501,4.065150737762451
9,169,French,-6.76053524017334,-7.150843620300293
9,170,English,8.666406631469727,9.040764808654785
9,170,French,10.938549995422363,-2.202427625656128
9,171,English,0.7834931015968323,7.777842998504639
9,171,French,10.42508602142334,-5.711476802825928
9,172,English,7.735484600067139,7.945242404937744
9,172,French,14.175495147705078,-4.264007091522217
9,173,English,7.733160972595215,7.775580883026123
9,173,French,15.539921760559082,-7.57728910446167
9,174,English,-9.328717231750488,3.351370334625244
9,174,French,-7.329984664916992,-9.244053840637207
9,175,English,-6.860867977142334,4.369778156280518
9,175,French,-5.143380641937256,-5.162032127380371
9,176,English,1.9630863666534424,8.11707592010498
9,176,French,12.20345401763916,-4.676284313201904
9,177,English,-5.464556694030762,3.909276008605957
9,177,French,-5.256646156311035,-8.113798141479492
9,178,English,0.3925461769104004,7.5977373123168945
9,178,French,0.42716076970100403,-5.401340961456299
9,179,English,-4.763798236846924,5.170315742492676
9,179,French,-4.7042317390441895,-3.7382264137268066
9,180,English,4.904972076416016,8.40284538269043
9,180,French,9.623703956604004,-2.6801648139953613
9,181,English,-4.5189008712768555,5.124666213989258
9,181,French,-3.5934786796569824,-4.612823009490967
9,182,English,-1.3291678428649902,6.073824405670166
9,182,French,-2.105725049972534,-5.303720951080322
9,183,English,-9.108342170715332,1.8893046379089355
9,183,French,-8.544116020202637,-5.942845344543457
9,184,English,10.56295108795166,9.00757884979248
9,184,French,10.827421188354492,-4.071399211883545
9,185,English,-5.315615177154541,6.222286224365234
9,185,French,1.8667656183242798,-6.794804096221924
9,186,English,-5.987295150756836,5.993001937866211
9,186,French,-5.183606147766113,-6.617422103881836
9,187,English,-9.388704299926758,3.2229621410369873
9,187,French,-8.451493263244629,-8.014928817749023
9,188,English,-7.789201259613037,3.596242666244507
9,188,French,-6.0412983894348145,-7.69139289855957
9,189,English,4.950085639953613,5.7122673988342285
9,189,French,11.094242095947266,-8.353402137756348
9,190,English,10.119715690612793,10.066730499267578
9,190,French,13.200544357299805,0.0765543133020401
9,191,English,8.573366165161133,9.283868789672852
9,191,French,15.276965141296387,-4.842428207397461
9,192,English,10.5525484085083,7.300573348999023
9,192,French,5.214142799377441,-1.299761414527893
9,193,English,-8.88227367401123,3.2019259929656982
9,193,French,-6.823698997497559,-7.725830078125
9,194,English,-7.690179347991943,4.194521903991699
9,194,French,-6.900045394897461,-6.770754337310791
9,195,English,-8.303553581237793,3.297191858291626
9,195,French,-7.182930946350098,-6.545809268951416
9,196,English,-9.3033447265625,4.618683338165283
9,196,French,-9.053082466125488,-5.911858558654785
9,197,English,-7.530723571777344,4.116761207580566
9,197,French,-7.2693891525268555,-7.555182933807373
9,198,English,5.243260860443115,7.994222164154053
9,198,French,5.172912120819092,-6.734010219573975
9,199,English,-9.341136932373047,2.265376091003418
9,199,French,-8.17597484588623,-6.779027938842773
10,0,English,7.558411121368408,9.105112075805664
10,0,French,15.014830589294434,-4.267975330352783
10,1,English,-2.2965095043182373,5.976856708526611
10,1,French,-5.900503635406494,-7.178451061248779
10,2,English,3.7826077938079834,7.584895133972168
10,2,French,8.424361228942871,-8.419868469238281
10,3,English,-6.075634956359863,4.492664337158203
10,3,French,-6.113705158233643,-5.56138277053833
10,4,English,-9.813397407531738,4.492122173309326
10,4,French,-8.339045524597168,-8.383928298950195
10,5,English,8.587986946105957,8.400371551513672
10,5,French,17.081348419189453,-7.969031810760498
10,6,English,-8.725711822509766,3.1200177669525146
10,6,French,-7.8499321937561035,-6.335682392120361
10,7,English,-5.010410308837891,5.687178134918213
10,7,French,-5.243298053741455,-6.04893684387207
10,8,English,6.808141708374023,6.719411373138428
10,8,French,8.861898422241211,-2.032367467880249
10,9,English,-1.7960633039474487,5.861020088195801
10,9,French,-2.682511568069458,-2.88673996925354
10,10,English,-5.795358657836914,6.233213424682617
10,10,French,6.772021770477295,-7.6354522705078125
10,11,English,-5.178586006164551,5.134655952453613
10,11,French,3.1380512714385986,-7.298957824707031
10,12,English,2.520941734313965,4.898723602294922
10,12,French,6.845128059387207,-5.336005687713623
10,13,English,3.976292133331299,7.707648277282715
10,13,French,7.96504020690918,-4.35903787612915
10,14,English,-8.047357559204102,4.918684482574463
10,14,French,-5.59851598739624,-6.360978126525879
10,15,English,-9.199788093566895,3.1741838455200195
10,15,French,-7.909809589385986,-4.589554309844971
10,16,English,-1.0110056400299072,6.9222517013549805
10,16,French,-3.3727104663848877,-6.235966205596924
10,17,English,-2.8368723392486572,7.0340423583984375
10,17,French,0.47962334752082825,-7.040800094604492
10,18,English,5.922630786895752,8.748714447021484
10,18,French,14.035332679748535,-2.702929973602295
10,19,English,-9.437187194824219,3.977569580078125
10,19,French,-9.089177131652832,-7.193129062652588
10,20,English,-0.9987512826919556,6.943520545959473
10,20,French,4.966434001922607,-5.838629722595215
10,21,English,-5.164891242980957,6.895730018615723
10,21,French,-3.986076593399048,-6.822327136993408
10,22,English,4.258917331695557,10.341663360595703
10,22,French,13.083626747131348,-5.355749130249023
10,23,English,-9.332598686218262,3.983391523361206
10,23,French,-7.969324588775635,-8.874809265136719
10,24,English,9.63428783416748,9.270320892333984
10,24,French,15.029282569885254,-4.35370397567749
10,25,English,-1.129079818725586,5.920965194702148
10,25,French,2.891071319580078,-8.661332130432129
10,26,English,0.5830032825469971,7.772813320159912
10,26,French,10.251870155334473,-6.038984298706055
10,27,English,-9.038287162780762,4.647158622741699
10,27,French,-6.2783894538879395,-7.022390842437744
10,28,English,-7.591123580932617,4.799598693847656
10,28,French,-6.118269443511963,-6.090181350708008
10,29,English,-2.480926513671875,6.151504039764404
10,29,French,-1.0379881858825684,-7.259032249450684
10,30,English,-4.275315284729004,3.771515369415283
10,30,French,-5.158927917480469,-1.9707767963409424
10,31,English,9.744256973266602,8.745080947875977
10,31,French,13.930071830749512,0.4925885498523712
10,32,English,-7.520774841308594,4.3293843269348145
10,32,French,-6.406225681304932,-7.063116550445557
10,33,English,4.280256748199463,9.430526733398438
10,33,French,11.600196838378906,-3.7746448516845703
10,34,English,2.2721564769744873,7.627849578857422
10,34,French,11.690008163452148,-6.590757369995117
10,35,English,0.9916322231292725,6.775845527648926
10,35,French,9.006977081298828,-4.155022144317627
10,36,English,-8.928150177001953,4.19622802734375
10,36,French,-7.482052803039551,-4.618782997131348
10,37,English,-4.516944885253906,7.173501968383789
10,37,French,-3.9826037883758545,-7.026862144470215
10,38,English,-6.176309585571289,5.997699737548828
10,38,French,-6.956671714782715,-8.38366985321045
10,39,English,2.2732808589935303,8.547626495361328
10,39,French,3.938488483428955,-8.401665687561035
10,40,English,6.1681976318359375,8.069751739501953
10,40,French,16.221227645874023,-6.468203067779541
10,41,English,4.626742362976074,9.624898910522461
10,41,French,12.449649810791016,-4.87846040725708
10,42,English,7.248664855957031,9.727654457092285
10,42,French,11.722466468811035,-0.8900488018989563
10,43,English,-0.48508891463279724,7.773740768432617
10,43,French,1.1045520305633545,-7.298036098480225
10,44,English,4.223474979400635,9.137849807739258
10,44,French,11.295483589172363,-6.348062515258789
10,45,English,9.63428783416748,9.270320892333984
10,45,French,15.898475646972656,-4.3217949867248535
10,46,English,-7.338376998901367,4.025325775146484
10,46,French,-5.114044666290283,-7.430592060089111
10,47,English,-5.161148548126221,3.9303643703460693
10,47,French,-1.7282285690307617,-9.52329158782959
10,48,English,-8.243051528930664,4.166835784912109
10,48,French,-5.172430515289307,-8.154224395751953
10,49,English,-5.973878383636475,4.831650733947754
10,49,French,-6.829387187957764,-6.413331508636475
10,50,English,-8.366634368896484,5.116969108581543
10,50,French,-7.816023349761963,-5.9748358726501465
10,51,English,5.284063339233398,9.288814544677734
10,51,French,11.710148811340332,0.4824684262275696
10,52,English,-0.17266598343849182,7.595309257507324
10,52,French,12.872838973999023,-4.467476844787598
10,53,English,-2.3357372283935547,5.448934555053711
10,53,French,-7.939801216125488,-10.447670936584473
10,54,English,-6.4648966789245605,6.212038040161133
10,54,French,-4.169500350952148,-8.360896110534668
10,55,English,-9.570358276367188,3.197197914123535
10,55,French,-7.631422519683838,-7.37044620513916
10,56,English,-6.392773628234863,6.286879062652588
10,56,French,-3.250669479370117,-6.604974746704102
10,57,English,8.189252853393555,10.155241966247559
10,57,French,16.94402503967285,-1.696075201034546
10,58,English,5.28231954574585,6.437382221221924
10,58,French,3.3947644233703613,-8.665285110473633
10,59,English,1.4938634634017944,8.769827842712402
10,59,French,14.206727981567383,-7.1717071533203125
10,60,English,-5.3308234214782715,5.600520133972168
10,60,French,-5.7246198654174805,-9.11337947845459
10,61,English,0.3287355601787567,5.482762336730957
10,61,French,3.733550548553467,-6.659131050109863
10,62,English,-2.5818023681640625,6.934959888458252
10,62,French,-1.4819505214691162,-8.362079620361328
10,63,English,0.14628754556179047,6.840413570404053
10,63,French,11.205490112304688,-11.83926773071289
10,64,English,-3.793637990951538,4.169705867767334
10,64,French,-2.425067186355591,-5.9259185791015625
10,65,English,1.0787142515182495,7.167532920837402
10,65,French,11.835844993591309,-3.6841280460357666
10,66,English,3.1710777282714844,6.887570858001709
10,66,French,7.4289116859436035,-3.642639398574829
10,67,English,4.741786956787109,10.624433517456055
10,67,French,14.220283508300781,-5.075658321380615
10,68,English,-8.79705810546875,3.9486851692199707
10,68,French,-8.531111717224121,-7.710740566253662
10,69,English,-9.501286506652832,4.043996334075928
10,69,French,-6.828788757324219,-7.977811813354492
10,70,English,5.809807300567627,8.059021949768066
10,70,French,8.848230361938477,-5.7688374519348145
10,71,English,-7.756977081298828,3.555788278579712
10,71,French,-7.3993449211120605,-2.7147278785705566
10,72,English,3.123070001602173,8.83411693572998
10,72,French,10.605921745300293,-3.6540114879608154
10,73,English,4.762759685516357,8.412053108215332
10,73,French,3.361156940460205,-4.357086181640625
10,74,English,-7.364650249481201,4.644791603088379
10,74,French,-5.953938007354736,-7.26446008682251
10,75,English,-2.8355536460876465,5.880476474761963
10,75,French,3.460925579071045,-9.060896873474121
10,76,English,1.8009918928146362,9.21437931060791
10,76,French,15.642623901367188,-6.384849548339844
10,77,English,1.6909692287445068,6.4275922775268555
10,77,French,14.287918090820312,-8.390212059020996
10,78,English,-7.613266468048096,3.17852520942688
10,78,French,-6.727242946624756,-4.264912128448486
10,79,English,8.803801536560059,7.298783302307129
10,79,French,10.85483169555664,-5.759369373321533
10,80,English,-9.99732494354248,2.7745611667633057
10,80,French,-8.53294849395752,-6.434238433837891
10,81,English,-9.40942096710205,4.903907775878906
10,81,French,-7.185375690460205,-7.397526264190674
10,82,English,-8.787588119506836,4.482903003692627
10,82,French,-7.58027982711792,-8.316198348999023
10,83,English,6.862375736236572,8.750311851501465
10,83,French,6.234045505523682,-6.025079727172852
10,84,English,-7.65988302230835,5.461003303527832
10,84,French,-6.315090179443359,-4.820918083190918
10,85,English,6.181638717651367,4.710175037384033
10,85,French,11.88560962677002,-1.8945509195327759
10,86,English,-0.9783563613891602,7.649667263031006
10,86,French,2.7835686206817627,-6.618104457855225
10,87,English,-7.882695198059082,4.909782886505127
10,87,French,-6.4871439933776855,-7.7688775062561035
10,88,English,-9.573986053466797,3.790821075439453
10,88,French,-8.20641803741455,-8.425032615661621
10,89,English,-8.141682624816895,4.874863147735596
10,89,French,-7.479084491729736,-4.739077568054199
10,90,English,-9.709875106811523,3.622013807296753
10,90,French,-6.969873905181885,-8.50642204284668
10,91,English,-7.97998046875,4.002561092376709
10,91,French,-6.330015659332275,-9.398311614990234
10,92,English,0.47349435091018677,7.989139556884766
10,92,French,-3.893090009689331,-8.199657440185547
10,93,English,-7.800739288330078,4.70345401763916
10,93,French,-6.84308385848999,-8.357457160949707
10,94,English,-6.7589216232299805,5.098335266113281
10,94,French,-4.7744293212890625,-6.871461868286133
10,95,English,-8.7073335647583,2.3295769691467285
10,95,French,-6.716382026672363,-6.511226654052734
10,96,English,0.04239070415496826,6.498146057128906
10,96,French,-3.1892781257629395,-7.316265106201172
10,97,English,0.7760963439941406,5.964884281158447
10,97,French,5.021439552307129,-8.918656349182129
10,98,English,-8.044366836547852,5.583211421966553
10,98,French,-6.706174850463867,-3.273062229156494
10,99,English,-7.870083332061768,3.917299747467041
10,99,French,-7.952574253082275,-6.522036075592041
10,100,English,8.054718017578125,9.773394584655762
10,100,French,14.808223724365234,-1.7203428745269775
10,101,English,-6.347671031951904,4.957930088043213
10,101,French,-6.780245304107666,-6.770930767059326
10,102,English,12.30477523803711,6.4345011711120605
10,102,French,12.501696586608887,3.4355366230010986
10,103,English,7.938692092895508,8.000404357910156
10,103,French,10.900980949401855,-2.9741697311401367
10,104,English,3.843550443649292,8.63554573059082
10,104,French,12.336441040039062,-2.8795864582061768
10,105,English,8.75134563446045,7.439929008483887
10,105,French,11.743138313293457,3.476978063583374
10,106,English,-6.872552394866943,5.733226299285889
10,106,French,-1.8510116338729858,-4.026620388031006
10,107,English,2.20485782623291,6.794015884399414
10,107,French,4.536612033843994,-7.40656042098999
10,108,English,2.267076253890991,7.034150123596191
10,108,French,14.886693954467773,-7.8768086433410645
10,109,English,5.798892974853516,7.262924671173096
10,109,French,11.154305458068848,-7.014556884765625
10,110,English,-9.26378059387207,3.72857666015625
10,110,French,-1.1438826322555542,-7.06649112701416
10,111,English,1.61619234085083,3.2356629371643066
10,111,French,3.9810597896575928,-4.516971111297607
10,112,English,-8.633517265319824,3.846863031387329
10,112,French,-7.838211536407471,-8.445008277893066
10,113,English,-1.6447856426239014,6.048400402069092
10,113,French,5.316274166107178,-6.475146293640137
10,114,English,8.826952934265137,8.465493202209473
10,114,French,15.372673034667969,-6.328958034515381
10,115,English,-7.508024215698242,4.460850715637207
10,115,French,-6.999269485473633,-7.856826305389404
10,116,English,3.243539810180664,9.084145545959473
10,116,French,10.364700317382812,-6.916652679443359
10,117,English,-4.141119480133057,5.152463912963867
10,117,French,-1.1716995239257812,-4.668145179748535
10,118,English,-8.821820259094238,-0.46634259819984436
10,118,French,-7.591320037841797,-6.924717903137207
10,119,English,-9.344911575317383,3.531461000442505
10,119,French,-9.050487518310547,-8.642101287841797
10,120,English,-0.699696958065033,7.707199573516846
10,120,French,-1.2139302492141724,-4.754759788513184
10,121,English,-4.301065444946289,6.503618240356445
10,121,French,-1.6233110427856445,-3.0341219902038574
10,122,English,-0.07964068651199341,-0.06714833527803421
10,122,French,-2.303373336791992,-4.673372268676758
10,123,English,5.067613124847412,9.11724853515625
10,123,French,9.811586380004883,-6.369853973388672
10,124,English,12.124608993530273,4.6425323486328125
10,124,French,14.213067054748535,-6.084031581878662
10,125,English,3.40533185005188,8.653335571289062
10,125,French,15.542702674865723,-5.8826680183410645
10,126,English,7.734342575073242,8.84284496307373
10,126,French,14.876886367797852,-4.045544624328613
10,127,English,-8.05282974243164,4.700501918792725
10,127,French,-6.374671459197998,-8.113856315612793
10,128,English,-3.6767616271972656,4.925812721252441
10,128,French,-3.8145103454589844,-7.5192952156066895
10,129,English,-10.784745216369629,3.114405393600464
10,129,French,-8.648759841918945,-7.935357093811035
10,130,English,-7.8100152015686035,3.924102306365967
10,130,French,-7.5020599365234375,-7.954239845275879
10,131,English,-8.110214233398438,3.6552233695983887
10,131,French,-7.192537307739258,-7.335418224334717
10,132,English,-8.279732704162598,3.9478774070739746
10,132,French,-7.41084098815918,-6.9558024406433105
10,133,English,-7.639210224151611,4.732223033905029
10,133,French,-4.388357162475586,-8.780970573425293
10,134,English,-8.910569190979004,3.4458699226379395
10,134,French,-7.62930154800415,-6.653921127319336
10,135,English,-8.93686580657959,3.9993724822998047
10,135,French,-8.089045524597168,-7.12276554107666
10,136,English,5.926408767700195,4.517518520355225
10,136,French,7.540102005004883,-0.2185463160276413
10,137,English,1.8024358749389648,8.027426719665527
10,137,French,2.07519268989563,-3.898850440979004
10,138,English,3.4311153888702393,8.682562828063965
10,138,French,13.161113739013672,-4.133149147033691
10,139,English,-7.730340480804443,3.903935432434082
10,139,French,-4.278486728668213,-8.194610595703125
10,140,English,0.8377143740653992,8.519079208374023
10,140,French,13.09675121307373,-8.52687931060791
10,141,English,-7.270530700683594,4.739525318145752
10,141,French,-7.050032615661621,-6.076593399047852
10,142,English,-5.649094581604004,5.259200096130371
10,142,French,-5.027587890625,-8.217578887939453
10,143,English,-9.257134437561035,4.696356773376465
10,143,French,-8.203361511230469,-8.470623016357422
10,144,English,-3.3963327407836914,7.008393287658691
10,144,French,-2.4687652587890625,-5.8081464767456055
10,145,English,-8.977274894714355,5.0010223388671875
10,145,French,-8.111780166625977,-7.37050199508667
10,146,English,-7.1541428565979,4.015077114105225
10,146,French,-6.637182235717773,-8.087933540344238
10,147,English,4.5132670402526855,8.089568138122559
10,147,French,13.88624382019043,-3.670036554336548
10,148,English,-7.357782363891602,4.021984577178955
10,148,French,-8.013671875,-5.281523704528809
10,149,English,12.196427345275879,9.12518310546875
10,149,French,17.232500076293945,-6.490039348602295
10,150,English,11.318154335021973,6.00383186340332
10,150,French,8.067292213439941,-5.590944766998291
10,151,English,-6.228987693786621,5.1156487464904785
10,151,French,-4.600900173187256,-7.275742053985596
10,152,English,-1.2672251462936401,6.601211071014404
10,152,French,4.141441822052002,-7.815917015075684
10,153,English,-3.9334423542022705,6.330383777618408
10,153,French,-0.6282567977905273,-7.361138820648193
10,154,English,-8.391785621643066,4.719643592834473
10,154,French,-7.661022186279297,-5.583269119262695
10,155,English,-9.651360511779785,3.329543113708496
10,155,French,-9.511714935302734,-7.218369960784912
10,156,English,-10.027787208557129,3.2081360816955566
10,156,French,-9.321005821228027,-6.177008152008057
10,157,English,5.068657398223877,8.713040351867676
10,157,French,10.930456161499023,-7.170400142669678
10,158,English,3.9953503608703613,8.87909984588623
10,158,French,11.120217323303223,-8.539607048034668
10,159,English,8.708497047424316,8.86191463470459
10,159,French,13.8453369140625,-6.96455717086792
10,160,English,-8.945707321166992,5.006284236907959
10,160,French,-8.647494316101074,-7.906132698059082
10,161,English,-3.833211898803711,5.541147708892822
10,161,French,-3.7048306465148926,-7.566302299499512
10,162,English,4.940962791442871,9.125040054321289
10,162,French,3.3401620388031006,-4.250328540802002
10,163,English,7.893560886383057,9.108537673950195
10,163,French,12.553366661071777,-7.278006076812744
10,164,English,-5.843622207641602,6.173964500427246
10,164,French,-3.414454936981201,-5.640802383422852
10,165,English,4.556711673736572,6.077774524688721
10,165,French,0.15763218700885773,-4.582004070281982
10,166,English,11.7865571975708,8.756552696228027
10,166,French,16.275239944458008,-5.286381244659424
10,167,English,7.460649013519287,6.930179119110107
10,167,French,15.614700317382812,-10.997747421264648
10,168,English,0.21788857877254486,8.921295166015625
10,168,French,7.768115520477295,-4.073598384857178
10,169,English,-7.6782426834106445,4.250927448272705
10,169,French,-7.682191371917725,-7.9535322189331055
10,170,English,8.564637184143066,8.9833402633667
10,170,French,11.487733840942383,-2.884690284729004
10,171,English,1.0267165899276733,8.285611152648926
10,171,French,10.47818660736084,-5.846839904785156
10,172,English,7.932515621185303,8.52450942993164
10,172,French,14.206507682800293,-4.725005149841309
10,173,English,8.855607986450195,8.423282623291016
10,173,French,16.053220748901367,-8.438922882080078
10,174,English,-9.567574501037598,3.7118678092956543
10,174,French,-7.511739730834961,-9.866308212280273
10,175,English,-6.810912609100342,4.897420883178711
10,175,French,-5.194891452789307,-5.60755729675293
10,176,English,2.916400194168091,8.742501258850098
10,176,French,12.63184642791748,-4.674190521240234
10,177,English,-5.323246002197266,3.969552755355835
10,177,French,-5.381123065948486,-8.20393180847168
10,178,English,1.290026068687439,7.985810279846191
10,178,French,0.11995960026979446,-6.261158466339111
10,179,English,-5.024120807647705,4.986785411834717
10,179,French,-4.52072811126709,-4.551626205444336
10,180,English,5.087582588195801,8.869104385375977
10,180,French,10.235126495361328,-2.972320079803467
10,181,English,-4.768445014953613,5.534363746643066
10,181,French,-3.38698410987854,-5.226678848266602
10,182,English,-1.4321980476379395,6.601821422576904
10,182,French,-2.153798818588257,-5.6998820304870605
10,183,English,-9.21608829498291,1.893054723739624
10,183,French,-8.542366027832031,-6.025074481964111
10,184,English,11.135655403137207,9.895648956298828
10,184,French,11.727991104125977,-4.350998878479004
10,185,English,-4.932928562164307,7.139424800872803
10,185,French,1.786558985710144,-6.921478271484375
10,186,English,-6.179928779602051,6.458152770996094
10,186,French,-5.418301582336426,-7.1577677726745605
10,187,English,-9.424761772155762,3.7601430416107178
10,187,French,-8.638617515563965,-8.043146133422852
10,188,English,-7.746142387390137,4.208735466003418
10,188,French,-6.27899694442749,-8.151917457580566
10,189,English,4.677746295928955,6.335048198699951
10,189,French,10.547832489013672,-8.671238899230957
10,190,English,11.123745918273926,10.712242126464844
10,190,French,14.2583589553833,-0.18062229454517365
10,191,English,8.447113990783691,9.72942066192627
10,191,French,16.28209114074707,-5.850142002105713
10,192,English,11.06876277923584,8.044670104980469
10,192,French,4.854349136352539,-2.212326765060425
10,193,English,-9.406375885009766,3.324925661087036
10,193,French,-7.291078090667725,-8.377487182617188
10,194,English,-7.712083339691162,4.81206750869751
10,194,French,-7.001446723937988,-7.066176414489746
10,195,English,-8.551495552062988,3.6951141357421875
10,195,French,-7.317490577697754,-6.833653926849365
10,196,English,-9.333642959594727,5.32141637802124
10,196,French,-9.262384414672852,-6.5028157234191895
10,197,English,-7.944446086883545,4.213545799255371
10,197,French,-7.4085588455200195,-7.751006603240967
10,198,English,5.444598197937012,8.392277717590332
10,198,French,5.072075366973877,-7.441516399383545
10,199,English,-9.388145446777344,2.5453639030456543
10,199,French,-8.455072402954102,-7.496212482452393
11,0,English,8.585184097290039,9.563968658447266
11,0,French,13.934639930725098,-4.4412713050842285
11,1,English,-2.7032079696655273,6.089700222015381
11,1,French,-5.700006484985352,-7.737663745880127
11,2,English,3.28174090385437,7.770268440246582
11,2,French,8.486946105957031,-8.681809425354004
11,3,English,-6.383477210998535,4.747221946716309
11,3,French,-6.217621326446533,-5.729923248291016
11,4,English,-10.093547821044922,4.662745952606201
11,4,French,-8.471977233886719,-8.667724609375
11,5,English,8.55375862121582,8.312210083007812
11,5,French,16.701982498168945,-8.12966251373291
11,6,English,-9.197484016418457,3.3003642559051514
11,6,French,-7.779270172119141,-6.218848705291748
11,7,English,-5.306107997894287,5.8592753410339355
11,7,French,-5.040297031402588,-5.938327312469482
11,8,English,6.043571472167969,7.075048446655273
11,8,French,9.305327415466309,-2.7386600971221924
11,9,English,-2.103670597076416,5.875484943389893
11,9,French,-2.1425328254699707,-3.308806896209717
11,10,English,-5.531004905700684,6.437666893005371
11,10,French,7.366451263427734,-7.878547191619873
11,11,English,-5.656521797180176,4.7812957763671875
11,11,French,3.380211591720581,-7.626850128173828
11,12,English,2.189260959625244,5.361486434936523
11,12,French,6.647021770477295,-4.862008094787598
11,13,English,4.410233020782471,8.295251846313477
11,13,French,9.266935348510742,-4.414196491241455
11,14,English,-8.320005416870117,5.057489395141602
11,14,French,-5.87907075881958,-6.579314708709717
11,15,English,-9.59487533569336,3.072139263153076
11,15,French,-8.018412590026855,-4.5565996170043945
11,16,English,-1.1003361940383911,7.155037879943848
11,16,French,-3.0700244903564453,-7.03659725189209
11,17,English,-2.934086561203003,7.286135196685791
11,17,French,0.40174412727355957,-7.221679210662842
11,18,English,6.204464435577393,9.069665908813477
11,18,French,14.689051628112793,-3.3941357135772705
11,19,English,-9.719664573669434,3.7495617866516113
11,19,French,-9.007023811340332,-7.308188438415527
11,20,English,-0.8344920873641968,7.174553871154785
11,20,French,5.216521263122559,-5.750988483428955
11,21,English,-5.176845550537109,6.755342960357666
11,21,French,-3.762446880340576,-7.48221492767334
11,22,English,5.5729827880859375,10.452963829040527
11,22,French,13.119640350341797,-5.439599990844727
11,23,English,-10.143704414367676,4.058591365814209
11,23,French,-8.027627944946289,-9.20489501953125
11,24,English,10.028118133544922,9.554837226867676
11,24,French,16.198123931884766,-4.708662509918213
11,25,English,-1.0838392972946167,6.3481011390686035
11,25,French,4.05124568939209,-9.126314163208008
11,26,English,0.5994248986244202,8.006087303161621
11,26,French,9.542922019958496,-5.541073799133301
11,27,English,-8.772283554077148,5.082613468170166
11,27,French,-5.885106086730957,-6.845881462097168
11,28,English,-8.089118003845215,4.460369110107422
11,28,French,-6.375698089599609,-6.048465251922607
11,29,English,-3.3975887298583984,6.664221286773682
11,29,French,-0.6397585272789001,-7.754265785217285
11,30,English,-4.891225337982178,3.8460280895233154
11,30,French,-5.384206771850586,-1.7873839139938354
11,31,English,10.394625663757324,9.513108253479004
11,31,French,14.521385192871094,-0.18808764219284058
11,32,English,-7.605203151702881,4.305979251861572
11,32,French,-6.881722927093506,-7.682284355163574
11,33,English,4.825429916381836,9.6116304397583
11,33,French,11.959773063659668,-4.245655059814453
11,34,English,2.90913724899292,7.674511909484863
11,34,French,11.205044746398926,-6.568604946136475
11,35,English,1.3753186464309692,6.693105697631836
11,35,French,8.16567611694336,-3.851059675216675
11,36,English,-9.388265609741211,3.793806791305542
11,36,French,-7.815474987030029,-4.688587665557861
11,37,English,-4.650996208190918,7.44598913192749
11,37,French,-3.1830408573150635,-7.5040178298950195
11,38,English,-6.421423435211182,6.186130046844482
11,38,French,-7.115246772766113,-8.870640754699707
11,39,English,1.8323967456817627,8.853622436523438
11,39,French,4.338102340698242,-8.670448303222656
11,40,English,6.390249729156494,8.45694351196289
11,40,French,16.119123458862305,-6.408270835876465
11,41,English,5.321389675140381,9.849568367004395
11,41,French,12.765064239501953,-5.253207206726074
11,42,English,8.32583236694336,10.50639820098877
11,42,French,12.473812103271484,-0.7375957369804382
11,43,English,-0.634981632232666,7.483923435211182
11,43,French,1.0086275339126587,-8.118098258972168
11,44,English,4.978159427642822,9.46066665649414
11,44,French,10.844693183898926,-6.174144268035889
11,45,English,10.028118133544922,9.554837226867676
11,45,French,17.03028106689453,-4.949984550476074
11,46,English,-7.6336846351623535,4.461392879486084
11,46,French,-5.767794609069824,-7.400475025177002
11,47,English,-5.00175142288208,4.381937026977539
11,47,French,-1.5449235439300537,-9.325453758239746
11,48,English,-8.23208236694336,4.376738548278809
11,48,French,-5.122726917266846,-7.987107276916504
11,49,English,-5.800543308258057,5.351372241973877
11,49,French,-6.8829731941223145,-5.746283054351807
11,50,English,-8.593600273132324,4.938523292541504
11,50,French,-7.588903903961182,-6.117348670959473
11,51,English,5.913525581359863,9.403084754943848
11,51,French,12.288326263427734,-0.5184112191200256
11,52,English,-0.16091319918632507,7.794808387756348
11,52,French,12.85634994506836,-4.262807369232178
11,53,English,-3.9697773456573486,5.425297737121582
11,53,French,-8.29781436920166,-10.489850997924805
11,54,English,-6.978853225708008,6.349320411682129
11,54,French,-4.058347702026367,-8.292269706726074
11,55,English,-9.427643775939941,3.241750478744507
11,55,French,-7.248522758483887,-7.664681911468506
11,56,English,-6.247913837432861,5.935748100280762
11,56,French,-2.9603846073150635,-6.972980976104736
11,57,English,9.382166862487793,10.784893989562988
11,57,French,17.960548400878906,-2.592017650604248
11,58,English,3.5452139377593994,6.695666313171387
11,58,French,3.2908425331115723,-9.030374526977539
11,59,English,2.729633331298828,9.312445640563965
11,59,French,13.196026802062988,-6.492469310760498
11,60,English,-6.020747184753418,5.878156661987305
11,60,French,-5.487271785736084,-9.273927688598633
11,61,English,0.4703012704849243,5.777589321136475
11,61,French,3.9784107208251953,-6.496917724609375
11,62,English,-3.5596683025360107,6.7619805335998535
11,62,French,-1.4221587181091309,-8.840682029724121
11,63,English,0.15166163444519043,7.464518070220947
11,63,French,11.062110900878906,-11.375306129455566
11,64,English,-4.118896961212158,4.055543422698975
11,64,French,-2.25506329536438,-6.1223554611206055
11,65,English,1.6669760942459106,7.6200737953186035
11,65,French,11.695184707641602,-3.527559280395508
11,66,English,3.0490572452545166,7.215105056762695
11,66,French,7.465345859527588,-3.0869784355163574
11,67,English,5.175153732299805,10.835509300231934
11,67,French,14.2112455368042,-5.305356979370117
11,68,English,-9.440338134765625,3.9733314514160156
11,68,French,-8.106653213500977,-7.956147193908691
11,69,English,-9.578990936279297,3.897101402282715
11,69,French,-6.663866996765137,-8.366061210632324
11,70,English,6.540070533752441,8.548162460327148
11,70,French,8.899378776550293,-5.305003643035889
11,71,English,-7.6089606285095215,3.4248266220092773
11,71,French,-7.422255516052246,-3.0551846027374268
11,72,English,3.729996681213379,9.025382995605469
11,72,French,10.882405281066895,-3.573078155517578
11,73,English,5.92339563369751,8.504155158996582
11,73,French,3.4043548107147217,-4.938470840454102
11,74,English,-7.689843654632568,4.958549976348877
11,74,French,-5.856070041656494,-7.677679538726807
11,75,English,-3.1591920852661133,6.060455322265625
11,75,French,3.3713321685791016,-8.627702713012695
11,76,English,1.616872787475586,9.391875267028809
11,76,French,13.36270523071289,-6.200690746307373
11,77,English,1.9753718376159668,7.3092145919799805
11,77,French,12.06148624420166,-7.498814105987549
11,78,English,-7.310373783111572,3.5978922843933105
11,78,French,-6.303030014038086,-4.105156898498535
11,79,English,9.079055786132812,8.170689582824707
11,79,French,11.868412971496582,-5.98164701461792
11,80,English,-10.569710731506348,2.683316707611084
11,80,French,-8.87664794921875,-6.6292195320129395
11,81,English,-9.755453109741211,4.709959506988525
11,81,French,-7.49069881439209,-7.694172382354736
11,82,English,-8.959134101867676,4.35638427734375
11,82,French,-7.673513889312744,-8.357078552246094
11,83,English,6.215829372406006,9.347713470458984
11,83,French,6.224365711212158,-6.026773452758789
11,84,English,-7.747279167175293,5.684880256652832
11,84,French,-6.527794361114502,-5.217482089996338
11,85,English,8.180112838745117,5.481018543243408
11,85,French,12.73105239868164,-2.1115548610687256
11,86,English,-0.5125526189804077,7.730142593383789
11,86,French,3.0418360233306885,-6.851136207580566
11,87,English,-7.658721446990967,5.15078067779541
11,87,French,-5.977516174316406,-8.133650779724121
11,88,English,-10.084420204162598,4.047612190246582
11,88,French,-8.208634376525879,-8.65267562866211
11,89,English,-8.232497215270996,5.061570167541504
11,89,French,-7.281158924102783,-4.778761386871338
11,90,English,-9.972125053405762,3.69709849357605
11,90,French,-7.099483489990234,-8.338086128234863
11,91,English,-8.128643989562988,4.241031169891357
11,91,French,-6.173835277557373,-9.276007652282715
11,92,English,-0.44882068037986755,7.992872714996338
11,92,French,-3.775754690170288,-7.601383686065674
11,93,English,-7.914466381072998,5.090395927429199
11,93,French,-6.498032093048096,-8.402366638183594
11,94,English,-7.011906623840332,4.6138200759887695
11,94,French,-4.7755560874938965,-7.537371635437012
11,95,English,-9.11843490600586,2.046938896179199
11,95,French,-7.0079193115234375,-6.577174663543701
11,96,English,-1.0632692575454712,6.379269123077393
11,96,French,-2.9223525524139404,-7.115852355957031
11,97,English,0.19227465987205505,6.2064290046691895
11,97,French,4.388872146606445,-8.488492965698242
11,98,English,-8.02879810333252,5.743861675262451
11,98,French,-6.339000701904297,-3.34371280670166
11,99,English,-8.25203800201416,4.0522942543029785
11,99,French,-7.737885475158691,-6.623785972595215
11,100,English,8.646066665649414,10.149182319641113
11,100,French,15.485530853271484,-2.2751681804656982
11,101,English,-7.39937162399292,4.692437648773193
11,101,French,-6.8152995109558105,-6.952065467834473
11,102,English,12.644587516784668,6.6525421142578125
11,102,French,13.708977699279785,2.892821788787842
11,103,English,8.644516944885254,8.521246910095215
11,103,French,11.05970573425293,-3.011645555496216
11,104,English,3.7440624237060547,8.840957641601562
11,104,French,12.786806106567383,-3.005514144897461
11,105,English,8.342756271362305,7.712681293487549
11,105,French,11.832905769348145,3.0040340423583984
11,106,English,-6.489735126495361,5.983676433563232
11,106,French,-1.8409024477005005,-4.312487602233887
11,107,English,1.805798888206482,6.966705322265625
11,107,French,4.300849437713623,-7.658211708068848
11,108,English,2.991819143295288,7.879392623901367
11,108,French,15.540284156799316,-8.719515800476074
11,109,English,5.083768367767334,7.33528995513916
11,109,French,9.68868637084961,-6.4118170738220215
11,110,English,-9.514366149902344,3.7327916622161865
11,110,French,-1.4849976301193237,-7.329432964324951
11,111,English,0.10047338157892227,3.191542625427246
11,111,French,3.502622604370117,-4.676581859588623
11,112,English,-9.029552459716797,4.246494293212891
11,112,French,-7.8759260177612305,-8.241270065307617
11,113,English,-2.010793685913086,6.141263961791992
11,113,French,5.241241931915283,-6.429636001586914
11,114,English,9.540266036987305,8.909520149230957
11,114,French,13.539834976196289,-5.554050445556641
11,115,English,-8.13239574432373,3.874802350997925
11,115,French,-7.077480792999268,-8.079423904418945
11,116,English,3.962343454360962,9.399199485778809
11,116,French,9.851102828979492,-7.8187103271484375
11,117,English,-4.59710693359375,4.607165336608887
11,117,French,-1.2804204225540161,-5.085596084594727
11,118,English,-8.974308967590332,-0.9845072627067566
11,118,French,-7.59502649307251,-7.389371395111084
11,119,English,-9.66172981262207,3.483743190765381
11,119,French,-9.074165344238281,-9.101435661315918
11,120,English,-0.7217894792556763,7.79212760925293
11,120,French,-1.3576014041900635,-4.709423065185547
11,121,English,-4.305653095245361,6.631838321685791
11,121,French,-1.5457996129989624,-3.3295998573303223
11,122,English,-0.2928540110588074,-0.5453638434410095
11,122,French,-2.5681896209716797,-4.950060844421387
11,123,English,4.699206352233887,8.804964065551758
11,123,French,10.041261672973633,-6.398604393005371
11,124,English,12.147599220275879,5.32772159576416
11,124,French,14.017271041870117,-6.99675178527832
11,125,English,3.7007651329040527,8.398542404174805
11,125,French,15.178350448608398,-6.765187740325928
11,126,English,8.651654243469238,8.889570236206055
11,126,French,15.276349067687988,-4.856019496917725
11,127,English,-8.224935531616211,4.930870532989502
11,127,French,-6.634018421173096,-7.922525405883789
11,128,English,-4.263082027435303,5.109033107757568
11,128,French,-3.9861087799072266,-7.367532730102539
11,129,English,-11.294356346130371,2.8747055530548096
11,129,French,-8.550982475280762,-7.863007068634033
11,130,English,-8.105941772460938,4.034027576446533
11,130,French,-7.3269476890563965,-8.227336883544922
11,131,English,-8.37181568145752,3.551114559173584
11,131,French,-7.2063422203063965,-7.666371822357178
11,132,English,-8.743698120117188,4.230307102203369
11,132,French,-7.333744525909424,-6.951827526092529
11,133,English,-7.940944194793701,4.588860511779785
11,133,French,-4.8098649978637695,-8.463418006896973
11,134,English,-9.495535850524902,3.7131245136260986
11,134,French,-7.779573917388916,-6.972015857696533
11,135,English,-9.247841835021973,4.233922004699707
11,135,French,-8.091422080993652,-7.348896026611328
11,136,English,5.594510078430176,5.139902591705322
11,136,French,8.687479972839355,-0.5718183517456055
11,137,English,2.399639844894409,8.408541679382324
11,137,French,3.437152147293091,-4.060357570648193
11,138,English,3.826101303100586,8.982638359069824
11,138,French,13.439506530761719,-5.079854488372803
11,139,English,-8.488934516906738,4.033010482788086
11,139,French,-4.600541591644287,-8.165665626525879
11,140,English,1.4095497131347656,9.091408729553223
11,140,French,12.248967170715332,-8.399505615234375
11,141,English,-8.05233097076416,4.816549301147461
11,141,French,-7.381093978881836,-6.64302921295166
11,142,English,-5.83774995803833,5.2042036056518555
11,142,French,-4.862183570861816,-8.243240356445312
11,143,English,-9.741110801696777,4.690451145172119
11,143,French,-8.125618934631348,-8.77716064453125
11,144,English,-3.944694995880127,6.910388469696045
11,144,French,-2.6451239585876465,-6.609168529510498
11,145,English,-9.548579216003418,4.736630439758301
11,145,French,-8.165562629699707,-7.700904369354248
11,146,English,-7.463680744171143,4.302914619445801
11,146,French,-6.066835880279541,-8.485122680664062
11,147,English,4.658977031707764,8.545430183410645
11,147,French,14.410422325134277,-3.8821611404418945
11,148,English,-7.849793434143066,4.159575462341309
11,148,French,-7.671871662139893,-5.364959716796875
11,149,English,13.183330535888672,9.239789962768555
11,149,French,17.098674774169922,-6.838294982910156
11,150,English,9.808753967285156,6.5383148193359375
11,150,French,8.908151626586914,-6.210082530975342
11,151,English,-6.089169502258301,5.388942718505859
11,151,French,-3.939941883087158,-7.138518333435059
11,152,English,-0.7077353000640869,7.050597190856934
11,152,French,4.989764213562012,-8.01807975769043
11,153,English,-4.838046073913574,6.1353983879089355
11,153,French,-0.6046404242515564,-7.5251078605651855
11,154,English,-9.051427841186523,5.107321262359619
11,154,French,-7.896510601043701,-5.844291687011719
11,155,English,-10.249187469482422,3.043497085571289
11,155,French,-9.410130500793457,-7.745031356811523
11,156,English,-10.013487815856934,3.3148555755615234
11,156,French,-9.038177490234375,-6.3404436111450195
11,157,English,5.049452781677246,9.057503700256348
11,157,French,10.350212097167969,-7.559208393096924
11,158,English,4.824509143829346,9.176495552062988
11,158,French,10.03293228149414,-8.344639778137207
11,159,English,9.278915405273438,9.378301620483398
11,159,French,14.904951095581055,-8.009342193603516
11,160,English,-9.0047607421875,5.166183948516846
11,160,French,-8.442401885986328,-7.678177833557129
11,161,English,-4.353277683258057,5.80861759185791
11,161,French,-3.2772035598754883,-7.424222469329834
11,162,English,4.519924163818359,9.119562149047852
11,162,French,3.800346612930298,-4.909235000610352
11,163,English,8.383594512939453,9.444284439086914
11,163,French,12.412590980529785,-6.698593616485596
11,164,English,-6.024221897125244,6.094705104827881
11,164,French,-3.1860949993133545,-5.796586990356445
11,165,English,4.486051559448242,6.222218036651611
11,165,French,0.9317191243171692,-4.098406791687012
11,166,English,11.228675842285156,8.558987617492676
11,166,French,17.812583923339844,-5.4514689445495605
11,167,English,7.941641807556152,7.567897796630859
11,167,French,15.327593803405762,-11.059219360351562
11,168,English,0.6800485253334045,8.595815658569336
11,168,French,8.760747909545898,-3.912971258163452
11,169,English,-8.299943923950195,4.0678391456604
11,169,French,-7.550103664398193,-8.128913879394531
11,170,English,8.830083847045898,9.321954727172852
11,170,French,12.485087394714355,-2.796781301498413
11,171,English,1.6738430261611938,8.850119590759277
11,171,French,9.585912704467773,-5.867513656616211
11,172,English,6.853115558624268,8.64938735961914
11,172,French,12.992315292358398,-5.583681583404541
11,173,English,8.911055564880371,8.760323524475098
11,173,French,16.698415756225586,-9.488164901733398
11,174,English,-9.848894119262695,3.6305224895477295
11,174,French,-7.508738040924072,-9.888224601745605
11,175,English,-6.7420196533203125,5.308688640594482
11,175,French,-5.033638000488281,-5.489800930023193
11,176,English,3.8555562496185303,9.071393013000488
11,176,French,12.44478988647461,-4.73322057723999
11,177,English,-5.401618480682373,3.7943115234375
11,177,French,-4.969778060913086,-8.085457801818848
11,178,English,0.741499125957489,8.012826919555664
11,178,French,0.0609457828104496,-6.433835983276367
11,179,English,-5.1797051429748535,5.208535194396973
11,179,French,-4.192932605743408,-4.608789920806885
11,180,English,6.304555416107178,9.275854110717773
11,180,French,10.648886680603027,-2.8073740005493164
11,181,English,-5.077733993530273,5.8689374923706055
11,181,French,-3.182760715484619,-5.288811206817627
11,182,English,-1.899744987487793,6.712525844573975
11,182,French,-2.104759693145752,-5.9454874992370605
11,183,English,-9.228135108947754,2.168325185775757
11,183,French,-8.2249174118042,-6.121827125549316
11,184,English,11.294557571411133,10.636213302612305
11,184,French,12.527000427246094,-4.634647369384766
11,185,English,-4.794642925262451,7.453213691711426
11,185,French,1.8589081764221191,-6.754846572875977
11,186,English,-6.314151763916016,6.557231426239014
11,186,French,-5.194448471069336,-7.636794567108154
11,187,English,-9.97177505493164,3.5851354598999023
11,187,French,-8.725897789001465,-8.16829776763916
11,188,English,-7.995582580566406,4.161790370941162
11,188,French,-6.008411884307861,-8.196380615234375
11,189,English,4.651629447937012,6.750236511230469
11,189,French,10.352418899536133,-8.350054740905762
11,190,English,11.889738082885742,10.963276863098145
11,190,French,16.089887619018555,-0.4272102117538452
11,191,English,8.013195037841797,9.810186386108398
11,191,French,16.368026733398438,-6.449779987335205
11,192,English,9.718864440917969,7.663343906402588
11,192,French,4.697545051574707,-2.389559030532837
11,193,English,-10.010902404785156,3.4870002269744873
11,193,French,-7.387138843536377,-8.606481552124023
11,194,English,-7.9799323081970215,4.687063694000244
11,194,French,-7.16841983795166,-7.331349849700928
11,195,English,-8.49905776977539,3.9134082794189453
11,195,French,-7.1978373527526855,-6.898641109466553
11,196,English,-9.813854217529297,5.277029037475586
11,196,French,-9.259414672851562,-6.978666305541992
11,197,English,-8.189498901367188,4.277211666107178
11,197,French,-7.307819366455078,-7.765589237213135
11,198,English,5.178806781768799,8.721351623535156
11,198,French,5.548843860626221,-7.613656520843506
11,199,English,-9.572386741638184,2.744081974029541
11,199,French,-8.288969039916992,-7.844574928283691
12,0,English,9.812382698059082,11.090485572814941
12,0,French,14.17343807220459,-4.559335708618164
12,1,English,-2.67039155960083,6.644238471984863
12,1,French,-5.466026306152344,-9.100171089172363
12,2,English,2.924281597137451,9.237784385681152
12,2,French,9.648089408874512,-8.780834197998047
12,3,English,-7.670138835906982,5.248592853546143
12,3,French,-7.303979873657227,-6.955272197723389
12,4,English,-11.493146896362305,4.533426761627197
12,4,French,-9.739339828491211,-9.6345853805542
12,5,English,8.241976737976074,9.813504219055176
12,5,French,19.530282974243164,-8.00507640838623
12,6,English,-10.647222518920898,3.6029863357543945
12,6,French,-9.093283653259277,-7.099686622619629
12,7,English,-6.415392875671387,5.919732570648193
12,7,French,-5.659686088562012,-6.8821587562561035
12,8,English,7.199512004852295,8.543461799621582
12,8,French,11.633769035339355,-4.005411624908447
12,9,English,-2.7482821941375732,6.688936710357666
12,9,French,-2.2300007343292236,-4.373095512390137
12,10,English,-6.379856109619141,7.046819686889648
12,10,French,8.73012924194336,-10.191483497619629
12,11,English,-6.3847503662109375,4.900485038757324
12,11,French,3.896728754043579,-8.656110763549805
12,12,English,1.4922581911087036,6.261404991149902
12,12,French,7.1746826171875,-4.7327375411987305
12,13,English,5.592617988586426,9.542441368103027
12,13,French,11.195999145507812,-5.047911167144775
12,14,English,-9.802689552307129,5.420525074005127
12,14,French,-6.64090633392334,-7.461587905883789
12,15,English,-11.162446022033691,2.9756460189819336
12,15,French,-9.099068641662598,-5.213618278503418
12,16,English,-1.1974574327468872,8.24626636505127
12,16,French,-3.1114256381988525,-7.708352565765381
12,17,English,-3.168423891067505,7.7487030029296875
12,17,French,-0.022077517583966255,-7.969622611999512
12,18,English,6.988523960113525,10.960808753967285
12,18,French,16.963647842407227,-4.406532287597656
12,19,English,-11.917689323425293,3.6985108852386475
12,19,French,-10.196868896484375,-7.983762264251709
12,20,English,-0.9006137251853943,8.10561752319336
12,20,French,5.8837809562683105,-6.99387788772583
12,21,English,-5.690378665924072,6.856619834899902
12,21,French,-3.9487712383270264,-8.947380065917969
12,22,English,7.08692741394043,11.465211868286133
12,22,French,15.45374584197998,-7.625616550445557
12,23,English,-12.343462944030762,3.774472713470459
12,23,French,-9.239136695861816,-9.536081314086914
12,24,English,11.808083534240723,11.638947486877441
12,24,French,18.453523635864258,-4.808462142944336
12,25,English,-0.43431735038757324,7.446719169616699
12,25,French,5.883974552154541,-9.165178298950195
12,26,English,1.5152995586395264,10.041050910949707
12,26,French,10.640969276428223,-4.901693820953369
12,27,English,-10.086934089660645,5.406838893890381
12,27,French,-7.429275035858154,-7.244705677032471
12,28,English,-8.785898208618164,4.752356052398682
12,28,French,-7.068396091461182,-6.989591598510742
12,29,English,-3.7829794883728027,7.114726543426514
12,29,French,0.4612824320793152,-9.558135032653809
12,30,English,-6.015632152557373,4.3544464111328125
12,30,French,-6.271011829376221,-2.4989261627197266
12,31,English,11.851802825927734,11.592635154724121
12,31,French,16.11470603942871,-1.034510612487793
12,32,English,-8.724211692810059,4.761671543121338
12,32,French,-7.918907642364502,-8.461223602294922
12,33,English,5.704141616821289,11.285199165344238
12,33,French,14.477691650390625,-5.199818134307861
12,34,English,3.9209554195404053,9.081707000732422
12,34,French,12.445630073547363,-7.132411956787109
12,35,English,1.7112873792648315,7.823444366455078
12,35,French,9.523715019226074,-3.9943132400512695
12,36,English,-11.045858383178711,3.4706854820251465
12,36,French,-9.148480415344238,-5.211423873901367
12,37,English,-5.886855125427246,7.802636623382568
12,37,French,-2.8815231323242188,-8.128536224365234
12,38,English,-7.560242176055908,6.355125427246094
12,38,French,-8.365246772766113,-8.75750732421875
12,39,English,1.3537250757217407,9.78503704071045
12,39,French,6.38460636138916,-9.843642234802246
12,40,English,7.335351943969727,10.467658042907715
12,40,French,18.83670425415039,-6.061955451965332
12,41,English,6.749894618988037,11.379406929016113
12,41,French,15.240038871765137,-5.104262351989746
12,42,English,9.446125984191895,11.21406078338623
12,42,French,13.694687843322754,-3.00382399559021
12,43,English,-0.01570112071931362,9.26778507232666
12,43,French,1.4224292039871216,-7.725619316101074
12,44,English,5.74297571182251,10.724014282226562
12,44,French,13.270792007446289,-6.515787124633789
12,45,English,11.808083534240723,11.638947486877441
12,45,French,19.27194595336914,-5.811258792877197
12,46,English,-9.05776596069336,4.66698694229126
12,46,French,-7.323816776275635,-8.358993530273438
12,47,English,-5.95086145401001,4.542745590209961
12,47,French,-1.8344610929489136,-10.618664741516113
12,48,English,-9.762475967407227,4.4980082511901855
12,48,French,-6.051229476928711,-8.619138717651367
12,49,English,-7.41700553894043,5.270761013031006
12,49,French,-7.80096960067749,-6.9005889892578125
12,50,English,-9.352104187011719,5.121890068054199
12,50,French,-7.978080749511719,-7.6572265625
12,51,English,6.818985939025879,10.949981689453125
12,51,French,14.752259254455566,-3.062471628189087
12,52,English,1.5361331701278687,9.81383228302002
12,52,French,16.342897415161133,-4.238138198852539
12,53,English,-5.187113285064697,5.707268238067627
12,53,French,-9.179369926452637,-11.766515731811523
12,54,English,-8.017232894897461,6.658336162567139
12,54,French,-4.827239513397217,-8.670741081237793
12,55,English,-10.529688835144043,3.604066848754883
12,55,French,-7.741627216339111,-8.167716979980469
12,56,English,-6.543624401092529,6.217252731323242
12,56,French,-2.783783197402954,-8.215193748474121
12,57,English,10.80258846282959,11.990553855895996
12,57,French,21.350820541381836,-4.327635288238525
12,58,English,2.497775077819824,7.628152847290039
12,58,French,3.3540337085723877,-10.462746620178223
12,59,English,4.250328063964844,10.778284072875977
12,59,French,15.153772354125977,-6.819613456726074
12,60,English,-6.97848653793335,6.0303053855896
12,60,French,-5.754276275634766,-10.030640602111816
12,61,English,0.6303670406341553,7.100891590118408
12,61,French,5.037171363830566,-6.995265483856201
12,62,English,-3.5961029529571533,7.6649909019470215
12,62,French,-1.1708343029022217,-9.37950325012207
12,63,English,1.124271035194397,9.05257511138916
12,63,French,12.92038631439209,-11.82163143157959
12,64,English,-5.256595134735107,3.7922966480255127
12,64,French,-2.382730484008789,-7.114366054534912
12,65,English,2.5460970401763916,8.872102737426758
12,65,French,14.61009693145752,-3.908134937286377
12,66,English,2.6286041736602783,8.836304664611816
12,66,French,8.307510375976562,-3.0534121990203857
12,67,English,6.600203990936279,12.221148490905762
12,67,French,16.120027542114258,-6.658567905426025
12,68,English,-11.064245223999023,4.420490264892578
12,68,French,-9.194563865661621,-7.89268684387207
12,69,English,-11.154218673706055,3.925562858581543
12,69,French,-8.04211139678955,-9.312445640563965
12,70,English,6.928889274597168,9.857751846313477
12,70,French,10.1198091506958,-5.525104522705078
12,71,English,-9.161782264709473,3.418525218963623
12,71,French,-8.66889476776123,-3.874001979827881
12,72,English,4.329864025115967,10.325909614562988
12,72,French,13.128589630126953,-4.955646514892578
12,73,English,6.797578811645508,9.573962211608887
12,73,French,3.2692372798919678,-5.718661308288574
12,74,English,-9.153525352478027,5.519427299499512
12,74,French,-6.806769371032715,-8.096236228942871
12,75,English,-3.1724162101745605,7.624812126159668
12,75,French,4.253345966339111,-8.9043607711792
12,76,English,2.866051197052002,10.511704444885254
12,76,French,13.791893005371094,-6.60124397277832
12,77,English,2.5535736083984375,8.248869895935059
12,77,French,12.1819486618042,-8.211648941040039
12,78,English,-8.011256217956543,4.254248142242432
12,78,French,-6.395007610321045,-4.36212682723999
12,79,English,8.828104972839355,8.577018737792969
12,79,French,13.911454200744629,-8.339798927307129
12,80,English,-12.091625213623047,2.5873875617980957
12,80,French,-10.181384086608887,-7.238372802734375
12,81,English,-10.769122123718262,5.289418697357178
12,81,French,-8.604318618774414,-8.48477554321289
12,82,English,-10.092150688171387,4.418903827667236
12,82,French,-8.536580085754395,-9.340287208557129
12,83,English,6.303461074829102,10.812102317810059
12,83,French,7.491399765014648,-6.991621017456055
12,84,English,-9.011368751525879,5.858833312988281
12,84,French,-7.680176734924316,-5.586562633514404
12,85,English,8.57079792022705,6.0704145431518555
12,85,French,15.12775707244873,-2.2352843284606934
12,86,English,0.14199398458003998,8.585197448730469
12,86,French,4.331072807312012,-7.861052989959717
12,87,English,-8.139411926269531,5.016818046569824
12,87,French,-6.035980224609375,-9.40121078491211
12,88,English,-11.757800102233887,3.979614496231079
12,88,French,-9.492515563964844,-9.20123291015625
12,89,English,-9.692585945129395,5.130429267883301
12,89,French,-7.864964485168457,-5.516490459442139
12,90,English,-11.0008544921875,3.7118167877197266
12,90,French,-7.927221298217773,-8.369913101196289
12,91,English,-9.192216873168945,4.977520942687988
12,91,French,-7.139768123626709,-10.114798545837402
12,92,English,-0.7943601012229919,8.748167991638184
12,92,French,-4.531656265258789,-8.34006118774414
12,93,English,-8.753021240234375,5.307692527770996
12,93,French,-7.210578918457031,-8.541086196899414
12,94,English,-6.498456001281738,5.700177192687988
12,94,French,-4.431911468505859,-8.391959190368652
12,95,English,-10.340328216552734,2.2289493083953857
12,95,French,-8.218550682067871,-6.994313716888428
12,96,English,-2.8258607387542725,6.374856472015381
12,96,French,-3.210949659347534,-8.419492721557617
12,97,English,-0.19441558420658112,7.072957992553711
12,97,French,4.517645835876465,-8.96158218383789
12,98,English,-9.122481346130371,6.083386421203613
12,98,French,-6.809216499328613,-4.116904258728027
12,99,English,-10.461957931518555,3.862246036529541
12,99,French,-9.059152603149414,-7.400589466094971
12,100,English,9.978683471679688,11.918359756469727
12,100,French,18.15103530883789,-4.357438564300537
12,101,English,-8.898313522338867,4.421234607696533
12,101,French,-7.975414752960205,-7.912993907928467
12,102,English,12.964635848999023,7.641720294952393
12,102,French,14.59333324432373,2.4342339038848877
12,103,English,10.043683052062988,10.740189552307129
12,103,French,12.585567474365234,-3.272380828857422
12,104,English,4.8219313621521,10.540902137756348
12,104,French,15.545291900634766,-3.193108558654785
12,105,English,8.920269966125488,8.75919246673584
12,105,French,13.673169136047363,2.401031494140625
12,106,English,-6.7409234046936035,6.002383232116699
12,106,French,-1.4481029510498047,-5.523317337036133
12,107,English,1.3350322246551514,7.671326160430908
12,107,French,4.821229934692383,-8.612309455871582
12,108,English,4.186300277709961,9.73848819732666
12,108,French,17.523399353027344,-9.452406883239746
12,109,English,4.364138603210449,8.11816692352295
12,109,French,10.448241233825684,-7.269322872161865
12,110,English,-11.226419448852539,3.944514513015747
12,110,French,-1.6936354637145996,-8.122733116149902
12,111,English,-1.3692302703857422,4.064513683319092
12,111,French,3.219181776046753,-4.306151390075684
12,112,English,-10.282135009765625,4.0826263427734375
12,112,French,-8.829331398010254,-9.036076545715332
12,113,English,-1.2883473634719849,7.616464138031006
12,113,French,6.083901405334473,-7.47098445892334
12,114,English,9.07422161102295,10.506712913513184
12,114,French,14.631031036376953,-6.296754837036133
12,115,English,-9.531837463378906,3.6373660564422607
12,115,French,-8.500892639160156,-8.797101974487305
12,116,English,4.540716648101807,11.16708755493164
12,116,French,10.980644226074219,-8.593527793884277
12,117,English,-4.972120761871338,5.621520519256592
12,117,French,-1.1759854555130005,-5.973291397094727
12,118,English,-9.946316719055176,-0.9391661286354065
12,118,French,-8.371847152709961,-8.532731056213379
12,119,English,-11.58147144317627,3.270991802215576
12,119,French,-9.93824577331543,-10.307703971862793
12,120,English,-0.4015215337276459,8.559229850769043
12,120,French,-1.2873187065124512,-4.761434078216553
12,121,English,-5.471543312072754,7.06606388092041
12,121,French,-1.8046847581863403,-3.952441453933716
12,122,English,-0.42457452416419983,-1.750375747680664
12,122,French,-2.72705078125,-5.834000110626221
12,123,English,4.063632965087891,9.024027824401855
12,123,French,13.111096382141113,-7.670683860778809
12,124,English,14.023493766784668,6.736960411071777
12,124,French,15.914081573486328,-7.76239538192749
12,125,English,4.769927501678467,10.403696060180664
12,125,French,17.462247848510742,-7.259333610534668
12,126,English,10.550008773803711,11.333328247070312
12,126,French,16.653736114501953,-6.70991849899292
12,127,English,-8.988725662231445,5.430756568908691
12,127,French,-7.33797025680542,-8.959123611450195
12,128,English,-5.702990531921387,5.81649923324585
12,128,French,-4.755829334259033,-8.047210693359375
12,129,English,-13.08963394165039,2.8319201469421387
12,129,French,-10.625483512878418,-9.053903579711914
12,130,English,-10.436027526855469,3.874295949935913
12,130,French,-8.233562469482422,-8.717297554016113
12,131,English,-10.120917320251465,3.5091609954833984
12,131,French,-7.649944305419922,-8.551898956298828
12,132,English,-10.131714820861816,4.631464004516602
12,132,French,-8.3799467086792,-7.400602340698242
12,133,English,-8.897445678710938,4.8495635986328125
12,133,French,-5.5348358154296875,-9.352344512939453
12,134,English,-11.327668190002441,3.7262091636657715
12,134,French,-8.986767768859863,-7.843857765197754
12,135,English,-10.59568977355957,3.9978549480438232
12,135,French,-9.143963813781738,-7.926620960235596
12,136,English,5.340610980987549,5.611690521240234
12,136,French,10.10555362701416,-2.095898151397705
12,137,English,3.3181653022766113,9.189793586730957
12,137,French,5.269969940185547,-4.348836898803711
12,138,English,4.4377007484436035,10.36312198638916
12,138,French,15.573958396911621,-6.3936920166015625
12,139,English,-10.46548080444336,3.937572717666626
12,139,French,-5.952915191650391,-9.485452651977539
12,140,English,1.5091664791107178,9.85930061340332
12,140,French,13.394651412963867,-8.877084732055664
12,141,English,-9.190954208374023,5.153304576873779
12,141,French,-8.594932556152344,-7.968260288238525
12,142,English,-6.188831806182861,5.855576992034912
12,142,French,-5.408441543579102,-8.903725624084473
12,143,English,-11.694964408874512,4.727299213409424
12,143,French,-9.26498794555664,-9.164491653442383
12,144,English,-4.446237087249756,7.8133544921875
12,144,French,-2.8805129528045654,-7.314487457275391
12,145,English,-10.4990873336792,4.700727462768555
12,145,French,-8.687321662902832,-8.34805965423584
12,146,English,-8.658658027648926,4.616476535797119
12,146,French,-6.715432643890381,-9.843786239624023
12,147,English,5.12104606628418,10.0581693649292
12,147,French,16.505084991455078,-3.874216318130493
12,148,English,-8.707112312316895,4.541411399841309
12,148,French,-8.080538749694824,-5.843803882598877
12,149,English,14.226753234863281,10.636736869812012
12,149,French,17.957761764526367,-7.257229328155518
12,150,English,9.145092010498047,8.14135456085205
12,150,French,11.278316497802734,-6.696976184844971
12,151,English,-7.055922031402588,5.498624801635742
12,151,French,-4.275360107421875,-7.921827793121338
12,152,English,-0.2928042411804199,8.605838775634766
12,152,French,6.389873027801514,-8.554887771606445
12,153,English,-6.556441783905029,5.965805530548096
12,153,French,-1.0330947637557983,-8.517657279968262
12,154,English,-10.574150085449219,5.113018989562988
12,154,French,-8.974614143371582,-7.312528133392334
12,155,English,-11.825034141540527,3.134265184402466
12,155,French,-10.999043464660645,-8.214082717895508
12,156,English,-11.24671745300293,3.593839406967163
12,156,French,-9.386017799377441,-6.723321437835693
12,157,English,5.025265216827393,10.699148178100586
12,157,French,10.717900276184082,-8.36668872833252
12,158,English,5.498425006866455,10.460670471191406
12,158,French,11.38417911529541,-9.419554710388184
12,159,English,10.104774475097656,11.409137725830078
12,159,French,17.94857406616211,-8.83671760559082
12,160,English,-10.05531120300293,5.534952640533447
12,160,French,-9.372954368591309,-7.915071964263916
12,161,English,-4.737431049346924,6.6867570877075195
12,161,French,-3.272381067276001,-8.427760124206543
12,162,English,3.8920788764953613,10.196178436279297
12,162,French,5.444364070892334,-5.223316669464111
12,163,English,9.778186798095703,11.802490234375
12,163,French,14.270174980163574,-6.682229518890381
12,164,English,-6.456672668457031,6.657620429992676
12,164,French,-3.211341142654419,-6.018832206726074
12,165,English,4.189177513122559,7.274928092956543
12,165,French,1.6992710828781128,-3.438694477081299
12,166,English,11.292438507080078,10.011652946472168
12,166,French,20.873769760131836,-6.155829906463623
12,167,English,10.135401725769043,9.631932258605957
12,167,French,17.5875301361084,-11.012524604797363
12,168,English,1.1789205074310303,9.468904495239258
12,168,French,10.872532844543457,-4.413514137268066
12,169,English,-9.190651893615723,4.239072322845459
12,169,French,-8.55293083190918,-8.820734024047852
12,170,English,8.78862190246582,11.145840644836426
12,170,French,14.716987609863281,-2.2257652282714844
12,171,English,2.718433380126953,10.31675910949707
12,171,French,11.158517837524414,-6.106238842010498
12,172,English,5.67985725402832,9.92066478729248
12,172,French,13.688164710998535,-6.791378974914551
12,173,English,9.07362174987793,10.27838134765625
12,173,French,19.572021484375,-11.316225051879883
12,174,English,-11.194992065429688,4.035211086273193
12,174,French,-8.940535545349121,-10.501070022583008
12,175,English,-7.733792304992676,5.432774543762207
12,175,French,-5.99545955657959,-6.1171956062316895
12,176,English,5.285811901092529,10.189688682556152
12,176,French,13.399150848388672,-5.262767791748047
12,177,English,-6.508525371551514,3.7642903327941895
12,177,French,-5.27454137802124,-8.468578338623047
12,178,English,0.9016059041023254,8.85820198059082
12,178,French,0.10145058482885361,-6.843085765838623
12,179,English,-6.23876428604126,5.690667629241943
12,179,French,-4.992859840393066,-5.710726737976074
12,180,English,8.176178932189941,10.656482696533203
12,180,French,12.791565895080566,-3.6263723373413086
12,181,English,-5.849786281585693,6.634249687194824
12,181,French,-3.503469944000244,-5.925767421722412
12,182,English,-2.2812132835388184,7.16074275970459
12,182,French,-2.264188766479492,-6.6141438484191895
12,183,English,-11.359875679016113,1.9765620231628418
12,183,French,-9.415244102478027,-6.64153528213501
12,184,English,11.993884086608887,11.759868621826172
12,184,French,14.219277381896973,-5.56444787979126
12,185,English,-5.353939533233643,8.20649528503418
12,185,French,1.8163200616836548,-7.70880651473999
12,186,English,-6.935881614685059,7.054867744445801
12,186,French,-5.915240287780762,-9.282281875610352
12,187,English,-11.794535636901855,3.4546620845794678
12,187,French,-10.122602462768555,-9.847552299499512
12,188,English,-9.023879051208496,4.501887321472168
12,188,French,-7.134607791900635,-9.283723831176758
12,189,English,4.81158971786499,8.136320114135742
12,189,French,11.356410026550293,-8.352758407592773
12,190,English,12.953509330749512,12.557844161987305
12,190,French,19.79157257080078,-1.5347816944122314
12,191,English,8.495945930480957,11.391752243041992
12,191,French,19.86792755126953,-8.028141975402832
12,192,English,8.342168807983398,9.101783752441406
12,192,French,5.41949462890625,-3.291438341140747
12,193,English,-11.667950630187988,3.6101527214050293
12,193,French,-8.419116973876953,-9.699620246887207
12,194,English,-8.713160514831543,4.990762233734131
12,194,French,-8.556102752685547,-8.548710823059082
12,195,English,-9.228948593139648,4.284676551818848
12,195,French,-7.275931358337402,-7.376463890075684
12,196,English,-10.982399940490723,4.999314785003662
12,196,French,-9.97453498840332,-7.560224533081055
12,197,English,-9.768074989318848,4.154565811157227
12,197,French,-7.451033115386963,-8.352143287658691
12,198,English,5.070483207702637,10.297682762145996
12,198,French,6.548213481903076,-7.895453453063965
12,199,English,-10.8239107131958,3.2036285400390625
12,199,French,-8.994924545288086,-8.309612274169922
13,0,English,10.708428382873535,9.880228042602539
13,0,French,13.475278854370117,-5.748411178588867
13,1,English,-2.843637228012085,7.066442966461182
13,1,French,-5.778769016265869,-8.144258499145508
13,2,English,3.5586423873901367,9.215487480163574
13,2,French,8.967496871948242,-9.15536117553711
13,3,English,-7.278264045715332,5.813316822052002
13,3,French,-7.836277008056641,-6.8596906661987305
13,4,English,-10.98570442199707,5.594613075256348
13,4,French,-10.254181861877441,-8.906514167785645
13,5,English,9.328418731689453,9.753320693969727
13,5,French,18.178186416625977,-7.814760684967041
13,6,English,-10.08181381225586,4.184774875640869
13,6,French,-9.242423057556152,-6.68537712097168
13,7,English,-6.574688911437988,5.902149200439453
13,7,French,-6.7334136962890625,-7.268941879272461
13,8,English,8.246145248413086,7.841742038726807
13,8,French,11.145869255065918,-5.261456489562988
13,9,English,-2.716843605041504,6.214089393615723
13,9,French,-2.8680620193481445,-5.231791019439697
13,10,English,-5.730924606323242,7.273239612579346
13,10,French,7.762532711029053,-11.916534423828125
13,11,English,-6.065454959869385,5.316075325012207
13,11,French,3.0355637073516846,-8.8662748336792
13,12,English,2.472057342529297,5.519965171813965
13,12,French,6.67462158203125,-5.701620101928711
13,13,English,6.912422180175781,8.593311309814453
13,13,French,10.878110885620117,-5.8419294357299805
13,14,English,-9.62008285522461,6.350525856018066
13,14,French,-7.50234317779541,-6.966886520385742
13,15,English,-11.100252151489258,3.7328922748565674
13,15,French,-9.609513282775879,-4.66591739654541
13,16,English,-1.077397108078003,8.002886772155762
13,16,French,-4.041725158691406,-7.655256748199463
13,17,English,-1.7988793849945068,7.876279830932617
13,17,French,-0.5282217860221863,-7.3193182945251465
13,18,English,8.79774284362793,10.92652702331543
13,18,French,16.714916229248047,-5.3308258056640625
13,19,English,-11.68795394897461,4.661296367645264
13,19,French,-10.426854133605957,-7.425593852996826
13,20,English,0.443189412355423,7.631839752197266
13,20,French,5.847115516662598,-7.657598972320557
13,21,English,-5.118148326873779,7.215692520141602
13,21,French,-4.322915554046631,-9.10166072845459
13,22,English,8.2578706741333,10.547157287597656
13,22,French,14.651927947998047,-9.420123100280762
13,23,English,-11.928025245666504,4.879542350769043
13,23,French,-9.429121017456055,-8.5836763381958
13,24,English,12.9705810546875,10.322820663452148
13,24,French,16.99396514892578,-5.689096927642822
13,25,English,0.4145734906196594,7.88405704498291
13,25,French,6.057942867279053,-9.201013565063477
13,26,English,2.4015793800354004,10.253286361694336
13,26,French,9.943498611450195,-5.186462879180908
13,27,English,-9.448994636535645,6.033513069152832
13,27,French,-7.871525287628174,-7.070380687713623
13,28,English,-9.080719947814941,5.3817138671875
13,28,French,-7.965686321258545,-6.749249458312988
13,29,English,-3.3699655532836914,7.669975757598877
13,29,French,0.0475018210709095,-9.164740562438965
13,30,English,-4.9800543785095215,4.721309185028076
13,30,French,-6.591643333435059,-2.441617727279663
13,31,English,13.102839469909668,11.146175384521484
13,31,French,16.245500564575195,-3.4838154315948486
13,32,English,-8.95794677734375,5.477658748626709
13,32,French,-8.366628646850586,-7.905203819274902
13,33,English,7.072066307067871,10.434581756591797
13,33,French,13.59575366973877,-6.098111629486084
13,34,English,4.451669216156006,8.540129661560059
13,34,French,11.100144386291504,-7.687812328338623
13,35,English,2.592268943786621,7.979861259460449
13,35,French,9.439021110534668,-4.654728889465332
13,36,English,-10.904379844665527,4.231208324432373
13,36,French,-9.243782997131348,-5.0648064613342285
13,37,English,-5.2518439292907715,8.502720832824707
13,37,French,-3.377971649169922,-8.85167407989502
13,38,English,-7.044429302215576,6.7947845458984375
13,38,French,-8.970190048217773,-8.440303802490234
13,39,English,2.2255115509033203,9.85836124420166
13,39,French,5.599954128265381,-10.059808731079102
13,40,English,8.298676490783691,9.874335289001465
13,40,French,17.436277389526367,-6.887761116027832
13,41,English,7.70042610168457,10.650725364685059
13,41,French,14.331856727600098,-5.9451494216918945
13,42,English,10.881093978881836,10.459733009338379
13,42,French,12.739202499389648,-4.1258463859558105
13,43,English,-0.17529930174350739,9.049910545349121
13,43,French,0.5068532824516296,-7.497051239013672
13,44,English,6.5226030349731445,9.93991756439209
13,44,French,12.521367073059082,-7.191380023956299
13,45,English,12.9705810546875,10.322820663452148
13,45,French,17.720243453979492,-6.207244873046875
13,46,English,-7.731292247772217,5.831293106079102
13,46,French,-7.390045166015625,-7.736770153045654
13,47,English,-5.757997512817383,4.950234413146973
13,47,French,-2.493069648742676,-9.762591361999512
13,48,English,-9.531221389770508,4.954165935516357
13,48,French,-6.594544410705566,-8.360956192016602
13,49,English,-7.050769329071045,5.793923854827881
13,49,French,-8.69888687133789,-6.205377101898193
13,50,English,-8.550792694091797,5.879317760467529
13,50,French,-8.139530181884766,-7.687824249267578
13,51,English,8.393855094909668,9.743342399597168
13,51,French,14.403690338134766,-4.768212795257568
13,52,English,2.044966459274292,9.732375144958496
13,52,French,14.593648910522461,-5.611279010772705
13,53,English,-5.397738456726074,5.872432708740234
13,53,French,-10.091171264648438,-11.08841323852539
13,54,English,-7.596236705780029,7.506555080413818
13,54,French,-5.734127044677734,-8.713298797607422
13,55,English,-10.384044647216797,4.064540863037109
13,55,French,-8.367862701416016,-8.31077766418457
13,56,English,-5.876364707946777,6.174874305725098
13,56,French,-3.629800796508789,-8.26952075958252
13,57,English,11.379003524780273,10.159396171569824
13,57,French,19.508195877075195,-4.2833051681518555
13,58,English,2.890180826187134,7.332540988922119
13,58,French,2.3643412590026855,-10.395442008972168
13,59,English,5.784674644470215,10.46323299407959
13,59,French,14.320130348205566,-6.704017162322998
13,60,English,-6.836068630218506,6.289033889770508
13,60,French,-6.4503397941589355,-10.258071899414062
13,61,English,1.828389286994934,6.849813461303711
13,61,French,4.604818820953369,-7.148814678192139
13,62,English,-3.1664810180664062,7.781970024108887
13,62,French,-2.03025221824646,-8.684980392456055
13,63,English,2.5361194610595703,9.259230613708496
13,63,French,11.953441619873047,-11.502751350402832
13,64,English,-4.557173728942871,4.28006649017334
13,64,French,-2.8903138637542725,-7.3076887130737305
13,65,English,3.974566698074341,8.916083335876465
13,65,French,14.01059341430664,-5.320648193359375
13,66,English,3.537841320037842,8.187394142150879
13,66,French,8.1904935836792,-2.9578189849853516
13,67,English,7.663862228393555,12.030909538269043
13,67,French,14.197416305541992,-6.3943915367126465
13,68,English,-10.96723461151123,5.3132781982421875
13,68,French,-9.803224563598633,-7.0789313316345215
13,69,English,-11.15031909942627,5.34688663482666
13,69,French,-8.473812103271484,-8.731696128845215
13,70,English,7.888707637786865,8.958614349365234
13,70,French,9.48611068725586,-6.269634246826172
13,71,English,-8.708352088928223,3.840945243835449
13,71,French,-8.572361946105957,-4.203999042510986
13,72,English,5.958420276641846,10.201919555664062
13,72,French,12.72937297821045,-6.072823524475098
13,73,English,7.106403827667236,8.529302597045898
13,73,French,2.6013941764831543,-6.948103904724121
13,74,English,-8.511631965637207,6.154238700866699
13,74,French,-6.982459545135498,-8.093941688537598
13,75,English,-2.4204893112182617,8.42619800567627
13,75,French,4.261147499084473,-8.590875625610352
13,76,English,3.8043456077575684,10.172457695007324
13,76,French,13.173224449157715,-7.18588924407959
13,77,English,3.3308680057525635,7.935103893280029
13,77,French,10.990376472473145,-7.836810111999512
13,78,English,-7.902113437652588,4.5064897537231445
13,78,French,-6.711774826049805,-4.690392971038818
13,79,English,9.20293140411377,7.218969821929932
13,79,French,12.253545761108398,-10.436973571777344
13,80,English,-11.528332710266113,3.4873218536376953
13,80,French,-10.48120403289795,-6.789835453033447
13,81,English,-10.484273910522461,5.9921650886535645
13,81,French,-9.43918228149414,-7.482390880584717
13,82,English,-9.966796875,4.779087066650391
13,82,French,-9.401514053344727,-8.399628639221191
13,83,English,7.251265525817871,10.038105964660645
13,83,French,7.418642044067383,-7.845196723937988
13,84,English,-9.021225929260254,5.870348930358887
13,84,French,-8.123499870300293,-5.71045446395874
13,85,English,9.729373931884766,5.079867362976074
13,85,French,14.236699104309082,-4.014052391052246
13,86,English,1.169985055923462,8.49402904510498
13,86,French,3.653392791748047,-7.988376140594482
13,87,English,-7.6179585456848145,5.674251079559326
13,87,French,-6.754599094390869,-9.173686027526855
13,88,English,-11.522626876831055,5.257747173309326
13,88,French,-9.993172645568848,-8.636788368225098
13,89,English,-9.304472923278809,5.549429416656494
13,89,French,-7.696569919586182,-5.847536563873291
13,90,English,-10.812420845031738,4.183170795440674
13,90,French,-8.452239990234375,-7.928012847900391
13,91,English,-8.96672248840332,5.861255645751953
13,91,French,-7.803227424621582,-9.47121810913086
13,92,English,-0.21147805452346802,8.726424217224121
13,92,French,-4.537837505340576,-8.56155776977539
13,93,English,-8.358648300170898,6.152657985687256
13,93,French,-7.446157455444336,-7.961875915527344
13,94,English,-5.833942413330078,6.460071563720703
13,94,French,-4.795338153839111,-7.5599775314331055
13,95,English,-10.276905059814453,2.565051555633545
13,95,French,-8.502784729003906,-6.399747848510742
13,96,English,-2.7641687393188477,6.087590217590332
13,96,French,-3.959601640701294,-8.06464672088623
13,97,English,0.529966413974762,7.567258834838867
13,97,French,4.280160903930664,-8.399009704589844
13,98,English,-8.933425903320312,6.827274799346924
13,98,French,-6.970664024353027,-4.317926406860352
13,99,English,-11.119362831115723,4.542367458343506
13,99,French,-10.016695976257324,-7.156164646148682
13,100,English,11.123067855834961,10.930896759033203
13,100,French,17.06329345703125,-4.578803539276123
13,101,English,-8.921725273132324,4.5817179679870605
13,101,French,-8.623498916625977,-7.245593070983887
13,102,English,13.932689666748047,6.813186168670654
13,102,French,14.918147087097168,0.6373615860939026
13,103,English,11.434535026550293,9.968217849731445
13,103,French,12.77794361114502,-4.378142833709717
13,104,English,7.050603866577148,10.807744026184082
13,104,French,14.689414024353027,-3.2631900310516357
13,105,English,9.201051712036133,7.448716163635254
13,105,French,13.463530540466309,2.0965476036071777
13,106,English,-6.601322174072266,6.620262145996094
13,106,French,-1.9877489805221558,-6.09363317489624
13,107,English,1.9922369718551636,8.089731216430664
13,107,French,4.327693462371826,-8.983885765075684
13,108,English,5.483121395111084,9.745220184326172
13,108,French,16.031774520874023,-9.228548049926758
13,109,English,5.319803714752197,7.6086602210998535
13,109,French,9.712276458740234,-8.120336532592773
13,110,English,-11.684603691101074,4.49702262878418
13,110,French,-2.7317893505096436,-7.763113021850586
13,111,English,-1.4726181030273438,4.169815540313721
13,111,French,2.7424850463867188,-5.499514579772949
13,112,English,-9.782559394836426,4.717548847198486
13,112,French,-9.066704750061035,-8.826443672180176
13,113,English,-0.19468151032924652,7.890583038330078
13,113,French,5.979783535003662,-8.265396118164062
13,114,English,9.901925086975098,9.9169340133667
13,114,French,14.023791313171387,-6.501783847808838
13,115,English,-9.003352165222168,4.953486919403076
13,115,French,-8.145085334777832,-7.839970111846924
13,116,English,5.776209831237793,10.926883697509766
13,116,French,10.347086906433105,-8.56115436553955
13,117,English,-5.337649822235107,6.14481258392334
13,117,French,-2.242375373840332,-5.582230567932129
13,118,English,-9.980944633483887,-0.5407637357711792
13,118,French,-9.072803497314453,-8.264585494995117
13,119,English,-11.894829750061035,4.22771692276001
13,119,French,-10.667500495910645,-9.50645923614502
13,120,English,-0.16814327239990234,8.461909294128418
13,120,French,-1.9699459075927734,-5.187160491943359
13,121,English,-5.2472615242004395,7.233458518981934
13,121,French,-2.2405905723571777,-4.06530237197876
13,122,English,-1.3523434400558472,-2.6610589027404785
13,122,French,-4.0165886878967285,-5.848742485046387
13,123,English,5.623230934143066,9.302691459655762
13,123,French,12.07184886932373,-7.512634754180908
13,124,English,14.392193794250488,6.025242328643799
13,124,French,13.916913032531738,-8.050263404846191
13,125,English,6.006423473358154,9.71956729888916
13,125,French,16.505586624145508,-7.27357292175293
13,126,English,11.543662071228027,10.414859771728516
13,126,French,16.11256217956543,-6.86097526550293
13,127,English,-8.232977867126465,6.245489597320557
13,127,French,-7.338484764099121,-8.401827812194824
13,128,English,-4.859526634216309,5.85980749130249
13,128,French,-4.801700592041016,-8.402383804321289
13,129,English,-13.078812599182129,3.604867458343506
13,129,French,-10.722197532653809,-8.64824390411377
13,130,English,-10.118460655212402,4.813423156738281
13,130,French,-8.923585891723633,-7.897282600402832
13,131,English,-9.426172256469727,4.115049362182617
13,131,French,-8.173130989074707,-7.886011600494385
13,132,English,-9.513986587524414,5.509613037109375
13,132,French,-8.7975435256958,-6.941997528076172
13,133,English,-8.83914852142334,5.49429178237915
13,133,French,-6.2350382804870605,-9.071617126464844
13,134,English,-11.197224617004395,5.0129876136779785
13,134,French,-9.232367515563965,-7.457243919372559
13,135,English,-10.373180389404297,4.070016384124756
13,135,French,-9.566035270690918,-7.310860633850098
13,136,English,6.079826831817627,5.309319496154785
13,136,French,9.009808540344238,-4.106179237365723
13,137,English,4.401456356048584,8.841556549072266
13,137,French,5.812326908111572,-4.64228630065918
13,138,English,5.457584857940674,10.693962097167969
13,138,French,14.365564346313477,-7.21259069442749
13,139,English,-9.981488227844238,4.356854438781738
13,139,French,-6.249118328094482,-9.32315444946289
13,140,English,2.5244410037994385,10.333205223083496
13,140,French,13.01761245727539,-9.326530456542969
13,141,English,-9.069469451904297,5.890547752380371
13,141,French,-9.02120304107666,-7.583343029022217
13,142,English,-6.297135829925537,6.238844871520996
13,142,French,-6.827450275421143,-8.632835388183594
13,143,English,-11.307046890258789,6.121330738067627
13,143,French,-9.868056297302246,-8.180680274963379
13,144,English,-3.909071922302246,8.046533584594727
13,144,French,-3.6536052227020264,-7.3450188636779785
13,145,English,-9.966236114501953,5.5496015548706055
13,145,French,-8.85184383392334,-7.501031398773193
13,146,English,-8.595698356628418,6.331692218780518
13,146,French,-7.7222466468811035,-9.509992599487305
13,147,English,6.465109348297119,10.096657752990723
13,147,French,15.57419204711914,-4.810403823852539
13,148,English,-8.545119285583496,4.971002101898193
13,148,French,-8.577118873596191,-6.075911998748779
13,149,English,15.339385986328125,9.639776229858398
13,149,French,17.175325393676758,-8.113935470581055
13,150,English,10.661348342895508,7.428094387054443
13,150,French,10.207422256469727,-7.038029670715332
13,151,English,-5.847003936767578,6.297386646270752
13,151,French,-4.197837829589844,-8.173649787902832
13,152,English,0.5732704401016235,8.327445983886719
13,152,French,5.660325527191162,-9.283639907836914
13,153,English,-6.828072547912598,6.105681896209717
13,153,French,-2.227154016494751,-9.069226264953613
13,154,English,-10.504874229431152,5.965539932250977
13,154,French,-9.643988609313965,-7.3987345695495605
13,155,English,-11.477377891540527,4.130236625671387
13,155,French,-11.056111335754395,-7.192865371704102
13,156,English,-11.33244800567627,4.283158302307129
13,156,French,-9.747939109802246,-6.414112567901611
13,157,English,6.515390396118164,10.131088256835938
13,157,French,10.044058799743652,-8.507417678833008
13,158,English,7.123990535736084,9.939435005187988
13,158,French,10.417257308959961,-9.424711227416992
13,159,English,11.351716995239258,10.384759902954102
13,159,French,16.217769622802734,-8.449106216430664
13,160,English,-9.793478965759277,6.524451732635498
13,160,French,-9.885139465332031,-7.25517463684082
13,161,English,-3.804943084716797,6.892768383026123
13,161,French,-3.539454698562622,-7.9726948738098145
13,162,English,4.624792575836182,9.591120719909668
13,162,French,5.540135383605957,-5.838309288024902
13,163,English,11.077265739440918,11.118980407714844
13,163,French,14.104375839233398,-7.276998043060303
13,164,English,-5.720264434814453,7.236388683319092
13,164,French,-3.6983065605163574,-5.775894641876221
13,165,English,3.8750112056732178,6.527552604675293
13,165,French,1.5271680355072021,-3.692239999771118
13,166,English,11.390070915222168,8.40882682800293
13,166,French,20.568862915039062,-7.418615818023682
13,167,English,10.880983352661133,9.15078353881836
13,167,French,16.261510848999023,-11.263018608093262
13,168,English,2.7794291973114014,9.435546875
13,168,French,11.032960891723633,-4.845909118652344
13,169,English,-8.863953590393066,5.390716552734375
13,169,French,-9.276387214660645,-8.069217681884766
13,170,English,10.232202529907227,10.326102256774902
13,170,French,14.419788360595703,-2.82751202583313
13,171,English,3.6225781440734863,10.14551830291748
13,171,French,10.80530834197998,-5.921676158905029
13,172,English,6.804079055786133,9.724653244018555
13,172,French,12.63064956665039,-7.043751239776611
13,173,English,9.208086013793945,9.188966751098633
13,173,French,18.08641815185547,-10.870031356811523
13,174,English,-11.179168701171875,5.118539810180664
13,174,French,-9.579764366149902,-9.710660934448242
13,175,English,-7.461252212524414,5.596688747406006
13,175,French,-7.033846378326416,-6.032064437866211
13,176,English,6.179073810577393,10.032449722290039
13,176,French,13.258118629455566,-6.61842155456543
13,177,English,-5.4983110427856445,4.163529396057129
13,177,French,-5.420652389526367,-8.461636543273926
13,178,English,1.4340966939926147,8.53728199005127
13,178,French,-0.8510019779205322,-6.947355270385742
13,179,English,-5.894325256347656,5.907376766204834
13,179,French,-5.147848606109619,-5.215573310852051
13,180,English,9.135607719421387,9.967292785644531
13,180,French,11.905194282531738,-3.9380545616149902
13,181,English,-5.584641456604004,6.949734210968018
13,181,French,-4.055782318115234,-6.140435218811035
13,182,English,-1.9596127271652222,6.919018268585205
13,182,French,-2.8177294731140137,-6.674563407897949
13,183,English,-11.034022331237793,2.946018695831299
13,183,French,-9.678854942321777,-5.676588535308838
13,184,English,12.428692817687988,10.775191307067871
13,184,French,12.90931224822998,-5.625605583190918
13,185,English,-4.452917575836182,9.19658374786377
13,185,French,1.8996487855911255,-8.176283836364746
13,186,English,-6.636675834655762,7.665338516235352
13,186,French,-6.590996265411377,-8.891853332519531
13,187,English,-11.332432746887207,4.3732194900512695
13,187,French,-10.705636978149414,-8.728131294250488
13,188,English,-8.256206512451172,4.870993614196777
13,188,French,-7.433907508850098,-8.990104675292969
13,189,English,5.984080791473389,8.018355369567871
13,189,French,10.878893852233887,-8.915873527526855
13,190,English,14.181286811828613,11.293957710266113
13,190,French,17.73139190673828,-2.0578413009643555
13,191,English,9.818390846252441,10.637533187866211
13,191,French,19.033586502075195,-9.863085746765137
13,192,English,9.200620651245117,8.789816856384277
13,192,French,5.115832805633545,-4.682272911071777
13,193,English,-11.219527244567871,4.686952590942383
13,193,French,-9.26530933380127,-9.205268859863281
13,194,English,-8.22153377532959,5.47686767578125
13,194,French,-8.584184646606445,-8.193907737731934
13,195,English,-8.769363403320312,5.583131790161133
13,195,French,-7.878916263580322,-6.7630157470703125
13,196,English,-10.27127742767334,5.656723499298096
13,196,French,-10.035782814025879,-6.906389236450195
13,197,English,-9.984285354614258,4.744758605957031
13,197,French,-8.160361289978027,-8.254034996032715
13,198,English,6.15010404586792,9.705324172973633
13,198,French,5.332342147827148,-8.092119216918945
13,199,English,-10.982538223266602,3.7479264736175537
13,199,French,-9.95322036743164,-7.366218566894531
14,0,English,8.467331886291504,13.108113288879395
14,0,French,14.26787281036377,-2.758632183074951
14,1,English,-4.782209396362305,7.226475715637207
14,1,French,-3.3325793743133545,-9.560026168823242
14,2,English,1.0906198024749756,10.968815803527832
14,2,French,11.683368682861328,-8.650907516479492
14,3,English,-8.697707176208496,4.249122619628906
14,3,French,-6.113860130310059,-9.447637557983398
14,4,English,-12.73997974395752,3.833527088165283
14,4,French,-8.253801345825195,-10.967361450195312
14,5,English,6.397510051727295,12.955018043518066
14,5,French,19.833070755004883,-4.890895366668701
14,6,English,-11.108108520507812,2.7423343658447266
14,6,French,-7.7238688468933105,-8.417810440063477
14,7,English,-8.174294471740723,4.9744439125061035
14,7,French,-4.478867530822754,-9.986769676208496
14,8,English,6.820636749267578,10.069334983825684
14,8,French,14.632448196411133,-5.808496952056885
14,9,English,-4.883275032043457,6.332883358001709
14,9,French,-1.768202781677246,-6.543716907501221
14,10,English,-7.863397598266602,6.3089985847473145
14,10,French,10.346834182739258,-11.086987495422363
14,11,English,-8.352980613708496,4.601986408233643
14,11,French,4.617224216461182,-8.978986740112305
14,12,English,0.4421077370643616,7.153006553649902
14,12,French,7.4032368659973145,-4.2411017417907715
14,13,English,4.57571268081665,11.130354881286621
14,13,French,12.316329956054688,-3.971667766571045
14,14,English,-11.58452320098877,4.372652053833008
14,14,French,-6.3950910568237305,-9.178057670593262
14,15,English,-12.261948585510254,2.4172167778015137
14,15,French,-8.071343421936035,-7.028641223907471
14,16,English,-3.827039957046509,8.102115631103516
14,16,French,-2.2373030185699463,-9.405495643615723
14,17,English,-4.015295028686523,8.251612663269043
14,17,French,0.6338692307472229,-7.596743583679199
14,18,English,6.102203845977783,13.856666564941406
14,18,French,18.16519546508789,-1.659493327140808
14,19,English,-12.643430709838867,2.813504219055176
14,19,French,-8.191158294677734,-9.778741836547852
14,20,English,-1.4893605709075928,8.311088562011719
14,20,French,7.949259281158447,-6.9631028175354
14,21,English,-7.180063724517822,6.955664157867432
14,21,French,-1.9775707721710205,-10.617903709411621
14,22,English,5.595607757568359,13.534869194030762
14,22,French,18.12800407409668,-7.8219475746154785
14,23,English,-12.750261306762695,3.1294655799865723
14,23,French,-6.971012115478516,-10.424827575683594
14,24,English,10.187172889709473,14.781732559204102
14,24,French,19.096736907958984,-2.911095380783081
14,25,English,-2.0458664894104004,8.136043548583984
14,25,French,8.956037521362305,-9.942916870117188
14,26,English,0.1401749551296234,11.417128562927246
14,26,French,12.010882377624512,-4.45353889465332
14,27,English,-11.011375427246094,4.191575527191162
14,27,French,-6.463302135467529,-9.125831604003906
14,28,English,-10.990641593933105,3.9376120567321777
14,28,French,-6.714423179626465,-8.784626960754395
14,29,English,-5.956068515777588,7.5156941413879395
14,29,French,2.238023042678833,-10.4989652633667
14,30,English,-6.003588676452637,3.96052622795105
14,30,French,-5.517575740814209,-3.942216396331787
14,31,English,9.535062789916992,14.912866592407227
14,31,French,17.427440643310547,-0.24243104457855225
14,32,English,-10.655961036682129,4.580667495727539
14,32,French,-6.268011569976807,-10.28736400604248
14,33,English,4.647983074188232,13.10763931274414
14,33,French,15.612615585327148,-3.692737102508545
14,34,English,2.691082000732422,10.089224815368652
14,34,French,13.21721076965332,-6.801397800445557
14,35,English,0.9263447523117065,9.126606941223145
14,35,French,11.024901390075684,-3.4907939434051514
14,36,English,-12.011384963989258,2.49194073677063
14,36,French,-7.8107781410217285,-6.930667877197266
14,37,English,-7.5730390548706055,7.6732330322265625
14,37,French,-1.3481420278549194,-10.283893585205078
14,38,English,-8.666197776794434,6.156312942504883
14,38,French,-6.676734924316406,-10.604716300964355
14,39,English,-0.14938470721244812,11.127226829528809
14,39,French,7.857285022735596,-10.601531028747559
14,40,English,5.455402851104736,12.557973861694336
14,40,French,20.153892517089844,-4.962790012359619
14,41,English,5.6799702644348145,14.178669929504395
14,41,French,16.341238021850586,-3.8674356937408447
14,42,English,8.858490943908691,13.67491340637207
14,42,French,14.286754608154297,-2.767510414123535
14,43,English,-3.038048028945923,9.69705867767334
14,43,French,2.18599009513855,-8.220203399658203
14,44,English,3.6583354473114014,12.046794891357422
14,44,French,14.569294929504395,-6.155108451843262
14,45,English,10.187172889709473,14.781732559204102
14,45,French,20.523149490356445,-4.168694972991943
14,46,English,-9.442248344421387,4.306587219238281
14,46,French,-5.52995491027832,-10.314737319946289
14,47,English,-7.109864711761475,3.7979495525360107
14,47,French,-0.16287930309772491,-11.527235984802246
14,48,English,-10.89135456085205,3.5775034427642822
14,48,French,-4.302412986755371,-10.28748893737793
14,49,English,-8.112135887145996,4.941702365875244
14,49,French,-6.861045837402344,-8.054420471191406
14,50,English,-10.035990715026855,4.469017505645752
14,50,French,-6.069798946380615,-9.93687629699707
14,51,English,5.899363994598389,12.63902473449707
14,51,French,16.384925842285156,-2.766906976699829
14,52,English,0.1636684089899063,11.338983535766602
14,52,French,16.51753044128418,-2.6381449699401855
14,53,English,-6.965627193450928,5.227809429168701
14,53,French,-7.478672981262207,-13.44798469543457
14,54,English,-9.593786239624023,6.516035556793213
14,54,French,-3.691699504852295,-10.863371849060059
14,55,English,-11.698379516601562,2.4531548023223877
14,55,French,-6.574629306793213,-10.306899070739746
14,56,English,-8.510720252990723,5.626360893249512
14,56,French,-2.40779185295105,-9.582281112670898
14,57,English,9.163867950439453,13.65098762512207
14,57,French,21.982906341552734,-2.1614205837249756
14,58,English,0.7850790023803711,8.340638160705566
14,58,French,4.987432479858398,-10.018500328063965
14,59,English,3.129542827606201,12.861480712890625
14,59,French,15.939342498779297,-3.9470150470733643
14,60,English,-8.905237197875977,5.494404315948486
14,60,French,-4.344681262969971,-11.80574893951416
14,61,English,-0.3221699893474579,7.973825454711914
14,61,French,6.307046890258789,-7.056536674499512
14,62,English,-5.709681987762451,7.373511791229248
14,62,French,-0.4379795491695404,-10.06513500213623
14,63,English,0.21443846821784973,10.73813533782959
14,63,French,14.96202278137207,-10.051248550415039
14,64,English,-6.036965370178223,3.675372362136841
14,64,French,-1.1365036964416504,-9.19214153289795
14,65,English,1.4694772958755493,10.735628128051758
14,65,French,15.538131713867188,-2.7131571769714355
14,66,English,1.2222849130630493,9.836945533752441
14,66,French,8.749445915222168,-0.9241644144058228
14,67,English,4.764136791229248,14.96053409576416
14,67,French,16.2735652923584,-5.613987922668457
14,68,English,-12.268163681030273,3.8225772380828857
14,68,French,-7.8206071853637695,-9.397611618041992
14,69,English,-12.874829292297363,3.3634986877441406
14,69,French,-6.13395881652832,-11.126066207885742
14,70,English,5.015133380889893,11.702709197998047
14,70,French,11.525439262390137,-5.639975547790527
14,71,English,-9.813035011291504,2.6053121089935303
14,71,French,-7.1646928787231445,-5.667444229125977
14,72,English,3.9352152347564697,12.40554141998291
14,72,French,14.553682327270508,-3.230006456375122
14,73,English,5.0033111572265625,11.236518859863281
14,73,French,3.623300552368164,-6.458759784698486
14,74,English,-9.915492057800293,4.581742286682129
14,74,French,-4.716579914093018,-10.43669605255127
14,75,English,-4.634555339813232,8.452884674072266
14,75,French,7.267159461975098,-9.335886001586914
14,76,English,1.1931564807891846,11.34811019897461
14,76,French,15.140645980834961,-5.342459678649902
14,77,English,1.095096468925476,9.031373023986816
14,77,French,13.044151306152344,-6.504500865936279
14,78,English,-9.848946571350098,3.065573215484619
14,78,French,-5.843303203582764,-6.588939189910889
14,79,English,7.128828048706055,10.171231269836426
14,79,French,14.401226997375488,-8.98446273803711
14,80,English,-12.443907737731934,1.4169576168060303
14,80,French,-8.839592933654785,-8.919584274291992
14,81,English,-12.359830856323242,4.426473140716553
14,81,French,-7.430546760559082,-9.78524112701416
14,82,English,-12.226211547851562,3.2767486572265625
14,82,French,-7.698600769042969,-10.516732215881348
14,83,English,4.798638343811035,12.27376937866211
14,83,French,9.647446632385254,-7.2825493812561035
14,84,English,-10.667430877685547,4.585526943206787
14,84,French,-6.7598676681518555,-8.05433177947998
14,85,English,10.543292999267578,8.69547176361084
14,85,French,15.12977409362793,-1.4071688652038574
14,86,English,-0.6578065156936646,9.566893577575684
14,86,French,6.294041156768799,-8.229105949401855
14,87,English,-9.194242477416992,4.578429222106934
14,87,French,-4.239398956298828,-10.992953300476074
14,88,English,-12.990033149719238,3.4217915534973145
14,88,French,-7.695544719696045,-11.386885643005371
14,89,English,-11.074556350708008,3.940457820892334
14,89,French,-6.56115198135376,-7.7490410804748535
14,90,English,-12.040705680847168,2.4579057693481445
14,90,French,-6.299571990966797,-10.218059539794922
14,91,English,-11.05910587310791,4.545469284057617
14,91,French,-5.441473960876465,-12.096985816955566
14,92,English,-2.6208581924438477,9.634109497070312
14,92,French,-2.039602279663086,-10.144623756408691
14,93,English,-10.205714225769043,4.9072442054748535
14,93,French,-5.395174980163574,-9.798650741577148
14,94,English,-7.849759101867676,5.438477516174316
14,94,French,-3.4785401821136475,-10.00906753540039
14,95,English,-11.137579917907715,1.2163423299789429
14,95,French,-6.884392261505127,-8.684173583984375
14,96,English,-4.2228803634643555,6.133641719818115
14,96,French,-1.7501243352890015,-9.168998718261719
14,97,English,-1.8392926454544067,7.902328014373779
14,97,French,5.866371154785156,-9.168718338012695
14,98,English,-10.28426456451416,5.402137279510498
14,98,French,-5.4056572914123535,-6.828249931335449
14,99,English,-12.461836814880371,3.3094515800476074
14,99,French,-7.427382469177246,-9.31363582611084
14,100,English,7.857857704162598,13.61851978302002
14,100,French,18.538434982299805,-1.70745849609375
14,101,English,-10.592803955078125,2.6722872257232666
14,101,French,-6.842974662780762,-9.718758583068848
14,102,English,12.355846405029297,9.90779972076416
14,102,French,14.638628005981445,3.764525890350342
14,103,English,9.677018165588379,13.46640396118164
14,103,French,15.361062049865723,-2.5890090465545654
14,104,English,4.533793926239014,13.403544425964355
14,104,French,16.013538360595703,-1.6976886987686157
14,105,English,8.296976089477539,10.245673179626465
14,105,French,14.014129638671875,4.984345436096191
14,106,English,-8.378938674926758,6.171685218811035
14,106,French,-0.6705831289291382,-7.114436626434326
14,107,English,-0.30372846126556396,8.948871612548828
14,107,French,6.565508842468262,-9.055845260620117
14,108,English,2.6825103759765625,12.035226821899414
14,108,French,18.63250160217285,-7.546082496643066
14,109,English,3.3716931343078613,9.743460655212402
14,109,French,11.604126930236816,-6.49685525894165
14,110,English,-13.234448432922363,2.9989728927612305
14,110,French,-1.2956383228302002,-8.648702621459961
14,111,English,-2.9129369258880615,3.879814624786377
14,111,French,3.9709432125091553,-5.653160095214844
14,112,English,-11.054224967956543,3.360947608947754
14,112,French,-6.610583305358887,-10.002574920654297
14,113,English,-1.805395483970642,8.551128387451172
14,113,French,7.984162330627441,-9.012269973754883
14,114,English,6.467796802520752,13.7485990524292
14,114,French,16.2603702545166,-3.4268317222595215
14,115,English,-10.283005714416504,3.3434932231903076
14,115,French,-6.4845290184021,-9.315765380859375
14,116,English,3.290318250656128,13.588235855102539
14,116,French,12.700953483581543,-7.347468376159668
14,117,English,-8.008193016052246,5.459131240844727
14,117,French,-0.6422544717788696,-7.379232883453369
14,118,English,-10.157703399658203,-2.0376100540161133
14,118,French,-6.78611421585083,-10.434348106384277
14,119,English,-12.704161643981934,2.4532971382141113
14,119,French,-7.650156497955322,-11.998775482177734
14,120,English,-2.487916946411133,9.180264472961426
14,120,French,-0.2912781536579132,-6.315262794494629
14,121,English,-6.690394878387451,6.507205009460449
14,121,French,-1.0811883211135864,-5.000953674316406
14,122,English,-1.2789257764816284,-2.8976240158081055
14,122,French,-2.6098368167877197,-8.271077156066895
14,123,English,2.799337148666382,11.157228469848633
14,123,French,14.072173118591309,-6.559670448303223
14,124,English,12.376418113708496,10.77255630493164
14,124,French,16.115699768066406,-6.51170539855957
14,125,English,3.5767743587493896,11.944092750549316
14,125,French,18.46297836303711,-4.895367622375488
14,126,English,9.238916397094727,14.678716659545898
14,126,French,19.680614471435547,-6.045629501342773
14,127,English,-10.355360984802246,4.97916316986084
14,127,French,-5.726090431213379,-10.654184341430664
14,128,English,-6.216195583343506,5.3896484375
14,128,French,-2.275986433029175,-9.887351989746094
14,129,English,-13.527270317077637,1.4218500852584839
14,129,French,-8.487374305725098,-11.3784761428833
14,130,English,-11.306795120239258,2.9726617336273193
14,130,French,-6.2878804206848145,-10.499876976013184
14,131,English,-10.113801956176758,2.503368377685547
14,131,French,-5.782334327697754,-10.469618797302246
14,132,English,-11.003654479980469,3.9449660778045654
14,132,French,-6.864742755889893,-8.787614822387695
14,133,English,-10.636666297912598,4.267253398895264
14,133,French,-3.776846170425415,-11.106131553649902
14,134,English,-12.133671760559082,3.1354212760925293
14,134,French,-6.9355669021606445,-10.333412170410156
14,135,English,-11.152396202087402,2.368072748184204
14,135,French,-7.44251012802124,-9.856003761291504
14,136,English,4.083072662353516,6.866589069366455
14,136,French,10.399988174438477,-2.7766473293304443
14,137,English,2.4594056606292725,10.831727981567383
14,137,French,7.813562870025635,-3.426384449005127
14,138,English,2.658463478088379,12.915818214416504
14,138,French,16.450149536132812,-4.7775373458862305
14,139,English,-10.951798439025879,3.135730504989624
14,139,French,-3.6337697505950928,-11.512733459472656
14,140,English,-0.27002859115600586,11.594976425170898
14,140,French,15.950129508972168,-6.827724933624268
14,141,English,-10.533011436462402,4.632078170776367
14,141,French,-7.28101110458374,-10.062883377075195
14,142,English,-8.983012199401855,5.509299278259277
14,142,French,-5.822378635406494,-10.256072044372559
14,143,English,-12.857274055480957,3.884981632232666
14,143,French,-7.772906303405762,-11.221919059753418
14,144,English,-6.933135509490967,7.849994659423828
14,144,French,-2.392237901687622,-9.07339859008789
14,145,English,-11.323639869689941,3.786924362182617
14,145,French,-6.479111194610596,-10.272727966308594
14,146,English,-10.369791984558105,4.958464622497559
14,146,French,-5.247478008270264,-11.465940475463867
14,147,English,3.9514050483703613,12.23504638671875
14,147,French,17.32527732849121,-3.125523805618286
14,148,English,-10.070237159729004,3.512951612472534
14,148,French,-7.234642505645752,-8.252732276916504
14,149,English,12.350503921508789,14.363580703735352
14,149,French,19.66455078125,-4.970008850097656
14,150,English,8.239392280578613,10.932547569274902
14,150,French,11.931580543518066,-6.295210361480713
14,151,English,-7.426708221435547,5.504554748535156
14,151,French,-1.4894851446151733,-9.977187156677246
14,152,English,-1.8305753469467163,9.042634010314941
14,152,French,8.376269340515137,-10.322880744934082
14,153,English,-8.749321937561035,5.299620151519775
14,153,French,-0.01135241985321045,-10.46220874786377
14,154,English,-11.966489791870117,4.251343250274658
14,154,French,-7.510372161865234,-9.975652694702148
14,155,English,-12.444416046142578,2.2187514305114746
14,155,French,-9.376697540283203,-9.13990592956543
14,156,English,-12.576972007751465,2.3330986499786377
14,156,French,-7.956023693084717,-8.7084379196167
14,157,English,3.8539986610412598,12.55639362335205
14,157,French,11.951519966125488,-8.306510925292969
14,158,English,4.733578205108643,12.76888370513916
14,158,French,12.200799942016602,-6.521872520446777
14,159,English,8.685559272766113,13.816922187805176
14,159,French,19.662567138671875,-6.7665696144104
14,160,English,-11.869641304016113,4.687952041625977
14,160,French,-8.085368156433105,-10.417880058288574
14,161,English,-5.6131720542907715,6.454434394836426
14,161,French,-1.750018835067749,-8.792542457580566
14,162,English,1.972334861755371,11.671198844909668
14,162,French,6.675442218780518,-4.876553058624268
14,163,English,8.446231842041016,14.96168327331543
14,163,French,16.291702270507812,-5.16771125793457
14,164,English,-8.128607749938965,6.093546390533447
14,164,French,-2.96374773979187,-7.633894920349121
14,165,English,2.298457622528076,7.94122314453125
14,165,French,1.6232932806015015,-3.8201074600219727
14,166,English,8.127968788146973,11.551774024963379
14,166,French,24.17510986328125,-4.291872024536133
14,167,English,7.949291229248047,12.891268730163574
14,167,French,19.957447052001953,-9.599257469177246
14,168,English,0.5814312100410461,11.200793266296387
14,168,French,13.361751556396484,-4.10835075378418
14,169,English,-10.114049911499023,4.015117645263672
14,169,French,-7.370319843292236,-10.90539264678955
14,170,English,6.692748546600342,14.086319923400879
14,170,French,15.977514266967773,0.4325818121433258
14,171,English,1.287355899810791,11.602274894714355
14,171,French,12.631498336791992,-4.37225341796875
14,172,English,3.6531550884246826,11.651937484741211
14,172,French,14.527633666992188,-4.873409748077393
14,173,English,6.113166809082031,11.949389457702637
14,173,French,20.709156036376953,-8.407440185546875
14,174,English,-12.761334419250488,3.2368721961975098
14,174,French,-7.418299674987793,-12.212790489196777
14,175,English,-8.858793258666992,5.104933738708496
14,175,French,-5.165632247924805,-7.890162467956543
14,176,English,3.2840688228607178,12.012381553649902
14,176,French,14.421158790588379,-4.237935543060303
14,177,English,-6.755617141723633,3.0848000049591064
14,177,French,-2.644620656967163,-10.030771255493164
14,178,English,-1.439402461051941,9.566149711608887
14,178,French,0.4764125645160675,-8.487751007080078
14,179,English,-7.673500061035156,5.152580738067627
14,179,French,-3.7049660682678223,-6.2837138175964355
14,180,English,6.971597194671631,12.981255531311035
14,180,French,13.217316627502441,-1.991160273551941
14,181,English,-6.970223903656006,6.172711372375488
14,181,French,-2.520489454269409,-7.273125171661377
14,182,English,-3.927943468093872,7.503285884857178
14,182,French,-1.7506978511810303,-6.972787857055664
14,183,English,-11.796862602233887,1.6128746271133423
14,183,French,-8.308286666870117,-7.679738998413086
14,184,English,9.461029052734375,14.345518112182617
14,184,French,14.179811477661133,-4.210778713226318
14,185,English,-6.654983043670654,8.42538070678711
14,185,French,3.7541301250457764,-8.177830696105957
14,186,English,-8.79006290435791,7.1997294425964355
14,186,French,-3.9542365074157715,-11.364548683166504
14,187,English,-13.113029479980469,2.2150962352752686
14,187,French,-8.703781127929688,-11.690767288208008
14,188,English,-9.756010055541992,4.114569664001465
14,188,French,-5.279417514801025,-10.98216438293457
14,189,English,3.9272868633270264,9.432960510253906
14,189,French,13.665969848632812,-7.4307026863098145
14,190,English,11.530183792114258,15.548734664916992
14,190,French,20.671663284301758,1.0365968942642212
14,191,English,6.5413923263549805,12.958929061889648
14,191,French,22.724735260009766,-7.744175434112549
14,192,English,6.3093647956848145,10.779913902282715
14,192,French,6.435202121734619,-3.963942766189575
14,193,English,-12.253438949584961,3.0363152027130127
14,193,French,-6.754245758056641,-11.145149230957031
14,194,English,-9.491067886352539,4.443901062011719
14,194,French,-5.980740070343018,-10.270113945007324
14,195,English,-10.643614768981934,3.942322254180908
14,195,French,-6.043403625488281,-8.944154739379883
14,196,English,-11.685782432556152,4.048647880554199
14,196,French,-7.927483081817627,-9.67624568939209
14,197,English,-11.62478256225586,3.088361978530884
14,197,French,-5.765006065368652,-10.181807518005371
14,198,English,3.8917300701141357,12.205815315246582
14,198,French,7.466876029968262,-8.583039283752441
14,199,English,-12.692587852478027,2.281555652618408
14,199,French,-8.562471389770508,-9.980836868286133
15,0,English,12.724735260009766,-13.008491516113281
15,0,French,13.810583114624023,6.656229496002197
15,1,English,-3.041253089904785,-9.973423957824707
15,1,French,-5.408869743347168,9.10092544555664
15,2,English,4.700262546539307,-12.876557350158691
15,2,French,10.5214204788208,12.120747566223145
15,3,English,-8.18148422241211,-6.351876735687256
15,3,French,-8.867605209350586,10.666107177734375
15,4,English,-12.348361015319824,-8.079651832580566
15,4,French,-11.800546646118164,11.178937911987305
15,5,English,10.192266464233398,-12.33607292175293
15,5,French,19.6121826171875,9.121454238891602
15,6,English,-11.57409381866455,-5.525430679321289
15,6,French,-10.518898963928223,8.584612846374512
15,7,English,-7.770589828491211,-7.337702751159668
15,7,French,-7.691688060760498,11.282858848571777
15,8,English,10.663297653198242,-9.567126274108887
15,8,French,14.26172161102295,11.057876586914062
15,9,English,-4.331195831298828,-8.083661079406738
15,9,French,-3.9701476097106934,8.737931251525879
15,10,English,-6.50011682510376,-8.963939666748047
15,10,French,7.372111797332764,14.739232063293457
15,11,English,-8.22043514251709,-7.175743103027344
15,11,French,3.861863374710083,10.368965148925781
15,12,English,2.630314350128174,-7.604129314422607
15,12,French,6.503981113433838,8.088563919067383
15,13,English,7.550304889678955,-11.463285446166992
15,13,French,11.796072959899902,7.453514575958252
15,14,English,-11.141600608825684,-7.341881275177002
15,14,French,-9.354242324829102,9.576292991638184
15,15,English,-12.572778701782227,-5.003246307373047
15,15,French,-10.484488487243652,7.309294700622559
15,16,English,-2.0849874019622803,-10.105562210083008
15,16,French,-5.312378883361816,10.560393333435059
15,17,English,-1.1135730743408203,-10.191960334777832
15,17,French,-0.466990202665329,8.800475120544434
15,18,English,9.644064903259277,-13.337024688720703
15,18,French,17.714603424072266,6.178157806396484
15,19,English,-13.453743934631348,-5.696419715881348
15,19,French,-11.296424865722656,10.35033893585205
15,20,English,0.9851649403572083,-9.43189525604248
15,20,French,8.434734344482422,9.540972709655762
15,21,English,-4.880183219909668,-10.355639457702637
15,21,French,-4.081617832183838,11.390254974365234
15,22,English,10.086730003356934,-14.148253440856934
15,22,French,16.478776931762695,12.473186492919922
15,23,English,-12.928805351257324,-7.261748313903809
15,23,French,-10.089340209960938,10.514387130737305
15,24,English,13.123039245605469,-13.701593399047852
15,24,French,18.403066635131836,7.464977741241455
15,25,English,0.6154332160949707,-10.108458518981934
15,25,French,7.621440887451172,12.470022201538086
15,26,English,4.056759357452393,-12.562254905700684
15,26,French,12.432876586914062,6.50819206237793
15,27,English,-10.457530975341797,-8.175016403198242
15,27,French,-9.358680725097656,8.828248023986816
15,28,English,-11.273859024047852,-7.002125263214111
15,28,French,-9.225881576538086,8.58437442779541
15,29,English,-3.6475443840026855,-10.612287521362305
15,29,French,0.5455592274665833,11.572983741760254
15,30,English,-5.991598129272461,-5.926554203033447
15,30,French,-7.037600040435791,3.594770908355713
15,31,English,13.885795593261719,-14.291508674621582
15,31,French,17.432971954345703,5.604743957519531
15,32,English,-10.159379959106445,-8.198786735534668
15,32,French,-9.488717079162598,10.916203498840332
15,33,English,7.968952178955078,-13.422574043273926
15,33,French,15.307929039001465,6.984463691711426
15,34,English,6.904601573944092,-10.852673530578613
15,34,French,12.044276237487793,10.092495918273926
15,35,English,3.364457845687866,-10.06270980834961
15,35,French,11.006333351135254,6.647940635681152
15,36,English,-12.684806823730469,-5.658303260803223
15,36,French,-9.832759857177734,7.121670722961426
15,37,English,-5.570684432983398,-11.157602310180664
15,37,French,-3.4742591381073,11.25403118133545
15,38,English,-8.017435073852539,-9.775721549987793
15,38,French,-10.404090881347656,11.768831253051758
15,39,English,3.5728392601013184,-12.615778923034668
15,39,French,6.621322154998779,12.720268249511719
15,40,English,8.907769203186035,-13.094785690307617
15,40,French,19.083683013916016,9.613628387451172
15,41,English,9.520467758178711,-13.300993919372559
15,41,French,16.379236221313477,8.362152099609375
15,42,English,12.986980438232422,-13.357884407043457
15,42,French,13.795018196105957,4.845526695251465
15,43,English,-1.6220427751541138,-11.208038330078125
15,43,French,0.6029330492019653,9.474873542785645
15,44,English,8.418107986450195,-12.858357429504395
15,44,French,14.89262866973877,9.292489051818848
15,45,English,13.123039245605469,-13.701593399047852
15,45,French,19.238798141479492,8.995978355407715
15,46,English,-8.706670761108398,-6.7370991706848145
15,46,French,-8.011329650878906,10.593100547790527
15,47,English,-7.185647010803223,-5.750082492828369
15,47,French,-2.9862091541290283,13.432520866394043
15,48,English,-11.08384895324707,-6.443281173706055
15,48,French,-6.630434989929199,10.160524368286133
15,49,English,-7.242211818695068,-7.910938739776611
15,49,French,-8.691604614257812,6.8269877433776855
15,50,English,-8.983551025390625,-8.738309860229492
15,50,French,-8.6834135055542,9.97133731842041
15,51,English,9.329203605651855,-12.938958168029785
15,51,French,16.008920669555664,7.7479987144470215
15,52,English,2.9218528270721436,-13.13015365600586
15,52,French,16.39021110534668,5.952620983123779
15,53,English,-5.26206111907959,-9.183460235595703
15,53,French,-11.1705904006958,13.030793190002441
15,54,English,-8.00830078125,-10.562307357788086
15,54,French,-6.118485927581787,11.465632438659668
15,55,English,-12.782214164733887,-5.624728679656982
15,55,French,-10.522124290466309,10.781060218811035
15,56,English,-8.27867317199707,-8.722617149353027
15,56,French,-4.922564506530762,9.201900482177734
15,57,English,11.789154052734375,-11.589603424072266
15,57,French,22.370920181274414,5.252045154571533
15,58,English,3.3195109367370605,-9.959484100341797
15,58,French,3.401963949203491,11.790589332580566
15,59,English,6.63268518447876,-12.791830062866211
15,59,French,15.844259262084961,7.261911392211914
15,60,English,-8.137269020080566,-9.252450942993164
15,60,French,-7.632152557373047,12.281633377075195
15,61,English,2.1889357566833496,-9.392777442932129
15,61,French,4.624466419219971,8.64215087890625
15,62,English,-4.395441055297852,-10.44632625579834
15,62,French,-2.4321987628936768,10.939298629760742
15,63,English,4.1122541427612305,-12.37772274017334
15,63,French,14.450385093688965,12.459626197814941
15,64,English,-5.499354362487793,-6.260101318359375
15,64,French,-3.478306531906128,10.189665794372559
15,65,English,4.360736846923828,-11.2178955078125
15,65,French,15.579387664794922,6.861725330352783
15,66,English,3.608720064163208,-10.98670482635498
15,66,French,9.085368156433105,4.726748466491699
15,67,English,9.935578346252441,-15.4657564163208
15,67,French,15.760774612426758,8.932991027832031
15,68,English,-12.628586769104004,-8.221901893615723
15,68,French,-10.728878021240234,8.797285079956055
15,69,English,-13.382669448852539,-7.356321334838867
15,69,French,-9.611722946166992,11.769599914550781
15,70,English,8.258613586425781,-12.172164916992188
15,70,French,11.192367553710938,8.56400203704834
15,71,English,-9.590271949768066,-5.035757064819336
15,71,French,-8.210536003112793,5.806806564331055
15,72,English,7.7616753578186035,-12.836877822875977
15,72,French,14.065401077270508,7.799741268157959
15,73,English,9.142521858215332,-12.044007301330566
15,73,French,2.379887104034424,8.731191635131836
15,74,English,-8.791034698486328,-8.315428733825684
15,74,French,-7.55525541305542,10.955854415893555
15,75,English,-2.0572822093963623,-11.20358657836914
15,75,French,6.615475654602051,11.46757698059082
15,76,English,4.732317924499512,-12.625255584716797
15,76,French,15.189155578613281,7.525707244873047
15,77,English,2.989980459213257,-9.651749610900879
15,77,French,12.577343940734863,8.475133895874023
15,78,English,-9.93134593963623,-5.253147602081299
15,78,French,-8.142929077148438,7.0870442390441895
15,79,English,10.122620582580566,-9.373348236083984
15,79,French,12.40326976776123,10.778903007507324
15,80,English,-13.230348587036133,-4.545895576477051
15,80,French,-12.010891914367676,8.338953971862793
15,81,English,-12.316449165344238,-8.077286720275879
15,81,French,-11.152724266052246,9.354119300842285
15,82,English,-12.93736743927002,-6.770362854003906
15,82,French,-10.839293479919434,10.126018524169922
15,83,English,9.193123817443848,-12.68271541595459
15,83,French,8.840250968933105,10.802071571350098
15,84,English,-10.479187965393066,-7.35795259475708
15,84,French,-9.92996597290039,8.819963455200195
15,85,English,13.073586463928223,-6.662521839141846
15,85,French,15.289956092834473,4.931124210357666
15,86,English,2.1453046798706055,-11.213577270507812
15,86,French,5.030106067657471,10.533645629882812
15,87,English,-8.376344680786133,-7.878659725189209
15,87,French,-7.313899517059326,11.751440048217773
15,88,English,-13.159801483154297,-7.34627628326416
15,88,French,-11.242100715637207,11.584722518920898
15,89,English,-11.304951667785645,-6.679525375366211
15,89,French,-9.360313415527344,9.089391708374023
15,90,English,-12.056116104125977,-6.059240341186523
15,90,French,-9.933677673339844,10.659605026245117
15,91,English,-10.758177757263184,-7.911214351654053
15,91,French,-8.838322639465332,12.048654556274414
15,92,English,1.1762418746948242,-11.624817848205566
15,92,French,-4.053867816925049,11.569576263427734
15,93,English,-9.444720268249512,-8.666558265686035
15,93,French,-7.736554145812988,11.00346851348877
15,94,English,-7.462507724761963,-8.347169876098633
15,94,French,-6.507420063018799,11.289499282836914
15,95,English,-12.066131591796875,-3.909924268722534
15,95,French,-9.03803825378418,9.46434497833252
15,96,English,-2.439434289932251,-8.293628692626953
15,96,French,-3.9829089641571045,10.882322311401367
15,97,English,-0.20042458176612854,-10.463035583496094
15,97,French,3.933657646179199,11.215567588806152
15,98,English,-9.756784439086914,-8.44192886352539
15,98,French,-7.176816940307617,7.428249835968018
15,99,English,-12.916336059570312,-6.555640697479248
15,99,French,-10.754547119140625,10.032711029052734
15,100,English,10.661879539489746,-12.78943920135498
15,100,French,18.47078514099121,5.53596830368042
15,101,English,-10.855045318603516,-5.483731746673584
15,101,French,-9.582178115844727,9.918604850769043
15,102,English,15.49183464050293,-7.858422756195068
15,102,French,15.000728607177734,-0.5229280591011047
15,103,English,13.096708297729492,-12.968260765075684
15,103,French,15.577821731567383,6.532146453857422
15,104,English,8.998586654663086,-14.300525665283203
15,104,French,16.43004608154297,4.892785549163818
15,105,English,11.354554176330566,-8.750158309936523
15,105,French,16.85287857055664,-2.7670230865478516
15,106,English,-7.623398303985596,-9.09032154083252
15,106,French,-3.144301176071167,8.052176475524902
15,107,English,2.746487855911255,-10.778304100036621
15,107,French,5.671572208404541,11.136405944824219
15,108,English,4.991422176361084,-12.455853462219238
15,108,French,17.600444793701172,12.54819107055664
15,109,English,6.373844623565674,-10.938448905944824
15,109,French,10.49492073059082,11.128653526306152
15,110,English,-14.814362525939941,-6.287205219268799
15,110,French,-4.0936455726623535,9.71252155303955
15,111,English,-1.2964333295822144,-6.145224571228027
15,111,French,2.635152816772461,7.97920036315918
15,112,English,-11.114004135131836,-6.955275535583496
15,112,French,-9.806480407714844,10.431480407714844
15,113,English,0.3143758773803711,-9.667801856994629
15,113,French,6.388096332550049,12.984271049499512
15,114,English,10.526411056518555,-13.047146797180176
15,114,French,16.215145111083984,7.86665678024292
15,115,English,-10.272791862487793,-5.854332447052002
15,115,French,-8.624311447143555,9.608738899230957
15,116,English,6.936584949493408,-14.21158504486084
15,116,French,11.904777526855469,10.83197021484375
15,117,English,-7.82388162612915,-7.948551177978516
15,117,French,-3.0163257122039795,8.145931243896484
15,118,English,-11.809969902038574,0.6453442573547363
15,118,French,-10.253469467163086,10.245233535766602
15,119,English,-13.969213485717773,-6.194137096405029
15,119,French,-11.444592475891113,11.884456634521484
15,120,English,-0.5387973189353943,-10.49691104888916
15,120,French,-1.3788758516311646,8.799749374389648
15,121,English,-5.657847881317139,-8.342828750610352
15,121,French,-2.2055304050445557,6.074341773986816
15,122,English,-2.551872730255127,3.2257890701293945
15,122,French,-4.674802780151367,9.041393280029297
15,123,English,5.46168851852417,-12.207537651062012
15,123,French,14.239320755004883,9.44456958770752
15,124,English,15.218317985534668,-9.614786148071289
15,124,French,15.265839576721191,10.947951316833496
15,125,English,7.264195442199707,-12.52872085571289
15,125,French,18.796192169189453,9.393503189086914
15,126,English,13.8970308303833,-14.307682991027832
15,126,French,19.767276763916016,10.250665664672852
15,127,English,-9.71537971496582,-8.47102165222168
15,127,French,-8.628007888793945,11.161206245422363
15,128,English,-4.288970470428467,-8.082727432250977
15,128,French,-4.248221397399902,11.102463722229004
15,129,English,-14.361771583557129,-4.679636478424072
15,129,French,-11.642155647277832,11.477683067321777
15,130,English,-11.051908493041992,-5.917684555053711
15,130,French,-9.297844886779785,11.976316452026367
15,131,English,-9.694461822509766,-4.565388202667236
15,131,French,-8.856439590454102,11.800259590148926
15,132,English,-10.766712188720703,-7.58241081237793
15,132,French,-9.71110725402832,9.49660587310791
15,133,English,-10.464186668395996,-7.877774715423584
15,133,French,-6.71354866027832,11.200575828552246
15,134,English,-12.086182594299316,-6.348227024078369
15,134,French,-10.264694213867188,11.56675910949707
15,135,English,-11.289698600769043,-5.070973873138428
15,135,French,-10.072148323059082,9.971308708190918
15,136,English,5.944602012634277,-7.916444778442383
15,136,French,9.309086799621582,4.75898551940918
15,137,English,4.417847633361816,-10.82821273803711
15,137,French,6.761785507202148,6.809185981750488
15,138,English,6.994950294494629,-13.98157787322998
15,138,French,16.453889846801758,10.022272109985352
15,139,English,-10.884090423583984,-6.908286094665527
15,139,French,-6.824597358703613,12.106760025024414
15,140,English,2.836489677429199,-12.653925895690918
15,140,French,15.986458778381348,10.36741828918457
15,141,English,-10.481237411499023,-8.249861717224121
15,141,French,-10.28160572052002,10.26928997039795
15,142,English,-9.635076522827148,-8.108925819396973
15,142,French,-9.5947904586792,10.298686027526855
15,143,English,-13.132026672363281,-8.111149787902832
15,143,French,-11.206877708435059,11.3804292678833
15,144,English,-6.763611793518066,-10.203309059143066
15,144,French,-5.471286773681641,9.838020324707031
15,145,English,-11.355620384216309,-6.799526214599609
15,145,French,-9.439314842224121,11.155926704406738
15,146,English,-9.522607803344727,-9.040387153625488
15,146,French,-8.257213592529297,11.497386932373047
15,147,English,6.714878082275391,-11.911849021911621
15,147,French,17.575889587402344,9.460872650146484
15,148,English,-9.62520694732666,-7.095522403717041
15,148,French,-10.114465713500977,8.19504451751709
15,149,English,15.501255989074707,-12.448551177978516
15,149,French,20.39759635925293,8.90365219116211
15,150,English,11.597820281982422,-10.46689510345459
15,150,French,10.636459350585938,10.639482498168945
15,151,English,-5.84810209274292,-8.621598243713379
15,151,French,-2.9722254276275635,11.877667427062988
15,152,English,1.2238365411758423,-10.824240684509277
15,152,French,6.513449192047119,13.459712982177734
15,153,English,-8.209976196289062,-8.997295379638672
15,153,French,-2.1048078536987305,11.316505432128906
15,154,English,-11.819351196289062,-7.308966636657715
15,154,French,-10.481769561767578,10.650856018066406
15,155,English,-12.501976013183594,-5.84731388092041
15,155,French,-12.4904146194458,8.96652603149414
15,156,English,-13.164405822753906,-5.947641372680664
15,156,French,-11.15280818939209,9.30024528503418
15,157,English,7.979454517364502,-13.36948299407959
15,157,French,10.302858352661133,11.268121719360352
15,158,English,9.651582717895508,-13.209796905517578
15,158,French,11.230388641357422,8.920332908630371
15,159,English,13.889932632446289,-14.309535026550293
15,159,French,19.193639755249023,9.4384126663208
15,160,English,-11.597240447998047,-7.570590019226074
15,160,French,-11.431775093078613,11.328582763671875
15,161,English,-3.787289619445801,-9.238017082214355
15,161,French,-4.1751708984375,9.072428703308105
15,162,English,6.008646488189697,-13.289097785949707
15,162,French,5.891129493713379,6.891763687133789
15,163,English,12.223884582519531,-14.743632316589355
15,163,French,16.027368545532227,8.697646141052246
15,164,English,-7.1460490226745605,-8.692304611206055
15,164,French,-5.553552627563477,8.534076690673828
15,165,English,3.5309982299804688,-8.325337409973145
15,165,French,0.6737940311431885,4.3268141746521
15,166,English,10.684843063354492,-10.74783992767334
15,166,French,25.280887603759766,9.251748085021973
15,167,English,11.300531387329102,-12.62358283996582
15,167,French,18.232040405273438,13.751542091369629
15,168,English,4.418524742126465,-11.983006477355957
15,168,French,13.71085262298584,6.234645843505859
15,169,English,-9.957120895385742,-7.390787601470947
15,169,French,-11.015841484069824,11.324090003967285
15,170,English,10.691981315612793,-13.498133659362793
15,170,French,16.764328002929688,3.5657427310943604
15,171,English,5.255064010620117,-12.597562789916992
15,171,French,12.014199256896973,7.566563606262207
15,172,English,6.564788818359375,-11.992344856262207
15,172,French,15.183451652526855,8.798308372497559
15,173,English,9.611380577087402,-12.423571586608887
15,173,French,18.46651840209961,11.201559066772461
15,174,English,-13.516958236694336,-6.3309407234191895
15,174,French,-10.917994499206543,11.87586784362793
15,175,English,-8.106011390686035,-8.196370124816895
15,175,French,-7.329166889190674,7.619521617889404
15,176,English,7.175561428070068,-12.915879249572754
15,176,French,13.673359870910645,8.184967041015625
15,177,English,-5.189894199371338,-4.857326030731201
15,177,French,-5.268495559692383,11.915512084960938
15,178,English,1.2061164379119873,-10.935224533081055
15,178,French,-1.2056334018707275,10.229961395263672
15,179,English,-6.960968494415283,-8.142630577087402
15,179,French,-4.722316741943359,7.486838340759277
15,180,English,10.911356925964355,-12.694620132446289
15,180,French,12.87641716003418,4.77392578125
15,181,English,-5.999976634979248,-8.75626277923584
15,181,French,-4.986962795257568,7.920858860015869
15,182,English,-1.9444595575332642,-9.341788291931152
15,182,French,-3.7863593101501465,7.96384334564209
15,183,English,-12.094766616821289,-5.220864772796631
15,183,French,-10.874267578125,7.468514919281006
15,184,English,13.084890365600586,-13.638489723205566
15,184,French,13.246649742126465,7.193175315856934
15,185,English,-3.2328386306762695,-11.72867202758789
15,185,French,2.6960394382476807,10.049943923950195
15,186,English,-6.567809104919434,-11.238100051879883
15,186,French,-6.619767665863037,11.889992713928223
15,187,English,-13.903549194335938,-6.1891865730285645
15,187,French,-12.149534225463867,10.96948528289795
15,188,English,-9.71024227142334,-6.677967548370361
15,188,French,-8.339776992797852,11.14895248413086
15,189,English,7.449679851531982,-10.161428451538086
15,189,French,12.604952812194824,10.91560173034668
15,190,English,15.702581405639648,-14.17009162902832
15,190,French,22.21767807006836,4.075488567352295
15,191,English,11.213376998901367,-12.706582069396973
15,191,French,21.07672882080078,12.543403625488281
15,192,English,10.816988945007324,-11.790575981140137
15,192,French,5.829743385314941,8.707204818725586
15,193,English,-12.5787992477417,-7.495782375335693
15,193,French,-10.21506404876709,11.549372673034668
15,194,English,-9.074363708496094,-7.572934150695801
15,194,French,-8.802515029907227,10.731428146362305
15,195,English,-9.895709991455078,-7.050617218017578
15,195,French,-8.8942232131958,9.900551795959473
15,196,English,-11.346500396728516,-7.209941387176514
15,196,French,-11.192926406860352,10.500885963439941
15,197,English,-11.647405624389648,-7.1090922355651855
15,197,French,-8.825870513916016,11.037067413330078
15,198,English,7.444056034088135,-12.893082618713379
15,198,French,6.279715061187744,11.042616844177246
15,199,English,-13.529930114746094,-5.631805896759033
15,199,French,-11.908782005310059,10.055880546569824
16,0,English,14.933968544006348,-13.261160850524902
16,0,French,14.925091743469238,7.209677696228027
16,1,English,-3.4294984340667725,-10.492090225219727
16,1,French,-6.090339660644531,9.687825202941895
16,2,English,5.055592060089111,-13.00656795501709
16,2,French,10.029135704040527,12.699787139892578
16,3,English,-8.56132984161377,-6.955966472625732
16,3,French,-10.002588272094727,10.753613471984863
16,4,English,-12.3576078414917,-8.568231582641602
16,4,French,-12.88188648223877,11.742162704467773
16,5,English,11.559857368469238,-12.910924911499023
16,5,French,22.205110549926758,10.872794151306152
16,6,English,-11.83230972290039,-5.983847141265869
16,6,French,-11.274442672729492,8.814308166503906
16,7,English,-7.798998832702637,-7.753575801849365
16,7,French,-9.065942764282227,10.969023704528809
16,8,English,13.057897567749023,-10.208569526672363
16,8,French,15.400306701660156,10.925127029418945
16,9,English,-4.71757173538208,-8.267986297607422
16,9,French,-4.8051910400390625,8.715486526489258
16,10,English,-5.928621768951416,-9.504007339477539
16,10,French,6.14299201965332,13.963750839233398
16,11,English,-8.644893646240234,-7.459849834442139
16,11,French,3.0698535442352295,9.737303733825684
16,12,English,2.527313232421875,-7.930716037750244
16,12,French,6.3864946365356445,8.53785514831543
16,13,English,9.08859634399414,-12.091147422790527
16,13,French,12.423678398132324,7.4783406257629395
16,14,English,-11.31484603881836,-7.571090221405029
16,14,French,-10.342605590820312,9.160908699035645
16,15,English,-12.537666320800781,-5.506637096405029
16,15,French,-10.859331130981445,7.438535213470459
16,16,English,-1.502247929573059,-10.53688907623291
16,16,French,-6.383440971374512,10.748140335083008
16,17,English,-1.0385839939117432,-9.914273262023926
16,17,French,-0.7598942518234253,9.869782447814941
16,18,English,10.497048377990723,-13.027315139770508
16,18,French,18.407865524291992,7.352393627166748
16,19,English,-13.79174518585205,-6.600610256195068
16,19,French,-11.940888404846191,10.428153991699219
16,20,English,0.8967236876487732,-9.72421646118164
16,20,French,9.32588005065918,9.896526336669922
16,21,English,-5.143269062042236,-11.015387535095215
16,21,French,-5.856998443603516,11.802712440490723
16,22,English,11.88973331451416,-15.002107620239258
16,22,French,16.811256408691406,13.138876914978027
16,23,English,-13.120058059692383,-7.839757919311523
16,23,French,-11.215360641479492,10.952350616455078
16,24,English,14.265152931213379,-13.657187461853027
16,24,French,19.853042602539062,7.786710739135742
16,25,English,0.11071816086769104,-10.240670204162598
16,25,French,7.50106954574585,13.957315444946289
16,26,English,3.7482054233551025,-13.270069122314453
16,26,French,12.20284366607666,7.747598648071289
16,27,English,-10.869584083557129,-8.30349349975586
16,27,French,-10.38297176361084,9.80924129486084
16,28,English,-11.573609352111816,-7.611202239990234
16,28,French,-9.870316505432129,8.838899612426758
16,29,English,-4.032971382141113,-11.174638748168945
16,29,French,-0.40316471457481384,11.895613670349121
16,30,English,-6.464180946350098,-6.511599540710449
16,30,French,-7.629410266876221,3.3166253566741943
16,31,English,15.550175666809082,-14.407246589660645
16,31,French,18.430498123168945,6.9810709953308105
16,32,English,-10.873207092285156,-8.432785034179688
16,32,French,-10.770018577575684,10.60702896118164
16,33,English,7.6307573318481445,-13.275270462036133
16,33,French,15.39743709564209,8.483283996582031
16,34,English,7.247532367706299,-11.381656646728516
16,34,French,11.580016136169434,10.786109924316406
16,35,English,3.385115385055542,-10.359893798828125
16,35,French,11.143790245056152,7.228229999542236
16,36,English,-12.980713844299316,-6.050338268280029
16,36,French,-10.25578784942627,7.449005126953125
16,37,English,-5.167357921600342,-11.93113899230957
16,37,French,-4.963099956512451,11.616341590881348
16,38,English,-8.208048820495605,-10.91781234741211
16,38,French,-11.820372581481934,12.225010871887207
16,39,English,3.818650245666504,-13.099159240722656
16,39,French,7.437065601348877,13.657883644104004
16,40,English,9.343994140625,-13.409666061401367
16,40,French,20.511465072631836,10.97854232788086
16,41,English,9.682991981506348,-13.886183738708496
16,41,French,16.977264404296875,10.092466354370117
16,42,English,13.895586967468262,-14.188512802124023
16,42,French,13.362662315368652,4.371707439422607
16,43,English,-1.6386831998825073,-12.070393562316895
16,43,French,0.06406693905591965,10.156396865844727
16,44,English,9.444075584411621,-13.20429801940918
16,44,French,15.874149322509766,9.972477912902832
16,45,English,14.265152931213379,-13.657187461853027
16,45,French,20.153297424316406,9.670873641967773
16,46,English,-8.103429794311523,-7.4475274085998535
16,46,French,-8.653251647949219,10.746292114257812
16,47,English,-7.284799575805664,-6.348195552825928
16,47,French,-3.6641387939453125,13.581028938293457
16,48,English,-11.142790794372559,-7.144071578979492
16,48,French,-6.9161834716796875,10.634342193603516
16,49,English,-7.251313209533691,-8.576333999633789
16,49,French,-9.308938980102539,6.955222129821777
16,50,English,-9.38234806060791,-9.832270622253418
16,50,French,-9.798255920410156,9.865344047546387
16,51,English,11.746875762939453,-13.626429557800293
16,51,French,17.09122657775879,7.9184346199035645
16,52,English,3.19384765625,-13.075200080871582
16,52,French,16.662736892700195,6.150601863861084
16,53,English,-5.0317559242248535,-9.953790664672852
16,53,French,-12.137785911560059,13.144261360168457
16,54,English,-8.247271537780762,-11.048018455505371
16,54,French,-7.178895950317383,12.036338806152344
16,55,English,-12.660846710205078,-6.434619903564453
16,55,French,-11.389724731445312,10.778154373168945
16,56,English,-8.478099822998047,-9.252869606018066
16,56,French,-5.732490539550781,10.160409927368164
16,57,English,12.16102409362793,-12.279053688049316
16,57,French,23.099254608154297,5.639592170715332
16,58,English,4.063985347747803,-10.6242094039917
16,58,French,2.7152187824249268,11.830523490905762
16,59,English,6.946904182434082,-12.81101131439209
16,59,French,16.622926712036133,7.549386024475098
16,60,English,-8.384126663208008,-9.99954605102539
16,60,French,-8.948749542236328,12.688041687011719
16,61,English,2.384596347808838,-9.62374210357666
16,61,French,4.532329082489014,9.688288688659668
16,62,English,-4.040913105010986,-10.601313591003418
16,62,French,-3.1187758445739746,11.338387489318848
16,63,English,4.16801118850708,-12.13237190246582
16,63,French,15.690191268920898,13.94420051574707
16,64,English,-5.720400810241699,-6.460241794586182
16,64,French,-4.243547439575195,10.328452110290527
16,65,English,4.5255818367004395,-11.237168312072754
16,65,French,17.094449996948242,6.969115734100342
16,66,English,4.292092800140381,-11.494832992553711
16,66,French,9.996443748474121,5.450407028198242
16,67,English,11.53213119506836,-15.22103500366211
16,67,French,16.017719268798828,9.432913780212402
16,68,English,-12.54316234588623,-9.030257225036621
16,68,French,-11.242355346679688,9.080099105834961
16,69,English,-14.058720588684082,-8.268166542053223
16,69,French,-10.30930233001709,12.21125602722168
16,70,English,8.78559684753418,-12.486858367919922
16,70,French,11.830735206604004,8.828217506408691
16,71,English,-9.912810325622559,-5.286948204040527
16,71,French,-9.052265167236328,6.0300726890563965
16,72,English,8.704943656921387,-12.78927230834961
16,72,French,13.939289093017578,8.450240135192871
16,73,English,10.381674766540527,-12.42640209197998
16,73,French,1.4692720174789429,9.491683959960938
16,74,English,-8.823091506958008,-8.518416404724121
16,74,French,-8.539199829101562,11.328398704528809
16,75,English,-2.400463581085205,-11.818622589111328
16,75,French,6.757969379425049,12.591796875
16,76,English,4.199522018432617,-12.097755432128906
16,76,French,15.536471366882324,9.079629898071289
16,77,English,3.860734224319458,-9.836326599121094
16,77,French,13.236719131469727,9.11004638671875
16,78,English,-9.875040054321289,-6.151895523071289
16,78,French,-8.33053970336914,6.5367608070373535
16,79,English,10.084380149841309,-10.934380531311035
16,79,French,11.777641296386719,10.972148895263672
16,80,English,-13.694245338439941,-5.035968780517578
16,80,French,-12.863031387329102,8.56358528137207
16,81,English,-12.70482063293457,-8.923462867736816
16,81,French,-12.278467178344727,9.886857032775879
16,82,English,-12.975340843200684,-7.619065284729004
16,82,French,-11.633914947509766,10.358210563659668
16,83,English,9.797934532165527,-12.595179557800293
16,83,French,9.666715621948242,11.396689414978027
16,84,English,-10.709634780883789,-8.12475299835205
16,84,French,-11.079424858093262,8.963041305541992
16,85,English,14.080339431762695,-6.514470100402832
16,85,French,16.157312393188477,5.717553615570068
16,86,English,1.9055230617523193,-11.569557189941406
16,86,French,4.161067962646484,10.897331237792969
16,87,English,-8.866584777832031,-8.478745460510254
16,87,French,-8.448171615600586,12.163496971130371
16,88,English,-13.363341331481934,-8.373122215270996
16,88,French,-12.420255661010742,11.706591606140137
16,89,English,-11.05052375793457,-7.146578311920166
16,89,French,-9.961446762084961,9.109053611755371
16,90,English,-12.116145133972168,-6.717931747436523
16,90,French,-10.804839134216309,10.659839630126953
16,91,English,-10.631710052490234,-8.592930793762207
16,91,French,-9.895984649658203,12.172728538513184
16,92,English,1.4718986749649048,-12.035881042480469
16,92,French,-4.723771095275879,11.7621431350708
16,93,English,-9.576408386230469,-9.484394073486328
16,93,French,-8.661508560180664,11.368595123291016
16,94,English,-7.555258750915527,-8.755549430847168
16,94,French,-7.588439464569092,11.414422035217285
16,95,English,-12.311624526977539,-4.6518988609313965
16,95,French,-9.756381034851074,9.78891372680664
16,96,English,-2.0726256370544434,-9.356114387512207
16,96,French,-4.565284729003906,10.883296012878418
16,97,English,-0.07525493949651718,-10.625494003295898
16,97,French,3.670640707015991,12.273530960083008
16,98,English,-10.308724403381348,-8.8814058303833
16,98,French,-8.51130199432373,7.593119144439697
16,99,English,-12.872848510742188,-7.2903313636779785
16,99,French,-11.45700740814209,9.760966300964355
16,100,English,11.784242630004883,-12.946904182434082
16,100,French,19.34835433959961,5.747194290161133
16,101,English,-11.070697784423828,-6.065130233764648
16,101,French,-10.742199897766113,10.534553527832031
16,102,English,18.588275909423828,-7.443905353546143
16,102,French,17.844839096069336,0.10468946397304535
16,103,English,13.538131713867188,-13.450199127197266
16,103,French,16.60347557067871,6.927896976470947
16,104,English,8.608155250549316,-14.42162799835205
16,104,French,17.376750946044922,5.398204326629639
16,105,English,11.692258834838867,-9.408819198608398
16,105,French,21.03633689880371,-2.3957483768463135
16,106,English,-7.447325706481934,-9.986433029174805
16,106,French,-3.814439535140991,8.54044246673584
16,107,English,2.697624921798706,-10.67772388458252
16,107,French,5.257408618927002,11.910231590270996
16,108,English,5.191683769226074,-12.619734764099121
16,108,French,19.1390438079834,14.788531303405762
16,109,English,6.866218566894531,-10.986559867858887
16,109,French,11.031058311462402,12.219024658203125
16,110,English,-14.765289306640625,-7.074535846710205
16,110,French,-4.927248954772949,10.106572151184082
16,111,English,-0.24494658410549164,-6.804393291473389
16,111,French,1.4991106986999512,8.500442504882812
16,112,English,-11.254328727722168,-7.74540376663208
16,112,French,-10.701958656311035,10.389643669128418
16,113,English,-0.05879678577184677,-9.70336627960205
16,113,French,6.494197845458984,13.728189468383789
16,114,English,10.37537670135498,-13.48978042602539
16,114,French,17.632421493530273,8.626590728759766
16,115,English,-10.590167045593262,-6.8094482421875
16,115,French,-9.661544799804688,9.636253356933594
16,116,English,7.655364513397217,-14.977889060974121
16,116,French,12.798563003540039,11.781702041625977
16,117,English,-8.441512107849121,-8.687456130981445
16,117,French,-3.9586894512176514,8.721088409423828
16,118,English,-12.184993743896484,0.3147546052932739
16,118,French,-10.773937225341797,10.63509750366211
16,119,English,-14.268653869628906,-7.450552463531494
16,119,French,-12.929471969604492,12.141535758972168
16,120,English,0.3196180462837219,-11.325396537780762
16,120,French,-1.521857500076294,9.204828262329102
16,121,English,-5.935647964477539,-9.45974349975586
16,121,French,-2.554056406021118,6.432639122009277
16,122,English,-3.209378242492676,3.6166584491729736
16,122,French,-5.642114162445068,9.562081336975098
16,123,English,5.180704116821289,-12.597306251525879
16,123,French,15.034597396850586,10.664685249328613
16,124,English,17.680707931518555,-9.989972114562988
16,124,French,17.067228317260742,12.008123397827148
16,125,English,8.26576042175293,-13.103796005249023
16,125,French,19.400577545166016,10.603744506835938
16,126,English,16.060745239257812,-14.926668167114258
16,126,French,21.43186378479004,10.916089057922363
16,127,English,-9.818692207336426,-8.8460111618042
16,127,French,-9.69201946258545,11.53931713104248
16,128,English,-4.644765853881836,-8.28764533996582
16,128,French,-5.378756523132324,11.615880012512207
16,129,English,-14.860993385314941,-5.517533302307129
16,129,French,-12.591989517211914,11.721635818481445
16,130,English,-11.388664245605469,-6.660586833953857
16,130,French,-10.023011207580566,11.91246509552002
16,131,English,-10.189126968383789,-5.149458885192871
16,131,French,-10.360586166381836,12.058479309082031
16,132,English,-11.243176460266113,-8.039519309997559
16,132,French,-10.596257209777832,9.518677711486816
16,133,English,-10.734210014343262,-8.300121307373047
16,133,French,-7.603647708892822,11.967742919921875
16,134,English,-12.769375801086426,-6.89507532119751
16,134,French,-11.39625358581543,11.603402137756348
16,135,English,-11.527182579040527,-5.618443489074707
16,135,French,-11.3370943069458,10.40758228302002
16,136,English,5.016318321228027,-8.083720207214355
16,136,French,9.456246376037598,4.874617576599121
16,137,English,4.194594383239746,-11.528451919555664
16,137,French,6.770336627960205,7.8005876541137695
16,138,English,7.383900165557861,-14.750146865844727
16,138,French,16.714460372924805,10.919224739074707
16,139,English,-11.107612609863281,-6.941339015960693
16,139,French,-7.904152870178223,12.360237121582031
16,140,English,2.912720203399658,-13.198390007019043
16,140,French,17.12041473388672,10.922481536865234
16,141,English,-10.76913833618164,-8.64345645904541
16,141,French,-11.845911026000977,10.763960838317871
16,142,English,-9.916152954101562,-8.92293643951416
16,142,French,-10.805970191955566,10.279051780700684
16,143,English,-13.0488862991333,-8.811124801635742
16,143,French,-11.924208641052246,11.9197416305542
16,144,English,-7.280486583709717,-10.567390441894531
16,144,French,-6.539458274841309,10.755598068237305
16,145,English,-11.731070518493652,-7.402461051940918
16,145,French,-10.023972511291504,10.998923301696777
16,146,English,-9.156009674072266,-10.24231243133545
16,146,French,-9.139886856079102,11.687710762023926
16,147,English,6.892605781555176,-11.730740547180176
16,147,French,18.839893341064453,11.214219093322754
16,148,English,-9.810955047607422,-7.711110591888428
16,148,French,-11.02038288116455,8.783279418945312
16,149,English,16.91501235961914,-12.311548233032227
16,149,French,22.31662940979004,10.388877868652344
16,150,English,11.221319198608398,-10.732413291931152
16,150,French,11.264456748962402,11.577759742736816
16,151,English,-5.35565710067749,-9.276758193969727
16,151,French,-2.5496816635131836,12.048741340637207
16,152,English,1.4910728931427002,-10.84609603881836
16,152,French,6.955328464508057,13.902006149291992
16,153,English,-8.375641822814941,-9.494471549987793
16,153,French,-3.148768186569214,11.809086799621582
16,154,English,-11.506705284118652,-7.770161151885986
16,154,French,-11.294965744018555,10.4529447555542
16,155,English,-13.176290512084961,-6.641732692718506
16,155,French,-13.655722618103027,9.361833572387695
16,156,English,-13.440410614013672,-6.823161602020264
16,156,French,-12.11673641204834,8.811939239501953
16,157,English,8.438127517700195,-13.7758207321167
16,157,French,9.880419731140137,11.84907341003418
16,158,English,9.841483116149902,-13.441644668579102
16,158,French,12.293657302856445,10.138324737548828
16,159,English,15.223539352416992,-14.837279319763184
16,159,French,21.580610275268555,10.091594696044922
16,160,English,-11.679750442504883,-8.185301780700684
16,160,French,-12.281712532043457,11.366174697875977
16,161,English,-3.6199309825897217,-9.3896484375
16,161,French,-4.15602970123291,10.020807266235352
16,162,English,6.743583679199219,-13.567831993103027
16,162,French,6.771582126617432,7.478328704833984
16,163,English,14.303831100463867,-15.604571342468262
16,163,French,16.755203247070312,9.409563064575195
16,164,English,-7.429368495941162,-9.472346305847168
16,164,French,-7.217895984649658,8.870713233947754
16,165,English,3.406508207321167,-9.568808555603027
16,165,French,-0.4907151162624359,4.077749252319336
16,166,English,10.287686347961426,-11.097692489624023
16,166,French,27.069944381713867,11.14194393157959
16,167,English,13.02391529083252,-12.604637145996094
16,167,French,19.15028953552246,15.31424617767334
16,168,English,4.103641510009766,-12.078999519348145
16,168,French,14.356718063354492,6.617749214172363
16,169,English,-10.700221061706543,-8.372600555419922
16,169,French,-12.183762550354004,11.79586124420166
16,170,English,10.400301933288574,-13.657549858093262
16,170,French,18.758747100830078,5.0860724449157715
16,171,English,5.927498817443848,-13.016425132751465
16,171,French,12.55610466003418,8.780887603759766
16,172,English,7.90651798248291,-12.712738990783691
16,172,French,16.509492874145508,9.090388298034668
16,173,English,10.67699146270752,-13.295611381530762
16,173,French,18.376073837280273,13.164243698120117
16,174,English,-13.87010669708252,-7.092385768890381
16,174,French,-12.080267906188965,12.321877479553223
16,175,English,-8.237414360046387,-9.000105857849121
16,175,French,-8.242273330688477,8.061339378356934
16,176,English,8.526623725891113,-13.297295570373535
16,176,French,14.26028823852539,8.806680679321289
16,177,English,-5.358055591583252,-5.2659687995910645
16,177,French,-5.983586311340332,11.995867729187012
16,178,English,1.1678904294967651,-11.299468040466309
16,178,French,-2.3904049396514893,10.790266990661621
16,179,English,-7.333482265472412,-8.651060104370117
16,179,French,-5.423618793487549,7.3503336906433105
16,180,English,12.171016693115234,-12.74316692352295
16,180,French,12.773748397827148,5.215346336364746
16,181,English,-6.2540998458862305,-9.177068710327148
16,181,French,-5.907698154449463,8.081645965576172
16,182,English,-1.8957570791244507,-9.530518531799316
16,182,French,-4.951280117034912,8.730627059936523
16,183,English,-11.910184860229492,-5.505618095397949
16,183,French,-11.442160606384277,7.85416316986084
16,184,English,14.614498138427734,-13.88342571258545
16,184,French,14.116626739501953,8.419685363769531
16,185,English,-3.2661080360412598,-11.976669311523438
16,185,French,3.865438222885132,10.264167785644531
16,186,English,-6.723329544067383,-12.235756874084473
16,186,French,-7.825899124145508,12.639793395996094
16,187,English,-14.05248737335205,-7.054765224456787
16,187,French,-13.22551441192627,10.961173057556152
16,188,English,-10.144225120544434,-7.534056663513184
16,188,French,-9.320135116577148,11.256609916687012
16,189,English,8.684840202331543,-10.817732810974121
16,189,French,14.904043197631836,11.332914352416992
16,190,English,17.225919723510742,-14.799966812133789
16,190,French,25.081680297851562,3.8641068935394287
16,191,English,11.400262832641602,-12.039420127868652
16,191,French,21.64215660095215,13.127191543579102
16,192,English,11.332955360412598,-12.81116008758545
16,192,French,4.720544815063477,9.13596248626709
16,193,English,-12.610374450683594,-7.960958957672119
16,193,French,-10.743120193481445,11.838563919067383
16,194,English,-9.381300926208496,-7.962091445922852
16,194,French,-10.140469551086426,11.040669441223145
16,195,English,-9.914847373962402,-7.632652759552002
16,195,French,-9.229623794555664,9.958562850952148
16,196,English,-11.311127662658691,-8.36065673828125
16,196,French,-11.887860298156738,9.97139835357666
16,197,English,-11.929763793945312,-7.578235626220703
16,197,French,-9.840157508850098,11.78883171081543
16,198,English,8.210037231445312,-13.085411071777344
16,198,French,5.4151411056518555,11.398502349853516
16,199,English,-13.62123966217041,-6.110452651977539
16,199,French,-12.69827651977539,10.450284957885742
17,0,English,0.5394591689109802,20.543569564819336
17,0,French,16.581777572631836,5.056329250335693
17,1,English,-11.094047546386719,5.092413902282715
17,1,French,2.7458865642547607,-11.863862037658691
17,2,English,-6.497173309326172,12.698137283325195
17,2,French,17.156892776489258,-4.643630504608154
17,3,English,-11.464422225952148,0.06501848250627518
17,3,French,0.4646177887916565,-14.957696914672852
17,4,English,-15.59780216217041,-1.990609884262085
17,4,French,-0.45117396116256714,-18.701141357421875
17,5,English,-0.5944591164588928,18.9564266204834
17,5,French,25.66047477722168,7.712484836578369
17,6,English,-13.331560134887695,-3.308021306991577
17,6,French,-1.928828239440918,-14.386124610900879
17,7,English,-12.278665542602539,0.7870877385139465
17,7,French,0.7142375111579895,-14.733187675476074
17,8,English,1.908115267753601,15.788091659545898
17,8,French,20.53057289123535,3.5495853424072266
17,9,English,-9.565877914428711,3.2086071968078613
17,9,French,2.3591856956481934,-9.677263259887695
17,10,English,-11.392997741699219,3.2535111904144287
17,10,French,15.707059860229492,-6.429512977600098
17,11,English,-12.444982528686523,-0.6722179055213928
17,11,French,9.79517650604248,-6.453368186950684
17,12,English,-4.040192127227783,7.507194519042969
17,12,French,10.223722457885742,-1.9942452907562256
17,13,English,-2.0596086978912354,15.85062313079834
17,13,French,16.55298614501953,3.3621087074279785
17,14,English,-13.732086181640625,-1.3210506439208984
17,14,French,-0.49141737818717957,-13.889219284057617
17,15,English,-12.990865707397461,-4.423795223236084
17,15,French,-2.240206241607666,-13.500591278076172
17,16,English,-8.514501571655273,7.01141357421875
17,16,French,3.05450177192688,-12.502845764160156
17,17,English,-8.679213523864746,6.816197395324707
17,17,French,6.850956916809082,-8.622159957885742
17,18,English,-1.7858349084854126,18.537841796875
17,18,French,19.825340270996094,7.398244380950928
17,19,English,-15.460236549377441,-4.077629089355469
17,19,French,-1.0389701128005981,-16.823909759521484
17,20,English,-6.86104154586792,7.753523826599121
17,20,French,14.94863510131836,-1.7961699962615967
17,21,English,-12.46432113647461,4.430173397064209
17,21,French,4.035887241363525,-13.69411563873291
17,22,English,-2.3022475242614746,19.028268814086914
17,22,French,21.88039779663086,2.0608062744140625
17,23,English,-15.806662559509277,-2.8583812713623047
17,23,French,-0.40282413363456726,-16.61586570739746
17,24,English,-0.4478175938129425,22.06155776977539
17,24,French,19.968793869018555,8.42349910736084
17,25,English,-7.93079137802124,7.242006778717041
17,25,French,16.409372329711914,-5.286980628967285
17,26,English,-7.4390339851379395,12.769582748413086
17,26,French,13.908547401428223,1.8422755002975464
17,27,English,-14.53113842010498,-1.2207915782928467
17,27,French,-0.16453875601291656,-15.646790504455566
17,28,English,-13.92105484008789,-1.9719802141189575
17,28,French,0.23384514451026917,-14.122791290283203
17,29,English,-12.4429292678833,5.924437522888184
17,29,French,8.710981369018555,-10.00302505493164
17,30,English,-9.567875862121582,0.8650384545326233
17,30,French,-3.0202488899230957,-7.588893890380859
17,31,English,1.143264889717102,22.27536964416504
17,31,French,21.458263397216797,7.54927396774292
17,32,English,-15.028853416442871,-1.4792526960372925
17,32,French,-0.08357997238636017,-15.909393310546875
17,33,English,-4.816920280456543,15.418434143066406
17,33,French,16.77743911743164,4.130031585693359
17,34,English,-3.3427324295043945,13.693792343139648
17,34,French,16.10296630859375,-1.2842503786087036
17,35,English,-5.212982177734375,10.647378921508789
17,35,French,14.306629180908203,2.3849966526031494
17,36,English,-14.327330589294434,-4.063954830169678
17,36,French,-2.2935452461242676,-12.65996265411377
17,37,English,-13.092679023742676,5.320215225219727
17,37,French,3.9595024585723877,-12.348560333251953
17,38,English,-14.517704963684082,2.4210634231567383
17,38,French,-0.02157193422317505,-17.999038696289062
17,39,English,-7.788856029510498,12.800914764404297
17,39,French,16.5819091796875,-5.162103176116943
17,40,English,-2.6259605884552,17.847240447998047
17,40,French,23.73272705078125,6.603731155395508
17,41,English,-3.2750113010406494,17.804960250854492
17,41,French,19.449735641479492,3.875739574432373
17,42,English,-1.0381112098693848,19.991077423095703
17,42,French,13.966571807861328,6.576234817504883
17,43,English,-10.700297355651855,7.912426948547363
17,43,French,7.983315467834473,-8.359663009643555
17,44,English,-2.4524292945861816,17.152868270874023
17,44,French,19.408203125,2.9563426971435547
17,45,English,-0.4478175938129425,22.06155776977539
17,45,French,22.240074157714844,6.721489906311035
17,46,English,-11.496034622192383,0.5356231927871704
17,46,French,2.0299606323242188,-14.647666931152344
17,47,English,-9.313332557678223,0.28865471482276917
17,47,French,7.888950824737549,-12.971853256225586
17,48,English,-13.681857109069824,-2.13665771484375
17,48,French,3.119058609008789,-12.882089614868164
17,49,English,-11.95791244506836,0.8987452387809753
17,49,French,-1.5123616456985474,-11.805402755737305
17,50,English,-14.969627380371094,0.98171466588974
17,50,French,0.21409787237644196,-14.568171501159668
17,51,English,-1.4906046390533447,18.00693702697754
17,51,French,18.613985061645508,6.480390548706055
17,52,English,-7.709274768829346,11.397115707397461
17,52,French,16.040925979614258,6.612704277038574
17,53,English,-11.694823265075684,3.3921470642089844
17,53,French,0.6035531759262085,-18.525522232055664
17,54,English,-14.523640632629395,2.3718624114990234
17,54,French,3.387403964996338,-14.824905395507812
17,55,English,-14.39149284362793,-2.895108699798584
17,55,French,-0.19587841629981995,-16.013639450073242
17,56,English,-13.026457786560059,1.2139098644256592
17,56,French,3.7171671390533447,-13.037949562072754
17,57,English,-1.4494283199310303,17.2017765045166
17,57,French,21.960002899169922,10.890827178955078
17,58,English,-6.392909049987793,10.861373901367188
17,58,French,11.383772850036621,-7.634695529937744
17,59,English,-4.273401260375977,15.530845642089844
17,59,French,17.25074005126953,6.063922882080078
17,60,English,-13.508944511413574,2.518542528152466
17,60,French,3.7307870388031006,-15.983381271362305
17,61,English,-4.2430315017700195,9.575119018554688
17,61,French,11.098743438720703,-3.699634075164795
17,62,English,-10.978630065917969,5.016350269317627
17,62,French,6.54157018661499,-11.229517936706543
17,63,English,-6.584100723266602,12.056154251098633
17,63,French,22.11370086669922,-0.06225554645061493
17,64,English,-8.34805965423584,1.5584163665771484
17,64,French,4.603786468505859,-10.643260955810547
17,65,English,-4.821657657623291,12.460097312927246
17,65,French,17.739200592041016,6.479805946350098
17,66,English,-5.570337295532227,12.099308967590332
17,66,French,11.912394523620605,3.1017377376556396
17,67,English,-2.1960270404815674,20.106138229370117
17,67,French,19.164960861206055,4.037099838256836
17,68,English,-16.597169876098633,-1.9342930316925049
17,68,French,-1.6961148977279663,-14.95343017578125
17,69,English,-16.860538482666016,-3.4731788635253906
17,69,French,1.4891263246536255,-16.62186050415039
17,70,English,-3.6156201362609863,15.390695571899414
17,70,French,16.75952911376953,1.7052640914916992
17,71,English,-11.103240013122559,-3.0358803272247314
17,71,French,-1.7466404438018799,-11.158486366271973
17,72,English,-2.7250773906707764,16.218902587890625
17,72,French,16.60095977783203,2.575571060180664
17,73,English,-2.5314321517944336,15.617337226867676
17,73,French,8.598210334777832,-6.257318019866943
17,74,English,-13.198901176452637,0.8200110197067261
17,74,French,1.914981484413147,-15.305583000183105
17,75,English,-11.247431755065918,7.939581394195557
17,75,French,13.738645553588867,-5.789163589477539
17,76,English,-5.980719089508057,13.534258842468262
17,76,French,17.13266372680664,2.975094795227051
17,77,English,-4.798966884613037,10.764604568481445
17,77,French,16.385438919067383,2.418586254119873
17,78,English,-11.468398094177246,-1.7512099742889404
17,78,French,-0.8208868503570557,-11.02165699005127
17,79,English,-2.2574727535247803,14.130331993103027
17,79,French,15.317127227783203,0.045640088617801666
17,80,English,-14.140804290771484,-5.38152551651001
17,80,French,-2.7976977825164795,-16.33313751220703
17,81,English,-16.165210723876953,-1.1848231554031372
17,81,French,-1.424896478652954,-15.90018081665039
17,82,English,-15.494254112243652,-2.836184024810791
17,82,French,-0.7950596213340759,-16.45414924621582
17,83,English,-2.548044443130493,17.282421112060547
17,83,French,15.675069808959961,-1.6423025131225586
17,84,English,-14.34212589263916,-0.9873605966567993
17,84,French,-1.780381441116333,-14.78335952758789
17,85,English,4.8602614402771,14.07347297668457
17,85,French,16.770851135253906,6.328660488128662
17,86,English,-7.77529239654541,10.010549545288086
17,86,French,10.796592712402344,-6.2545671463012695
17,87,English,-12.760510444641113,0.9702831506729126
17,87,French,3.257047176361084,-14.896625518798828
17,88,English,-16.002046585083008,-1.94939124584198
17,88,French,-0.314483642578125,-17.639719009399414
17,89,English,-13.687528610229492,-1.7945270538330078
17,89,French,-0.2227417379617691,-13.847014427185059
17,90,English,-14.709101676940918,-2.9134011268615723
17,90,French,0.035470474511384964,-16.047325134277344
17,91,English,-14.767409324645996,-0.554251492023468
17,91,French,2.2573251724243164,-16.170597076416016
17,92,English,-7.699278831481934,10.508886337280273
17,92,French,5.740488529205322,-12.778387069702148
17,93,English,-14.45846176147461,0.3483950197696686
17,93,French,2.060007333755493,-14.783551216125488
17,94,English,-12.384111404418945,1.5632381439208984
17,94,French,3.6147310733795166,-14.681550025939941
17,95,English,-12.405675888061523,-4.0344743728637695
17,95,French,0.3072431981563568,-14.213090896606445
17,96,English,-8.812055587768555,5.341988563537598
17,96,French,4.94990873336792,-11.791110038757324
17,97,English,-8.899641036987305,8.152515411376953
17,97,French,11.137969970703125,-7.751017093658447
17,98,English,-14.269780158996582,-0.2094261199235916
17,98,French,-0.35114786028862,-11.872306823730469
17,99,English,-14.542484283447266,-2.775087356567383
17,99,French,-1.1431914567947388,-14.960840225219727
17,100,English,-0.42632797360420227,18.120065689086914
17,100,French,19.562023162841797,8.59739875793457
17,101,English,-13.295292854309082,-2.622924327850342
17,101,French,-0.29518944025039673,-15.627140998840332
17,102,English,8.728863716125488,18.90813636779785
17,102,French,13.270295143127441,12.973729133605957
17,103,English,-1.0492228269577026,18.88898277282715
17,103,French,17.683475494384766,6.343410491943359
17,104,English,-3.6042487621307373,17.88766098022461
17,104,French,17.269420623779297,8.421507835388184
17,105,English,1.829546332359314,15.463102340698242
17,105,French,15.744217872619629,16.377077102661133
17,106,English,-13.10451889038086,2.2241837978363037
17,106,French,3.628588914871216,-9.2701997756958
17,107,English,-6.653684616088867,10.538853645324707
17,107,French,12.48487377166748,-6.278046131134033
17,108,English,-6.510856628417969,13.115169525146484
17,108,French,27.43886947631836,1.2349154949188232
17,109,English,-3.776693105697632,13.432737350463867
17,109,French,16.700801849365234,-2.101473331451416
17,110,English,-15.924064636230469,-4.497264862060547
17,110,French,4.186609745025635,-12.320327758789062
17,111,English,-5.014719009399414,4.320926666259766
17,111,French,7.235625267028809,-5.860391139984131
17,112,English,-13.932601928710938,-1.395248532295227
17,112,French,0.029214315116405487,-15.590339660644531
17,113,English,-7.659062385559082,7.471175670623779
17,113,French,16.149808883666992,-7.14163875579834
17,114,English,-2.3325517177581787,17.31355094909668
17,114,French,19.093364715576172,5.828370571136475
17,115,English,-12.222417831420898,-2.0713961124420166
17,115,French,0.9724364876747131,-14.175847053527832
17,116,English,-5.52857780456543,16.722532272338867
17,116,French,19.141605377197266,-1.1090930700302124
17,117,English,-12.89016056060791,0.7127651572227478
17,117,French,4.145883083343506,-9.949660301208496
17,118,English,-8.591143608093262,-8.390464782714844
17,118,French,0.18363618850708008,-15.454479217529297
17,119,English,-16.166048049926758,-3.8897125720977783
17,119,French,-0.8845792412757874,-18.689449310302734
17,120,English,-7.668707370758057,9.532838821411133
17,120,French,6.571922302246094,-7.533098220825195
17,121,English,-12.216323852539062,2.476562738418579
17,121,French,3.2899093627929688,-6.496926784515381
17,122,English,0.1850329339504242,-5.4556379318237305
17,122,French,3.0174856185913086,-11.832576751708984
17,123,English,-6.592621803283691,13.220812797546387
17,123,French,19.111379623413086,2.0323429107666016
17,124,English,6.1189093589782715,20.982288360595703
17,124,French,23.06149673461914,2.4886984825134277
17,125,English,-3.6745736598968506,16.08209800720215
17,125,French,22.678783416748047,4.72830867767334
17,126,English,1.4980486631393433,22.52107048034668
17,126,French,24.66107940673828,6.59037446975708
17,127,English,-13.700118064880371,0.17058514058589935
17,127,French,1.5422483682632446,-15.801104545593262
17,128,English,-9.885828018188477,2.5922024250030518
17,128,French,4.691140174865723,-13.28123664855957
17,129,English,-16.1326904296875,-5.630509853363037
17,129,French,-0.8570483922958374,-17.971242904663086
17,130,English,-13.773110389709473,-2.344268798828125
17,130,French,1.3810821771621704,-16.188432693481445
17,131,English,-12.02130126953125,-2.6045119762420654
17,131,French,1.0553109645843506,-16.15642547607422
17,132,English,-14.888237953186035,-1.4600706100463867
17,132,French,-1.1912226676940918,-14.81396770477295
17,133,English,-14.587471008300781,-0.8446385860443115
17,133,French,3.133443593978882,-15.15069580078125
17,134,English,-15.09819221496582,-3.122669219970703
17,134,French,0.0502924881875515,-16.7813663482666
17,135,English,-12.961997985839844,-3.7604920864105225
17,135,French,-0.37810832262039185,-16.335634231567383
17,136,English,-2.4944159984588623,9.801016807556152
17,136,French,11.98941707611084,3.0930161476135254
17,137,English,-5.704844951629639,11.26367473602295
17,137,French,11.12899398803711,-1.067001223564148
17,138,English,-5.4865803718566895,16.72437858581543
17,138,French,21.045251846313477,2.0431697368621826
17,139,English,-13.598034858703613,-2.0186712741851807
17,139,French,2.8086514472961426,-14.668882369995117
17,140,English,-7.524723052978516,12.443377494812012
17,140,French,20.66685676574707,3.5790884494781494
17,141,English,-15.384392738342285,-1.2132294178009033
17,141,French,-1.0888530015945435,-17.117403030395508
17,142,English,-14.059261322021484,0.053102388978004456
17,142,French,-0.018682343885302544,-15.718358993530273
17,143,English,-16.3070011138916,-1.8409473896026611
17,143,French,-0.17977255582809448,-17.586854934692383
17,144,English,-13.968259811401367,2.83402681350708
17,144,French,2.796968936920166,-13.548054695129395
17,145,English,-14.868372917175293,-1.728463888168335
17,145,French,0.5518168807029724,-15.666624069213867
17,146,English,-13.996353149414062,1.7274386882781982
17,146,French,1.2902781963348389,-15.475706100463867
17,147,English,-3.38151478767395,14.031285285949707
17,147,French,21.950267791748047,4.465027809143066
17,148,English,-13.480745315551758,-0.7137901782989502
17,148,French,-1.5320864915847778,-14.417787551879883
17,149,English,3.3604114055633545,21.803848266601562
17,149,French,24.95918083190918,6.95925235748291
17,150,English,0.2901107370853424,16.599475860595703
17,150,French,18.405155181884766,-0.6525506377220154
17,151,English,-10.723990440368652,4.463639736175537
17,151,French,7.199920654296875,-10.920822143554688
17,152,English,-7.2129011154174805,10.495506286621094
17,152,French,16.07439613342285,-5.283360481262207
17,153,English,-13.761617660522461,1.9647085666656494
17,153,French,6.223259449005127,-10.994170188903809
17,154,English,-14.102615356445312,-1.402992844581604
17,154,French,-0.38557225465774536,-15.968484878540039
17,155,English,-14.834451675415039,-3.638373613357544
17,155,French,-3.1146199703216553,-16.613893508911133
17,156,English,-15.079788208007812,-3.670869827270508
17,156,French,-2.042945384979248,-15.446273803710938
17,157,English,-5.432332515716553,16.644977569580078
17,157,French,15.742879867553711,-2.3891866207122803
17,158,English,-3.351304531097412,17.17133903503418
17,158,French,16.329301834106445,0.1523549109697342
17,159,English,0.4608369469642639,22.366613388061523
17,159,French,24.459461212158203,7.2368268966674805
17,160,English,-15.182570457458496,-1.6673717498779297
17,160,French,-0.022938016802072525,-17.80137062072754
17,161,English,-10.242478370666504,5.096574306488037
17,161,French,5.335519313812256,-10.856589317321777
17,162,English,-5.683376789093018,15.515887260437012
17,162,French,11.49838638305664,-0.24645483493804932
17,163,English,-1.3760660886764526,21.870750427246094
17,163,French,21.33536720275879,4.678890228271484
17,164,English,-12.259389877319336,1.7052323818206787
17,164,French,1.2984697818756104,-13.150267601013184
17,165,English,-5.034355163574219,8.217029571533203
17,165,French,3.8426129817962646,-4.484220027923584
17,166,English,-1.0057059526443481,16.479019165039062
17,166,French,27.992656707763672,9.466246604919434
17,167,English,-0.26127102971076965,19.467872619628906
17,167,French,25.210620880126953,2.4153709411621094
17,168,English,-6.235042572021484,12.030296325683594
17,168,French,15.458145141601562,4.493563175201416
17,169,English,-14.672927856445312,-0.7453315854072571
17,169,French,-0.46724432706832886,-17.882801055908203
17,170,English,-3.1108219623565674,17.305492401123047
17,170,French,16.99350929260254,8.902793884277344
17,171,English,-4.179472923278809,14.562590599060059
17,171,French,18.114521026611328,1.7468022108078003
17,172,English,-3.701519012451172,15.823057174682617
17,172,French,20.227373123168945,4.167994976043701
17,173,English,-2.520359754562378,16.729650497436523
17,173,French,23.859418869018555,2.3050343990325928
17,174,English,-15.78844165802002,-4.209146976470947
17,174,French,0.56308913230896,-18.30241584777832
17,175,English,-12.738801002502441,1.440232515335083
17,175,French,0.15204666554927826,-11.785523414611816
17,176,English,-2.9435746669769287,16.288583755493164
17,176,French,18.201942443847656,3.5265696048736572
17,177,English,-8.046113967895508,0.8816412687301636
17,177,French,4.851934909820557,-12.805601119995117
17,178,English,-8.197504043579102,9.099019050598145
17,178,French,6.179266929626465,-10.952184677124023
17,179,English,-11.909708976745605,1.5412678718566895
17,179,French,1.6588257551193237,-9.360383033752441
17,180,English,-0.0458730086684227,18.7070255279541
17,180,French,14.087584495544434,4.869743824005127
17,181,English,-11.534086227416992,2.8277406692504883
17,181,French,1.8801155090332031,-10.44466495513916
17,182,English,-9.932575225830078,5.697603225708008
17,182,French,2.2762210369110107,-10.942455291748047
17,183,English,-12.782712936401367,-3.518683433532715
17,183,French,-2.745363473892212,-14.089681625366211
17,184,English,0.448100209236145,22.003150939941406
17,184,French,18.131195068359375,3.75309681892395
17,185,English,-11.498640060424805,7.032632350921631
17,185,French,10.731537818908691,-5.1535444259643555
17,186,English,-14.771750450134277,4.458442211151123
17,186,French,3.0316450595855713,-15.518465995788574
17,187,English,-15.941773414611816,-4.01471471786499
17,187,French,-1.5300769805908203,-17.492698669433594
17,188,English,-12.950149536132812,-1.1747394800186157
17,188,French,1.4427618980407715,-15.39632797241211
17,189,English,-1.942784309387207,15.078274726867676
17,189,French,19.22576332092285,1.8486673831939697
17,190,English,1.543528437614441,23.852893829345703
17,190,French,21.30169677734375,13.366979598999023
17,191,English,-0.3308378756046295,18.12957000732422
17,191,French,26.654544830322266,5.001686096191406
17,192,English,-2.28587007522583,16.812273025512695
17,192,French,10.829516410827637,-4.741823196411133
17,193,English,-15.310019493103027,-2.6154422760009766
17,193,French,1.139729619026184,-16.87722396850586
17,194,English,-13.439901351928711,-0.11625061184167862
17,194,French,0.3519603908061981,-15.279510498046875
17,195,English,-13.027436256408691,-0.0925067588686943
17,195,French,0.8661649823188782,-13.700994491577148
17,196,English,-14.478094100952148,-0.7870129942893982
17,196,French,-1.2373164892196655,-15.596653938293457
17,197,English,-14.534492492675781,-2.021151542663574
17,197,French,1.328792929649353,-16.38120460510254
17,198,English,-4.350008487701416,15.951556205749512
17,198,French,13.142430305480957,-5.591612815856934
17,199,English,-14.88239574432373,-3.9145514965057373
17,199,French,-1.3862831592559814,-16.771100997924805
18,0,English,18.936155319213867,11.750358581542969
18,0,French,13.749504089355469,-10.85293197631836
18,1,English,-2.071153402328491,12.256318092346191
18,1,French,-8.508358001708984,-9.212095260620117
18,2,English,7.410075664520264,12.517940521240234
18,2,French,5.840700626373291,-16.700517654418945
18,3,English,-6.28354549407959,8.90009593963623
18,3,French,-12.440910339355469,-9.132920265197754
18,4,English,-11.329666137695312,12.369067192077637
18,4,French,-16.74550437927246,-9.850367546081543
18,5,English,16.248550415039062,11.489215850830078
18,5,French,20.8654727935791,-17.435949325561523
18,6,English,-10.951932907104492,8.833891868591309
18,6,French,-13.421789169311523,-6.503107070922852
18,7,English,-6.756991386413574,10.471138954162598
18,7,French,-12.188905715942383,-8.830540657043457
18,8,English,15.622413635253906,6.679602146148682
18,8,French,14.50544548034668,-14.023982048034668
18,9,English,-2.8234801292419434,9.767200469970703
18,9,French,-7.109579086303711,-6.97878360748291
18,10,English,-3.8135194778442383,11.687481880187988
18,10,French,3.345517158508301,-15.687975883483887
18,11,English,-7.914904594421387,9.918265342712402
18,11,French,0.6143240928649902,-11.15605640411377
18,12,English,4.613415718078613,7.289735317230225
18,12,French,4.534368515014648,-9.145035743713379
18,13,English,13.17781925201416,10.65969181060791
18,13,French,12.534180641174316,-11.434287071228027
18,14,English,-9.410907745361328,10.492119789123535
18,14,French,-12.607499122619629,-8.02579116821289
18,15,English,-11.470375061035156,8.051105499267578
18,15,French,-12.95257568359375,-6.351779460906982
18,16,English,1.4859521389007568,11.261173248291016
18,16,French,-9.0683012008667,-9.883092880249023
18,17,English,1.5387614965438843,11.097265243530273
18,17,French,-2.9398066997528076,-10.131636619567871
18,18,English,14.959096908569336,11.963539123535156
18,18,French,17.64359474182129,-12.360760688781738
18,19,English,-12.609601974487305,10.229909896850586
18,19,French,-15.160737991333008,-9.254085540771484
18,20,English,3.0311131477355957,10.510895729064941
18,20,French,6.892956733703613,-13.424323081970215
18,21,English,-2.830031156539917,12.551888465881348
18,21,French,-9.104438781738281,-10.906183242797852
18,22,English,16.7340145111084,13.169635772705078
18,22,French,15.016326904296875,-15.76955509185791
18,23,English,-12.212445259094238,11.209002494812012
18,23,French,-14.6246919631958,-9.292030334472656
18,24,English,19.413930892944336,12.543966293334961
18,24,French,18.79941177368164,-11.804625511169434
18,25,English,1.847257375717163,10.426777839660645
18,25,French,5.639703750610352,-16.894084930419922
18,26,English,6.794652938842773,13.535222053527832
18,26,French,8.924280166625977,-10.35696792602539
18,27,English,-9.459664344787598,11.114944458007812
18,27,French,-13.219176292419434,-9.164730072021484
18,28,English,-10.359297752380371,10.36094856262207
18,28,French,-12.116644859313965,-8.16744327545166
18,29,English,-2.0946853160858154,13.46217155456543
18,29,French,-3.116809129714966,-12.629714965820312
18,30,English,-5.236461639404297,8.213563919067383
18,30,French,-8.919133186340332,-1.9816442728042603
18,31,English,21.081401824951172,12.21927547454834
18,31,French,19.729751586914062,-14.026062965393066
18,32,English,-9.757061004638672,11.224481582641602
18,32,French,-14.75771427154541,-9.718803405761719
18,33,English,10.320212364196777,12.995473861694336
18,33,French,12.387453079223633,-11.008499145507812
18,34,English,10.312952041625977,10.264142036437988
18,34,French,7.194391250610352,-13.182443618774414
18,35,English,6.031365871429443,10.588945388793945
18,35,French,9.704928398132324,-10.084311485290527
18,36,English,-11.515644073486328,9.236409187316895
18,36,French,-11.867104530334473,-5.405202388763428
18,37,English,-2.7351322174072266,13.782720565795898
18,37,French,-8.22694206237793,-10.273694038391113
18,38,English,-6.396398544311523,13.490657806396484
18,38,French,-15.803539276123047,-10.162893295288086
18,39,English,6.523044586181641,13.882243156433105
18,39,French,5.311843395233154,-17.094112396240234
18,40,English,14.427224159240723,12.155515670776367
18,40,French,19.65375518798828,-15.341731071472168
18,41,English,13.40247917175293,12.597084999084473
18,41,French,14.020090103149414,-13.926711082458496
18,42,English,18.817548751831055,12.754796028137207
18,42,French,14.506461143493652,-6.165194034576416
18,43,English,0.40166446566581726,13.30140495300293
18,43,French,-2.3510100841522217,-11.840252876281738
18,44,English,14.105634689331055,11.37654972076416
18,44,French,13.35961627960205,-14.026220321655273
18,45,English,19.413930892944336,12.543966293334961
18,45,French,18.411212921142578,-14.538631439208984
18,46,English,-5.946268558502197,9.05705451965332
18,46,French,-11.511313438415527,-10.363441467285156
18,47,English,-5.617980003356934,7.767173767089844
18,47,French,-6.900456428527832,-13.78331184387207
18,48,English,-9.289039611816406,9.675787925720215
18,48,French,-8.938206672668457,-10.199681282043457
18,49,English,-6.891733646392822,10.635176658630371
18,49,French,-11.88654899597168,-4.994115829467773
18,50,English,-7.656754970550537,12.657158851623535
18,50,French,-12.547228813171387,-8.499917984008789
18,51,English,14.61988353729248,12.02074909210205
18,51,French,17.32398796081543,-10.191675186157227
18,52,English,5.021093368530273,13.146503448486328
18,52,French,15.287096977233887,-9.449542045593262
18,53,English,-3.9567158222198486,11.13808822631836
18,53,French,-15.639047622680664,-11.082845687866211
18,54,English,-6.25909423828125,13.769618034362793
18,54,French,-10.575104713439941,-11.419435501098633
18,55,English,-11.367929458618164,10.519437789916992
18,55,French,-14.485129356384277,-8.554384231567383
18,56,English,-6.933096885681152,11.485880851745605
18,56,French,-9.791861534118652,-10.49046516418457
18,57,English,14.205694198608398,10.621708869934082
18,57,French,21.895221710205078,-10.456066131591797
18,58,English,5.575300216674805,11.246139526367188
18,58,French,-0.33497512340545654,-13.5299072265625
18,59,English,10.952896118164062,12.399292945861816
18,59,French,15.33183479309082,-11.100335121154785
18,60,English,-5.868297100067139,12.523234367370605
18,60,French,-11.849695205688477,-11.717353820800781
18,61,English,5.328664302825928,8.978787422180176
18,61,French,2.9484658241271973,-11.726327896118164
18,62,English,-2.2093253135681152,11.769903182983398
18,62,French,-5.3975114822387695,-12.273077964782715
18,63,English,6.843772888183594,12.09640884399414
18,63,French,11.886012077331543,-18.216598510742188
18,64,English,-3.5594840049743652,7.845724105834961
18,64,French,-6.729397773742676,-9.515670776367188
18,65,English,7.914532661437988,10.962597846984863
18,65,French,15.343734741210938,-10.209954261779785
18,66,English,7.2778120040893555,10.847075462341309
18,66,French,9.994434356689453,-8.170336723327637
18,67,English,16.60839080810547,13.150463104248047
18,67,French,14.151507377624512,-13.255851745605469
18,68,English,-11.137190818786621,12.516135215759277
18,68,French,-13.251042366027832,-6.876187324523926
18,69,English,-13.280167579650879,12.185257911682129
18,69,French,-13.020177841186523,-10.665438652038574
18,70,English,11.151296615600586,11.902665138244629
18,70,French,10.591554641723633,-13.4041748046875
18,71,English,-8.850196838378906,7.216594696044922
18,71,French,-10.2713041305542,-4.975222587585449
18,72,English,12.792854309082031,11.137327194213867
18,72,French,11.148601531982422,-12.576421737670898
18,73,English,12.66264533996582,11.389508247375488
18,73,French,-0.8158780336380005,-9.729202270507812
18,74,English,-7.666294574737549,11.34196662902832
18,74,French,-12.231213569641113,-10.117610931396484
18,75,English,-0.4953189492225647,13.954120635986328
18,75,French,2.510188102722168,-15.458588600158691
18,76,English,8.522315979003906,12.788617134094238
18,76,French,11.55855655670166,-11.872032165527344
18,77,English,6.767919063568115,9.881916046142578
18,77,French,10.681968688964844,-11.622652053833008
18,78,English,-8.557517051696777,8.870673179626465
18,78,French,-9.934392929077148,-5.363950252532959
18,79,English,11.645466804504395,9.85920238494873
18,79,French,7.917532444000244,-11.590697288513184
18,80,English,-13.198606491088867,8.36353588104248
18,80,French,-15.849322319030762,-7.207437515258789
18,81,English,-10.815486907958984,13.113801002502441
18,81,French,-14.952044486999512,-7.24315071105957
18,82,English,-11.64063549041748,11.260763168334961
18,82,French,-14.836549758911133,-8.754030227661133
18,83,English,14.306181907653809,12.11645793914795
18,83,French,7.293063640594482,-13.243712425231934
18,84,English,-9.34603500366211,11.060464859008789
18,84,French,-13.899588584899902,-7.19952392578125
18,85,English,17.772424697875977,4.264709949493408
18,85,French,16.142799377441406,-10.325837135314941
18,86,English,4.303374290466309,12.051928520202637
18,86,French,1.3138006925582886,-11.709437370300293
18,87,English,-6.81972074508667,11.11484432220459
18,87,French,-11.086275100708008,-11.170572280883789
18,88,English,-11.276595115661621,12.267043113708496
18,88,French,-15.909631729125977,-9.823760032653809
18,89,English,-10.066102027893066,9.714599609375
18,89,French,-12.78136157989502,-7.574345111846924
18,90,English,-11.357255935668945,11.005974769592285
18,90,French,-14.147795677185059,-9.116632461547852
18,91,English,-8.88713550567627,11.68525505065918
18,91,French,-12.52934455871582,-11.127226829528809
18,92,English,5.046066761016846,12.78594970703125
18,92,French,-6.961729049682617,-11.706705093383789
18,93,English,-8.648398399353027,11.880953788757324
18,93,French,-11.682909965515137,-10.211532592773438
18,94,English,-6.552895545959473,11.118340492248535
18,94,French,-10.848040580749512,-11.90575122833252
18,95,English,-11.33724594116211,7.887020587921143
18,95,French,-12.123601913452148,-8.601892471313477
18,96,English,-0.47348636388778687,10.242953300476074
18,96,French,-7.303554534912109,-10.560750007629395
18,97,English,1.608458161354065,11.90478801727295
18,97,French,-1.1018937826156616,-13.921488761901855
18,98,English,-8.419313430786133,11.334975242614746
18,98,French,-10.468829154968262,-6.91939115524292
18,99,English,-10.867920875549316,10.239229202270508
18,99,French,-13.664443016052246,-7.624100208282471
18,100,English,16.7004337310791,10.667045593261719
18,100,French,19.560338973999023,-10.225356101989746
18,101,English,-9.943734169006348,10.064448356628418
18,101,French,-13.146324157714844,-8.093955039978027
18,102,English,23.020587921142578,3.144777774810791
18,102,French,19.512832641601562,-4.719814300537109
18,103,English,16.371471405029297,11.946826934814453
18,103,French,15.322772026062012,-10.747237205505371
18,104,English,13.109548568725586,13.201553344726562
18,104,French,17.342716217041016,-9.379476547241211
18,105,English,15.204695701599121,7.220600128173828
18,105,French,23.16998863220215,-3.5874764919281006
18,106,English,-5.4810333251953125,11.91497802734375
18,106,French,-6.043691635131836,-7.740481853485107
18,107,English,4.468833923339844,11.249771118164062
18,107,French,1.7435054779052734,-13.798724174499512
18,108,English,7.437331199645996,12.868734359741211
18,108,French,16.90542984008789,-21.568246841430664
18,109,English,9.825572967529297,11.021419525146484
18,109,French,7.451998233795166,-14.935853958129883
18,110,English,-13.242433547973633,10.97713565826416
18,110,French,-8.375258445739746,-9.694543838500977
18,111,English,-0.8214030265808105,5.828976631164551
18,111,French,-1.0741305351257324,-8.6295804977417
18,112,English,-9.909029960632324,10.425868034362793
18,112,French,-14.337226867675781,-8.99747371673584
18,113,English,1.8708386421203613,10.495917320251465
18,113,French,3.751251220703125,-17.479938507080078
18,114,English,14.234217643737793,11.473047256469727
18,114,French,15.602032661437988,-13.064542770385742
18,115,English,-8.350813865661621,8.604369163513184
18,115,French,-11.08241081237793,-8.821537017822266
18,116,English,12.170835494995117,14.093027114868164
18,116,French,10.232223510742188,-16.73055648803711
18,117,English,-7.1678147315979,11.131301879882812
18,117,French,-6.3997297286987305,-8.44751262664795
18,118,English,-12.787219047546387,2.3700358867645264
18,118,French,-13.536574363708496,-8.676309585571289
18,119,English,-13.084660530090332,11.332114219665527
18,119,French,-17.02228355407715,-9.654479026794434
18,120,English,3.7100210189819336,12.041084289550781
18,120,French,-2.778923511505127,-9.56985855102539
18,121,English,-4.954726696014404,11.22612190246582
18,121,French,-4.149191856384277,-6.390514373779297
18,122,English,-5.171756267547607,-3.1591575145721436
18,122,French,-8.519935607910156,-9.025280952453613
18,123,English,7.095241546630859,12.75977897644043
18,123,French,12.319591522216797,-15.120038986206055
18,124,English,22.87716293334961,6.84018611907959
18,124,French,16.72032356262207,-17.720439910888672
18,125,English,12.2344970703125,12.774128913879395
18,125,French,16.96393585205078,-15.72835636138916
18,126,English,20.607437133789062,11.44719409942627
18,126,French,20.048480987548828,-15.820038795471191
18,127,English,-8.128579139709473,11.53276538848877
18,127,French,-12.7689790725708,-9.66421890258789
18,128,English,-3.7442076206207275,9.085066795349121
18,128,French,-8.294312477111816,-11.40096664428711
18,129,English,-14.786226272583008,9.799412727355957
18,129,French,-15.960779190063477,-9.626556396484375
18,130,English,-10.554991722106934,9.850939750671387
18,130,French,-13.645689964294434,-10.781516075134277
18,131,English,-9.621052742004395,8.038073539733887
18,131,French,-14.102664947509766,-10.573609352111816
18,132,English,-10.381257057189941,11.125761032104492
18,132,French,-13.62059497833252,-7.906713962554932
18,133,English,-9.190308570861816,10.964545249938965
18,133,French,-10.937261581420898,-11.105437278747559
18,134,English,-11.264030456542969,9.950998306274414
18,134,French,-14.697214126586914,-10.081189155578613
18,135,English,-11.399469375610352,8.58538818359375
18,135,French,-14.422468185424805,-9.124134063720703
18,136,English,6.00100040435791,7.837501525878906
18,136,French,10.86515998840332,-8.26793098449707
18,137,English,6.053377151489258,10.604470252990723
18,137,French,5.527354717254639,-10.022368431091309
18,138,English,12.480546951293945,14.131083488464355
18,138,French,13.992524147033691,-16.102327346801758
18,139,English,-9.513422966003418,10.213512420654297
18,139,French,-11.099844932556152,-11.139406204223633
18,140,English,7.279677867889404,13.498579978942871
18,140,French,15.071008682250977,-16.091938018798828
18,141,English,-10.583439826965332,11.913914680480957
18,141,French,-15.557432174682617,-8.845627784729004
18,142,English,-8.584249496459961,11.563624382019043
18,142,French,-13.81614875793457,-9.10511589050293
18,143,English,-11.385807991027832,12.333367347717285
18,143,French,-15.49330997467041,-10.05322551727295
18,144,English,-5.738065242767334,13.306452751159668
18,144,French,-10.09818172454834,-10.086488723754883
18,145,English,-10.408011436462402,10.92358684539795
18,145,French,-13.36148738861084,-9.772260665893555
18,146,English,-7.468680381774902,12.530315399169922
18,146,French,-12.72219181060791,-9.999377250671387
18,147,English,10.04987907409668,10.540929794311523
18,147,French,16.067750930786133,-16.2391414642334
18,148,English,-8.738007545471191,10.646739959716797
18,148,French,-13.662313461303711,-6.948312282562256
18,149,English,21.105188369750977,9.298646926879883
18,149,French,21.08072853088379,-16.719003677368164
18,150,English,14.820218086242676,8.66589641571045
18,150,French,10.949646949768066,-15.364334106445312
18,151,English,-2.0356905460357666,11.202470779418945
18,151,French,-4.926272392272949,-12.0406494140625
18,152,English,5.544248580932617,11.598432540893555
18,152,French,4.624330520629883,-16.301406860351562
18,153,English,-6.278212547302246,12.735177040100098
18,153,French,-5.868271827697754,-11.294670104980469
18,154,English,-9.082209587097168,10.497048377990723
18,154,French,-14.039505004882812,-9.043760299682617
18,155,English,-12.143272399902344,10.105470657348633
18,155,French,-16.74320411682129,-7.057480335235596
18,156,English,-12.502538681030273,10.002323150634766
18,156,French,-14.656548500061035,-7.9798808097839355
18,157,English,11.763386726379395,13.83513069152832
18,157,French,7.562087535858154,-14.211845397949219
18,158,English,13.088801383972168,12.337360382080078
18,158,French,8.963724136352539,-13.595441818237305
18,159,English,20.451034545898438,11.950676918029785
18,159,French,19.70448112487793,-14.206806182861328
18,160,English,-10.527449607849121,11.395094871520996
18,160,French,-15.55978775024414,-10.353289604187012
18,161,English,-2.224161148071289,11.031607627868652
18,161,French,-6.308871746063232,-11.081236839294434
18,162,English,9.989686965942383,13.624083518981934
18,162,French,6.266495704650879,-10.146147727966309
18,163,English,18.68630599975586,13.465155601501465
18,163,French,15.94727897644043,-15.81364631652832
18,164,English,-5.497860908508301,10.86454963684082
18,164,French,-10.238852500915527,-8.5299711227417
18,165,English,6.481790065765381,9.028105735778809
18,165,French,-2.1850428581237793,-4.807374000549316
18,166,English,14.098727226257324,10.111343383789062
18,166,French,24.336780548095703,-17.120166778564453
18,167,English,16.062355041503906,10.81020736694336
18,167,French,16.114654541015625,-19.023630142211914
18,168,English,6.932060718536377,12.154519081115723
18,168,French,13.00786018371582,-9.305261611938477
18,169,English,-9.997206687927246,11.538994789123535
18,169,French,-15.672273635864258,-10.297202110290527
18,170,English,13.865604400634766,12.028639793395996
18,170,French,17.496213912963867,-9.232604026794434
18,171,English,9.96375560760498,12.35194206237793
18,171,French,11.953631401062012,-14.28223991394043
18,172,English,12.640913009643555,11.89684009552002
18,172,French,15.504889488220215,-14.064501762390137
18,173,English,13.113654136657715,11.179495811462402
18,173,French,15.862421989440918,-18.94666290283203
18,174,English,-13.273541450500488,10.918071746826172
18,174,French,-15.536486625671387,-10.53431224822998
18,175,English,-6.326645374298096,11.53382396697998
18,175,French,-10.31597900390625,-6.918202877044678
18,176,English,13.138383865356445,11.701132774353027
18,176,French,14.456262588500977,-13.618837356567383
18,177,English,-4.154407978057861,7.1336283683776855
18,177,French,-8.486825942993164,-11.160175323486328
18,178,English,3.4991140365600586,11.971392631530762
18,178,French,-6.381403923034668,-11.396716117858887
18,179,English,-5.862926959991455,10.788400650024414
18,179,French,-7.466873645782471,-6.5449700355529785
18,180,English,17.38619041442871,10.34417724609375
18,180,French,12.136917114257812,-8.459006309509277
18,181,English,-4.132571697235107,11.361645698547363
18,181,French,-7.405215740203857,-6.498524188995361
18,182,English,-1.511942982673645,11.124726295471191
18,182,French,-8.518975257873535,-8.980646133422852
18,183,English,-10.612870216369629,8.537259101867676
18,183,French,-13.859760284423828,-5.848381996154785
18,184,English,21.771976470947266,12.226998329162598
18,184,French,14.76419448852539,-12.671524047851562
18,185,English,-0.4833657741546631,13.922028541564941
18,185,French,2.670811653137207,-11.270916938781738
18,186,English,-4.453019142150879,14.649906158447266
18,186,French,-11.886978149414062,-11.500009536743164
18,187,English,-12.857614517211914,11.211238861083984
18,187,French,-15.95938491821289,-8.54317569732666
18,188,English,-8.709129333496094,9.683650016784668
18,188,French,-12.634198188781738,-10.274840354919434
18,189,English,12.331123352050781,10.505749702453613
18,189,French,12.568414688110352,-14.997001647949219
18,190,English,22.57264518737793,12.132905960083008
18,190,French,22.748802185058594,-10.044021606445312
18,191,English,15.56922435760498,10.964373588562012
18,191,French,19.348880767822266,-17.888526916503906
18,192,English,13.78886604309082,10.630850791931152
18,192,French,2.896461009979248,-10.992981910705566
18,193,English,-11.368569374084473,11.20720386505127
18,193,French,-13.964706420898438,-10.822166442871094
18,194,English,-8.134529113769531,10.571768760681152
18,194,French,-13.019804000854492,-9.244219779968262
18,195,English,-7.279202461242676,10.597393035888672
18,195,French,-11.370429992675781,-9.029013633728027
18,196,English,-9.668938636779785,11.490459442138672
18,196,French,-15.11785888671875,-7.744194507598877
18,197,English,-10.344852447509766,10.964461326599121
18,197,French,-13.663505554199219,-10.798274040222168
18,198,English,11.478163719177246,12.448216438293457
18,198,French,2.918272018432617,-13.76610279083252
18,199,English,-12.249381065368652,10.24960994720459
18,199,French,-15.66459846496582,-8.278990745544434
19,0,English,20.534456253051758,12.106123924255371
19,0,French,14.629935264587402,-11.894161224365234
19,1,English,-1.8604366779327393,12.980085372924805
19,1,French,-8.932929992675781,-9.136415481567383
19,2,English,7.792844295501709,12.745951652526855
19,2,French,5.001771926879883,-17.519813537597656
19,3,English,-6.10945463180542,9.545722961425781
19,3,French,-13.300130844116211,-9.160632133483887
19,4,English,-10.79249095916748,13.454076766967773
19,4,French,-17.46055030822754,-9.127442359924316
19,5,English,18.00143051147461,11.740824699401855
19,5,French,20.61979866027832,-18.208749771118164
19,6,English,-10.797587394714355,9.16919994354248
19,6,French,-14.086787223815918,-6.370116233825684
19,7,English,-6.893521308898926,11.254568099975586
19,7,French,-13.159967422485352,-8.924060821533203
19,8,English,16.713064193725586,5.833139419555664
19,8,French,13.755425453186035,-15.552371978759766
19,9,English,-3.055133104324341,10.345049858093262
19,9,French,-8.18056869506836,-6.9453511238098145
19,10,English,-2.98892879486084,12.536430358886719
19,10,French,2.1089351177215576,-16.70050811767578
19,11,English,-8.200580596923828,11.205962181091309
19,11,French,-0.8461620807647705,-12.255720138549805
19,12,English,4.303056240081787,6.481785774230957
19,12,French,3.061814308166504,-11.351198196411133
19,13,English,13.481554985046387,10.206232070922852
19,13,French,12.619610786437988,-13.389755249023438
19,14,English,-9.34875774383545,11.571304321289062
19,14,French,-13.647372245788574,-7.464093208312988
19,15,English,-11.193568229675293,9.31261920928955
19,15,French,-13.757594108581543,-5.837007999420166
19,16,English,2.1855392456054688,12.571452140808105
19,16,French,-9.975399017333984,-9.419758796691895
19,17,English,1.443472981452942,11.179018020629883
19,17,French,-4.003454208374023,-10.975672721862793
19,18,English,15.526195526123047,12.014544486999512
19,18,French,18.648704528808594,-14.598196983337402
19,19,English,-12.24797534942627,11.347416877746582
19,19,French,-15.811041831970215,-8.428916931152344
19,20,English,3.9306161403656006,11.183756828308105
19,20,French,6.185932159423828,-13.75803279876709
19,21,English,-2.1648669242858887,13.606474876403809
19,21,French,-9.89570426940918,-10.605623245239258
19,22,English,19.193180084228516,12.588537216186523
19,22,French,15.030235290527344,-18.255939483642578
19,23,English,-11.685483932495117,11.964776039123535
19,23,French,-15.116655349731445,-9.138435363769531
19,24,English,21.79965591430664,13.074048042297363
19,24,French,18.414464950561523,-13.785250663757324
19,25,English,2.3293964862823486,10.591297149658203
19,25,French,5.544057369232178,-17.037527084350586
19,26,English,8.420620918273926,14.135354042053223
19,26,French,8.683374404907227,-10.915444374084473
19,27,English,-9.322369575500488,12.08813762664795
19,27,French,-14.316557884216309,-8.759674072265625
19,28,English,-10.266592979431152,11.601052284240723
19,28,French,-13.395430564880371,-8.246835708618164
19,29,English,-1.6437222957611084,14.061458587646484
19,29,French,-4.690266132354736,-13.210015296936035
19,30,English,-5.224871635437012,8.641895294189453
19,30,French,-9.664482116699219,-2.2602286338806152
19,31,English,21.734712600708008,11.469685554504395
19,31,French,21.74994659423828,-17.47572898864746
19,32,English,-9.193082809448242,12.37939167022705
19,32,French,-15.507654190063477,-9.389822959899902
19,33,English,11.140789031982422,13.62005615234375
19,33,French,11.41347599029541,-12.058806419372559
19,34,English,11.425558090209961,9.713061332702637
19,34,French,6.393666744232178,-13.51758098602295
19,35,English,6.54850435256958,10.701295852661133
19,35,French,9.64216423034668,-10.847926139831543
19,36,English,-11.655598640441895,10.14867877960205
19,36,French,-12.690438270568848,-5.338214874267578
19,37,English,-1.9700926542282104,14.165387153625488
19,37,French,-8.954337120056152,-10.206055641174316
19,38,English,-6.146701812744141,14.44349479675293
19,38,French,-16.54111671447754,-9.206012725830078
19,39,English,6.1919450759887695,14.73898983001709
19,39,French,4.803374767303467,-17.27619743347168
19,40,English,16.247804641723633,12.234734535217285
19,40,French,19.586523056030273,-16.51189613342285
19,41,English,13.823606491088867,12.785388946533203
19,41,French,13.46989631652832,-15.223799705505371
19,42,English,20.153587341308594,12.039661407470703
19,42,French,14.166487693786621,-7.836750507354736
19,43,English,0.7906956076622009,14.211639404296875
19,43,French,-2.7194182872772217,-11.89930248260498
19,44,English,14.686995506286621,11.217906951904297
19,44,French,13.192317008972168,-14.926691055297852
19,45,English,21.79965591430664,13.074048042297363
19,45,French,17.785737991333008,-16.247568130493164
19,46,English,-5.853448867797852,9.419546127319336
19,46,French,-12.544591903686523,-10.647215843200684
19,47,English,-5.554282188415527,8.373723983764648
19,47,French,-7.955811023712158,-14.244359970092773
19,48,English,-8.938186645507812,10.366451263427734
19,48,French,-9.718585014343262,-10.276337623596191
19,49,English,-7.013162136077881,11.130962371826172
19,49,French,-12.719799041748047,-5.56431245803833
19,50,English,-7.015417575836182,13.618408203125
19,50,French,-13.162618637084961,-8.339091300964355
19,51,English,15.527326583862305,12.50662612915039
19,51,French,16.946123123168945,-11.897525787353516
19,52,English,5.689198017120361,13.605155944824219
19,52,French,15.261259078979492,-11.314751625061035
19,53,English,-3.8903446197509766,11.757902145385742
19,53,French,-16.312259674072266,-10.547320365905762
19,54,English,-5.683667182922363,14.293618202209473
19,54,French,-11.762225151062012,-11.084643363952637
19,55,English,-11.55704402923584,11.963894844055176
19,55,French,-15.411026000976562,-7.894209861755371
19,56,English,-6.692189693450928,12.603458404541016
19,56,French,-10.815911293029785,-10.074742317199707
19,57,English,14.96677303314209,10.533403396606445
19,57,French,21.979684829711914,-11.571288108825684
19,58,English,6.104640483856201,10.764798164367676
19,58,French,-1.7638517618179321,-14.717222213745117
19,59,English,11.560730934143066,12.997869491577148
19,59,French,15.050329208374023,-12.88732624053955
19,60,English,-6.002575874328613,13.163448333740234
19,60,French,-12.93950366973877,-11.37663745880127
19,61,English,6.058681011199951,9.058914184570312
19,61,French,2.489943265914917,-12.53308391571045
19,62,English,-1.617815375328064,12.670490264892578
19,62,French,-6.184147357940674,-12.233855247497559
19,63,English,7.166352272033691,12.676986694335938
19,63,French,11.384759902954102,-19.353158950805664
19,64,English,-3.9888343811035156,7.971562385559082
19,64,French,-7.998767852783203,-9.992841720581055
19,65,English,8.778417587280273,10.811545372009277
19,65,French,15.323296546936035,-11.635953903198242
19,66,English,8.720616340637207,11.534467697143555
19,66,French,9.849710464477539,-8.570500373840332
19,67,English,18.332767486572266,13.341346740722656
19,67,French,13.523521423339844,-15.181427001953125
19,68,English,-10.89055347442627,13.505244255065918
19,68,French,-14.065288543701172,-6.1821980476379395
19,69,English,-13.195497512817383,13.30715560913086
19,69,French,-13.815065383911133,-9.991443634033203
19,70,English,11.963651657104492,12.569232940673828
19,70,French,10.007871627807617,-15.191221237182617
19,71,English,-8.991862297058105,7.676982879638672
19,71,French,-11.394866943359375,-4.952885627746582
19,72,English,14.058435440063477,10.952054023742676
19,72,French,11.180450439453125,-14.148690223693848
19,73,English,13.65241527557373,11.29427719116211
19,73,French,-1.5115885734558105,-9.943629264831543
19,74,English,-7.311038970947266,11.87877368927002
19,74,French,-13.3877592086792,-10.183645248413086
19,75,English,0.016298621892929077,15.189374923706055
19,75,French,1.8539361953735352,-15.116351127624512
19,76,English,9.599174499511719,12.904613494873047
19,76,French,10.652215003967285,-13.498358726501465
19,77,English,7.397095203399658,10.294548988342285
19,77,French,9.839695930480957,-12.288095474243164
19,78,English,-8.682169914245605,9.774147987365723
19,78,French,-11.085677146911621,-5.122223377227783
19,79,English,11.698018074035645,10.306112289428711
19,79,French,7.838810920715332,-12.487821578979492
19,80,English,-13.07612133026123,9.21556568145752
19,80,French,-16.60742950439453,-7.0403971672058105
19,81,English,-10.260626792907715,14.309491157531738
19,81,French,-15.726269721984863,-6.530934810638428
19,82,English,-11.564702987670898,12.776302337646484
19,82,French,-15.701569557189941,-8.450614929199219
19,83,English,14.989473342895508,12.36032485961914
19,83,French,6.707080841064453,-14.558145523071289
19,84,English,-8.956521987915039,12.129338264465332
19,84,French,-14.331552505493164,-6.7364888191223145
19,85,English,17.714351654052734,2.6235179901123047
19,85,French,15.877846717834473,-12.572466850280762
19,86,English,4.877923488616943,12.8576078414917
19,86,French,0.8072188496589661,-12.397462844848633
19,87,English,-6.977686882019043,11.687413215637207
19,87,French,-11.819217681884766,-10.568528175354004
19,88,English,-10.730791091918945,13.37684154510498
19,88,French,-17.06012725830078,-9.323771476745605
19,89,English,-9.917137145996094,10.680916786193848
19,89,French,-13.422423362731934,-7.080085754394531
19,90,English,-10.995649337768555,12.442059516906738
19,90,French,-14.752601623535156,-8.937667846679688
19,91,English,-8.232671737670898,13.2748384475708
19,91,French,-13.569430351257324,-10.484790802001953
19,92,English,5.7594218254089355,12.86356258392334
19,92,French,-7.705230236053467,-11.696120262145996
19,93,English,-8.37454891204834,12.477930068969727
19,93,French,-12.491448402404785,-10.217485427856445
19,94,English,-5.831347942352295,12.24709415435791
19,94,French,-11.46527099609375,-11.547017097473145
19,95,English,-10.929150581359863,9.033388137817383
19,95,French,-12.839750289916992,-8.615317344665527
19,96,English,-0.12914122641086578,10.258941650390625
19,96,French,-7.854357719421387,-11.099520683288574
19,97,English,2.01572322845459,12.290803909301758
19,97,French,-1.8593934774398804,-14.340497016906738
19,98,English,-8.352961540222168,12.170038223266602
19,98,French,-11.586080551147461,-6.475498676300049
19,99,English,-10.298917770385742,11.038355827331543
19,99,French,-14.37203311920166,-7.571183204650879
19,100,English,18.402559280395508,10.604958534240723
19,100,French,19.06613540649414,-12.290574073791504
19,101,English,-9.502594947814941,11.547718048095703
19,101,French,-13.770578384399414,-7.682297229766846
19,102,English,24.3675537109375,1.652026653289795
19,102,French,21.28343963623047,-7.255499839782715
19,103,English,18.543437957763672,12.07655143737793
19,103,French,15.593456268310547,-12.16919231414795
19,104,English,14.935354232788086,13.024560928344727
19,104,French,18.274906158447266,-10.39332389831543
19,105,English,16.44770050048828,6.326860427856445
19,105,French,24.79893684387207,-6.092572212219238
19,106,English,-4.652693271636963,12.366813659667969
19,106,French,-6.832757949829102,-7.930159568786621
19,107,English,4.97390079498291,11.866462707519531
19,107,French,1.2484595775604248,-14.659440040588379
19,108,English,7.779180526733398,13.132285118103027
19,108,French,16.159433364868164,-23.252140045166016
19,109,English,10.200963973999023,11.333476066589355
19,109,French,6.756816864013672,-15.451355934143066
19,110,English,-13.23830509185791,12.147805213928223
19,110,French,-9.364407539367676,-10.149263381958008
19,111,English,-0.35412710905075073,6.15689754486084
19,111,French,-1.8051050901412964,-9.22052001953125
19,112,English,-9.997574806213379,11.223994255065918
19,112,French,-15.272919654846191,-9.159337043762207
19,113,English,2.5318992137908936,11.118876457214355
19,113,French,2.853916883468628,-18.282297134399414
19,114,English,15.015192985534668,11.916571617126465
19,114,French,15.727245330810547,-13.690723419189453
19,115,English,-7.7267985343933105,9.267182350158691
19,115,French,-11.921225547790527,-8.682856559753418
19,116,English,13.455899238586426,14.53101921081543
19,116,French,9.66308307647705,-17.85551643371582
19,117,English,-6.877020835876465,12.20244312286377
19,117,French,-7.332678318023682,-9.039266586303711
19,118,English,-13.352416038513184,3.224085569381714
19,118,French,-14.676323890686035,-8.654553413391113
19,119,English,-12.490002632141113,12.917704582214355
19,119,French,-17.976720809936523,-9.626654624938965
19,120,English,3.868237257003784,12.471731185913086
19,120,French,-3.7997336387634277,-10.722928047180176
19,121,English,-4.414509296417236,10.920613288879395
19,121,French,-4.625654220581055,-7.019928932189941
19,122,English,-6.802607536315918,-4.0072784423828125
19,122,French,-10.288368225097656,-9.320425033569336
19,123,English,7.130740642547607,13.284810066223145
19,123,French,11.994664192199707,-15.803951263427734
19,124,English,25.26815414428711,5.347122669219971
19,124,French,16.223764419555664,-19.110898971557617
19,125,English,13.754586219787598,14.056306838989258
19,125,French,17.332683563232422,-16.599424362182617
19,126,English,22.412023544311523,11.691819190979004
19,126,French,20.666889190673828,-18.676008224487305
19,127,English,-7.916259765625,12.55266284942627
19,127,French,-13.725957870483398,-9.497953414916992
19,128,English,-3.9904158115386963,8.875998497009277
19,128,French,-9.37961483001709,-11.992499351501465
19,129,English,-14.221874237060547,10.898834228515625
19,129,French,-16.68372344970703,-9.005162239074707
19,130,English,-10.26427173614502,10.661495208740234
19,130,French,-14.795510292053223,-10.76317024230957
19,131,English,-8.986351013183594,9.103341102600098
19,131,French,-14.802371978759766,-10.700013160705566
19,132,English,-10.069046020507812,12.236248016357422
19,132,French,-14.401641845703125,-7.225261211395264
19,133,English,-8.756784439086914,11.556242942810059
19,133,French,-11.892427444458008,-11.244123458862305
19,134,English,-10.988059043884277,10.738363265991211
19,134,French,-15.413426399230957,-9.985993385314941
19,135,English,-11.120122909545898,9.465128898620605
19,135,French,-15.227783203125,-9.632469177246094
19,136,English,6.561916828155518,7.661065101623535
19,136,French,11.544081687927246,-10.107057571411133
19,137,English,6.909667015075684,10.946147918701172
19,137,French,5.88851261138916,-11.467866897583008
19,138,English,14.792936325073242,14.528340339660645
19,138,French,13.958613395690918,-17.861921310424805
19,139,English,-9.355925559997559,11.306330680847168
19,139,French,-11.692327499389648,-10.716043472290039
19,140,English,8.589437484741211,14.116377830505371
19,140,French,14.84477424621582,-16.52309226989746
19,141,English,-9.924529075622559,12.89680290222168
19,141,French,-16.133258819580078,-8.207262992858887
19,142,English,-8.262526512145996,12.592808723449707
19,142,French,-14.781187057495117,-9.183507919311523
19,143,English,-10.759207725524902,13.274347305297852
19,143,French,-16.03034782409668,-9.488567352294922
19,144,English,-5.338183403015137,14.148491859436035
19,144,French,-10.928729057312012,-9.843416213989258
19,145,English,-9.908209800720215,12.094746589660645
19,145,French,-13.66522216796875,-9.190467834472656
19,146,English,-6.589529991149902,13.558897018432617
19,146,French,-13.293726921081543,-9.21243953704834
19,147,English,10.57896900177002,10.893745422363281
19,147,French,16.085399627685547,-17.115764617919922
19,148,English,-8.812334060668945,11.407756805419922
19,148,French,-14.752206802368164,-7.052338600158691
19,149,English,22.326330184936523,9.001097679138184
19,149,French,21.652238845825195,-17.86995506286621
19,150,English,16.41410255432129,8.118961334228516
19,150,French,10.885004043579102,-16.613550186157227
19,151,English,-2.5451483726501465,11.661310195922852
19,151,French,-6.31125020980835,-12.169536590576172
19,152,English,6.112222671508789,12.076959609985352
19,152,French,3.7926807403564453,-17.114919662475586
19,153,English,-5.664991855621338,13.39624309539795
19,153,French,-6.761631488800049,-11.119782447814941
19,154,English,-9.101564407348633,11.43777847290039
19,154,French,-14.80798053741455,-7.967988967895508
19,155,English,-12.188374519348145,10.718446731567383
19,155,French,-17.34202003479004,-6.87349796295166
19,156,English,-12.193591117858887,11.185347557067871
19,156,French,-15.231159210205078,-7.854739189147949
19,157,English,13.31993293762207,14.168791770935059
19,157,French,7.524072647094727,-15.10020637512207
19,158,English,14.269654273986816,12.444493293762207
19,158,French,8.131030082702637,-14.199009895324707
19,159,English,21.176095962524414,11.760297775268555
19,159,French,20.15596580505371,-15.73280143737793
19,160,English,-10.248945236206055,12.62036418914795
19,160,French,-16.53907012939453,-9.864453315734863
19,161,English,-2.070127248764038,11.628679275512695
19,161,French,-7.102262020111084,-11.540843963623047
19,162,English,10.900106430053711,13.663764953613281
19,162,French,5.6352667808532715,-11.054443359375
19,163,English,18.708255767822266,13.941157341003418
19,163,French,15.48189640045166,-17.568769454956055
19,164,English,-5.737766265869141,11.752574920654297
19,164,French,-11.786437034606934,-8.172107696533203
19,165,English,6.785275936126709,9.116510391235352
19,165,French,-3.1431312561035156,-4.533642768859863
19,166,English,15.500214576721191,10.500630378723145
19,166,French,25.16969108581543,-18.6964054107666
19,167,English,17.648334503173828,11.324628829956055
19,167,French,16.25691032409668,-19.43929100036621
19,168,English,7.795334815979004,11.90046215057373
19,168,French,12.900930404663086,-10.694229125976562
19,169,English,-9.558372497558594,12.054174423217773
19,169,French,-16.84395980834961,-9.963934898376465
19,170,English,15.2341947555542,12.85291862487793
19,170,French,17.621366500854492,-10.410438537597656
19,171,English,11.274337768554688,12.853445053100586
19,171,French,11.841229438781738,-15.463674545288086
19,172,English,13.67768383026123,11.746434211730957
19,172,French,14.068835258483887,-15.071245193481445
19,173,English,14.480868339538574,11.50484848022461
19,173,French,15.912965774536133,-19.671245574951172
19,174,English,-12.948607444763184,12.305388450622559
19,174,French,-16.62290382385254,-10.304621696472168
19,175,English,-6.364163398742676,11.70909309387207
19,175,French,-11.198860168457031,-6.858108043670654
19,176,English,13.41252613067627,11.611493110656738
19,176,French,14.586726188659668,-15.6915922164917
19,177,English,-4.1898016929626465,7.516593933105469
19,177,French,-9.049110412597656,-11.277957916259766
19,178,English,4.019641399383545,12.415826797485352
19,178,French,-7.2788920402526855,-11.85179328918457
19,179,English,-5.81251859664917,10.941814422607422
19,179,French,-8.418441772460938,-7.149470806121826
19,180,English,18.644367218017578,10.405975341796875
19,180,French,12.085190773010254,-9.906172752380371
19,181,English,-4.270676136016846,11.88290786743164
19,181,French,-8.461492538452148,-6.636580944061279
19,182,English,-1.7333430051803589,11.684864044189453
19,182,French,-9.742116928100586,-9.317316055297852
19,183,English,-10.549760818481445,8.332904815673828
19,183,French,-14.4819917678833,-5.7709641456604
19,184,English,24.32967185974121,12.048489570617676
19,184,French,13.693631172180176,-14.480402946472168
19,185,English,0.05187320336699486,13.884893417358398
19,185,French,1.9201509952545166,-12.000327110290527
19,186,English,-3.7220892906188965,15.759218215942383
19,186,French,-12.761852264404297,-11.467771530151367
19,187,English,-12.70167350769043,12.61502456665039
19,187,French,-16.805953979492188,-8.254631996154785
19,188,English,-8.48574447631836,9.878525733947754
19,188,French,-13.568248748779297,-10.436058044433594
19,189,English,12.94698715209961,10.709403991699219
19,189,French,12.353476524353027,-15.454710006713867
19,190,English,23.260204315185547,12.433295249938965
19,190,French,24.387197494506836,-12.466172218322754
19,191,English,16.891357421875,11.485821723937988
19,191,French,19.139131546020508,-20.16321563720703
19,192,English,15.414531707763672,10.405035018920898
19,192,French,2.0493392944335938,-13.3707857131958
19,193,English,-10.808926582336426,12.143757820129395
19,193,French,-14.72567081451416,-10.2674560546875
19,194,English,-7.580034255981445,11.27825927734375
19,194,French,-13.595786094665527,-8.93299388885498
19,195,English,-7.230525016784668,11.326874732971191
19,195,French,-12.155889511108398,-9.123376846313477
19,196,English,-9.178476333618164,12.38638973236084
19,196,French,-15.587393760681152,-6.8384833335876465
19,197,English,-10.145362854003906,11.826906204223633
19,197,French,-14.581806182861328,-10.731242179870605
19,198,English,12.783194541931152,12.7471284866333
19,198,French,1.8446954488754272,-14.519837379455566
19,199,English,-11.958539009094238,11.23058795928955
19,199,French,-16.412151336669922,-8.003599166870117
20,0,English,24.625097274780273,-6.291703701019287
20,0,French,11.756122589111328,15.597182273864746
20,1,English,1.9331218004226685,-13.55693531036377
20,1,French,-12.054880142211914,6.905905246734619
20,2,English,13.361635208129883,-11.002219200134277
20,2,French,0.2600056231021881,18.781099319458008
20,3,English,-3.012509822845459,-11.78433609008789
20,3,French,-15.987174987792969,5.851645469665527
20,4,English,-7.348999977111816,-16.801021575927734
20,4,French,-20.940778732299805,5.050969123840332
20,5,English,21.146038055419922,-7.402612209320068
20,5,French,16.110666275024414,23.63246726989746
20,6,English,-8.334982872009277,-12.22219467163086
20,6,French,-16.328344345092773,3.2360665798187256
20,7,English,-4.697356700897217,-13.732015609741211
20,7,French,-16.373395919799805,4.690396785736084
20,8,English,19.01050567626953,-0.500271737575531
20,8,French,10.025677680969238,21.119327545166016
20,9,English,0.174028217792511,-11.859369277954102
20,9,French,-9.69462776184082,4.1912641525268555
20,10,English,0.0014044730924069881,-13.832572937011719
20,10,French,-1.7284907102584839,17.35211753845215
20,11,English,-5.334754467010498,-13.818987846374512
20,11,French,-3.7749741077423096,12.131104469299316
20,12,English,7.564925670623779,-4.767791748046875
20,12,French,1.0509862899780273,12.262195587158203
20,13,English,16.894750595092773,-6.925065517425537
20,13,French,9.511467933654785,16.82307243347168
20,14,English,-7.518579006195068,-14.961631774902344
20,14,French,-16.910234451293945,3.9588623046875
20,15,English,-9.097689628601074,-12.607380867004395
20,15,French,-16.325176239013672,2.655336618423462
20,16,English,4.877151012420654,-12.07514476776123
20,16,French,-13.35799503326416,6.2423295974731445
20,17,English,5.665533065795898,-10.60923957824707
20,17,French,-6.8144330978393555,11.564878463745117
20,18,English,18.50638771057129,-7.901065349578857
20,18,French,14.897796630859375,19.7828369140625
20,19,English,-9.268575668334961,-15.007852554321289
20,19,French,-18.664216995239258,4.734598159790039
20,20,English,8.13071346282959,-9.99179744720459
20,20,French,3.2197177410125732,15.681058883666992
20,21,English,1.8683065176010132,-14.192975044250488
20,21,French,-12.932084083557129,8.38155460357666
20,22,English,23.379261016845703,-7.041658401489258
20,22,French,10.502032279968262,21.890174865722656
20,23,English,-8.646063804626465,-15.657021522521973
20,23,French,-18.68754768371582,5.6433539390563965
20,24,English,24.800148010253906,-7.671525478363037
20,24,French,15.072355270385742,17.973634719848633
20,25,English,5.747124195098877,-10.636948585510254
20,25,French,0.4000589847564697,18.982589721679688
20,26,English,12.116464614868164,-11.86096477508545
20,26,French,5.099178791046143,13.388811111450195
20,27,English,-6.621323585510254,-15.011710166931152
20,27,French,-17.701433181762695,5.493575096130371
20,28,English,-7.725269794464111,-14.990379333496094
20,28,French,-15.688720703125,5.108461380004883
20,29,English,1.7908785343170166,-14.71452522277832
20,29,French,-7.725025653839111,12.214680671691895
20,30,English,-2.875399351119995,-10.444363594055176
20,30,French,-9.866791725158691,-0.18534119427204132
20,31,English,25.160425186157227,-5.531712055206299
20,31,French,17.102794647216797,24.001604080200195
20,32,English,-6.466398239135742,-15.90267562866211
20,32,French,-18.81431007385254,5.29242467880249
20,33,English,14.960040092468262,-10.584221839904785
20,33,French,8.742137908935547,14.93737506866455
20,34,English,14.040923118591309,-6.593662738800049
20,34,French,2.2609171867370605,15.299116134643555
20,35,English,9.026748657226562,-9.394562721252441
20,35,French,6.7972588539123535,12.96284008026123
20,36,English,-9.018659591674805,-13.619831085205078
20,36,French,-14.243925094604492,2.238114833831787
20,37,English,3.00358510017395,-14.375237464904785
20,37,French,-12.350028991699219,8.913454055786133
20,38,English,-2.1194117069244385,-16.419679641723633
20,38,French,-20.48603057861328,5.394574165344238
20,39,English,11.492944717407227,-13.089818954467773
20,39,French,0.27889484167099,19.365339279174805
20,40,English,20.002613067626953,-7.86274528503418
20,40,French,15.232519149780273,20.974882125854492
20,41,English,19.20581817626953,-8.630961418151855
20,41,French,9.577132225036621,18.62948226928711
20,42,English,23.42788314819336,-6.123115062713623
20,42,French,12.219653129577637,11.568442344665527
20,43,English,4.676624298095703,-13.882967948913574
20,43,French,-5.984432220458984,11.023938179016113
20,44,English,18.771814346313477,-6.784547805786133
20,44,French,8.846479415893555,18.1169376373291
20,45,English,24.800148010253906,-7.671525478363037
20,45,French,13.208806037902832,19.949296951293945
20,46,English,-2.095073699951172,-11.03334903717041
20,46,French,-14.646533012390137,7.554388523101807
20,47,English,-3.081922769546509,-10.218722343444824
20,47,French,-11.623163223266602,12.291461944580078
20,48,English,-6.038127422332764,-12.995950698852539
20,48,French,-12.466543197631836,8.501172065734863
20,49,English,-2.8904149532318115,-12.543305397033691
20,49,French,-13.837514877319336,2.5494682788848877
20,50,English,-2.5271506309509277,-16.265493392944336
20,50,French,-15.496657371520996,5.162511348724365
20,51,English,19.8719425201416,-8.319113731384277
20,51,French,14.001766204833984,16.400667190551758
20,52,English,9.275805473327637,-12.72850513458252
20,52,French,12.087376594543457,15.707013130187988
20,53,English,-0.3819737136363983,-13.394944190979004
20,53,French,-20.04227066040039,6.668464183807373
20,54,English,-1.6408239603042603,-15.623785972595215
20,54,French,-15.893202781677246,9.052351951599121
20,55,English,-8.825942993164062,-14.749485969543457
20,55,French,-18.133241653442383,4.179497241973877
20,56,English,-3.980499029159546,-14.583271026611328
20,56,French,-14.279655456542969,7.6340012550354
20,57,English,16.729618072509766,-6.423573017120361
20,57,French,16.729385375976562,17.04759979248047
20,58,English,10.534031867980957,-9.936079978942871
20,58,French,-5.025876522064209,14.039937019348145
20,59,English,15.691841125488281,-9.799284934997559
20,59,French,11.483660697937012,16.27748680114746
20,60,English,-2.324596881866455,-15.098502159118652
20,60,French,-16.42772674560547,8.16484546661377
20,61,English,9.643592834472656,-7.760390281677246
20,61,French,-0.142856627702713,13.668096542358398
20,62,English,1.9389938116073608,-13.11672306060791
20,62,French,-9.265891075134277,10.743833541870117
20,63,English,11.415574073791504,-10.77440357208252
20,63,French,5.710522174835205,22.004228591918945
20,64,English,-1.0434950590133667,-9.273000717163086
20,64,French,-10.243743896484375,7.9856672286987305
20,65,English,12.218823432922363,-8.692889213562012
20,65,French,12.479691505432129,15.806648254394531
20,66,English,11.632742881774902,-9.870695114135742
20,66,French,7.631930351257324,10.97223949432373
20,67,English,22.919063568115234,-8.31993579864502
20,67,French,8.77542495727539,17.68695068359375
20,68,English,-7.577692031860352,-16.93022346496582
20,68,French,-16.67412757873535,3.0937347412109375
20,69,English,-10.656984329223633,-17.524246215820312
20,69,French,-17.678333282470703,6.713966369628906
20,70,English,16.611711502075195,-9.392118453979492
20,70,French,5.810389041900635,17.84870719909668
20,71,English,-6.883597373962402,-10.330761909484863
20,71,French,-13.068467140197754,2.6694953441619873
20,72,English,17.85875701904297,-7.13148832321167
20,72,French,6.684506416320801,17.44268035888672
20,73,English,17.590984344482422,-7.223299980163574
20,73,French,-3.81939959526062,10.562298774719238
20,74,English,-3.856994390487671,-14.060940742492676
20,74,French,-16.728553771972656,6.952369689941406
20,75,English,3.8413069248199463,-15.599669456481934
20,75,French,-2.4552536010742188,15.519023895263672
20,76,English,13.234840393066406,-10.77858829498291
20,76,French,6.124070644378662,15.133627891540527
20,77,English,10.741442680358887,-8.134289741516113
20,77,French,6.396143436431885,14.613446235656738
20,78,English,-5.576482772827148,-11.942648887634277
20,78,French,-12.934332847595215,2.3779497146606445
20,79,English,13.239656448364258,-7.170744895935059
20,79,French,4.40808629989624,14.165291786193848
20,80,English,-11.306732177734375,-13.561503410339355
20,80,French,-19.243343353271484,2.708421468734741
20,81,English,-7.558463096618652,-17.21735382080078
20,81,French,-18.915416717529297,2.564887523651123
20,82,English,-8.506160736083984,-15.710386276245117
20,82,French,-18.800209045410156,5.002942085266113
20,83,English,18.953588485717773,-7.8901801109313965
20,83,French,3.07425856590271,16.89095687866211
20,84,English,-5.848001956939697,-15.054638862609863
20,84,French,-16.815692901611328,2.994264841079712
20,85,English,18.611299514770508,1.7399318218231201
20,85,French,11.37449836730957,16.919225692749023
20,86,English,7.9820404052734375,-12.113106727600098
20,86,French,-1.7745397090911865,12.700469017028809
20,87,English,-4.107321739196777,-14.222062110900879
20,87,French,-15.3986234664917,7.960941314697266
20,88,English,-7.6766180992126465,-16.601472854614258
20,88,French,-21.010122299194336,5.715364933013916
20,89,English,-6.864901065826416,-13.601503372192383
20,89,French,-15.490907669067383,3.7049994468688965
20,90,English,-8.659497261047363,-15.323471069335938
20,90,French,-17.97091293334961,4.675536632537842
20,91,English,-4.811172962188721,-15.428718566894531
20,91,French,-16.775283813476562,7.195370674133301
20,92,English,9.616188049316406,-11.644801139831543
20,92,French,-10.760562896728516,10.358766555786133
20,93,English,-5.0669426918029785,-15.308913230895996
20,93,French,-16.013341903686523,7.405953407287598
20,94,English,-2.9208285808563232,-14.385993003845215
20,94,French,-15.399334907531738,9.292573928833008
20,95,English,-8.447822570800781,-11.879581451416016
20,95,French,-15.522006034851074,5.823348522186279
20,96,English,4.568063735961914,-10.582011222839355
20,96,French,-10.99718952178955,9.639897346496582
20,97,English,6.794839859008789,-11.968125343322754
20,97,French,-5.547164440155029,14.032551765441895
20,98,English,-5.135173797607422,-14.861102104187012
20,98,French,-13.718969345092773,3.904585599899292
20,99,English,-7.4165730476379395,-13.802010536193848
20,99,French,-16.618383407592773,4.446033954620361
20,100,English,19.98407554626465,-5.854322910308838
20,100,French,14.420286178588867,16.901165008544922
20,101,English,-6.726080417633057,-14.283783912658691
20,101,French,-15.87631607055664,4.236479759216309
20,102,English,26.46358299255371,4.427003860473633
20,102,French,20.835325241088867,12.7621488571167
20,103,English,21.999486923217773,-6.673914909362793
20,103,French,11.98743724822998,16.107620239257812
20,104,English,18.22199821472168,-9.1191987991333
20,104,French,16.81247329711914,14.187227249145508
20,105,English,19.166845321655273,-1.3574652671813965
20,105,French,24.26844024658203,12.630552291870117
20,106,English,-0.59941166639328,-13.603543281555176
20,106,French,-8.631951332092285,6.788701057434082
20,107,English,7.604059219360352,-11.146088600158691
20,107,French,-2.349839448928833,15.516144752502441
20,108,English,11.59471321105957,-11.27631664276123
20,108,French,10.992624282836914,27.055837631225586
20,109,English,14.85464859008789,-8.190902709960938
20,109,French,4.011961936950684,17.420578002929688
20,110,English,-10.416496276855469,-15.467158317565918
20,110,French,-12.51244831085205,7.929915904998779
20,111,English,2.691981792449951,-6.95314359664917
20,111,French,-3.4521028995513916,8.865154266357422
20,112,English,-7.291194915771484,-13.894370079040527
20,112,French,-18.9111270904541,5.552617073059082
20,113,English,4.8039870262146,-11.020793914794922
20,113,French,-1.9903439283370972,19.582094192504883
20,114,English,19.16916275024414,-8.040966987609863
20,114,French,12.773592948913574,17.562572479248047
20,115,English,-3.8999016284942627,-11.748976707458496
20,115,French,-14.053910255432129,5.220690727233887
20,116,English,18.802289962768555,-10.4129056930542
20,116,French,5.714658737182617,20.107709884643555
20,117,English,-4.7799458503723145,-14.477862358093262
20,117,French,-9.674830436706543,7.0652923583984375
20,118,English,-13.28095531463623,-6.977597236633301
20,118,French,-17.887205123901367,5.348281383514404
20,119,English,-9.647488594055176,-16.57315444946289
20,119,French,-21.699960708618164,5.156466484069824
20,120,English,7.004193305969238,-12.050588607788086
20,120,French,-6.715639591217041,10.461687088012695
20,121,English,-0.9839608669281006,-12.561553001403809
20,121,French,-6.519761562347412,5.507216930389404
20,122,English,-7.648993492126465,1.4212063550949097
20,122,French,-13.021544456481934,6.4925994873046875
20,123,English,10.190607070922852,-12.106695175170898
20,123,French,7.306520938873291,19.72219467163086
20,124,English,27.768268585205078,1.69501531124115
20,124,French,11.02884578704834,23.01535415649414
20,125,English,17.956138610839844,-10.076393127441406
20,125,French,12.823376655578613,20.795143127441406
20,126,English,26.527673721313477,-6.2162017822265625
20,126,French,15.912174224853516,23.066835403442383
20,127,English,-5.007758617401123,-14.828707695007324
20,127,French,-16.76386833190918,6.214651584625244
20,128,English,-0.6449366807937622,-10.33840274810791
20,128,French,-12.228460311889648,9.983787536621094
20,129,English,-11.398054122924805,-15.504047393798828
20,129,French,-19.319679260253906,4.922973155975342
20,130,English,-7.475559234619141,-13.95924186706543
20,130,French,-18.425888061523438,7.346560001373291
20,131,English,-6.567866802215576,-11.558372497558594
20,131,French,-18.266386032104492,6.850081443786621
20,132,English,-7.202030658721924,-15.103731155395508
20,132,French,-17.53515625,3.344816207885742
20,133,English,-5.542505741119385,-14.648672103881836
20,133,French,-15.503588676452637,8.41263198852539
20,134,English,-7.892734527587891,-14.16614818572998
20,134,French,-18.536937713623047,6.009385108947754
20,135,English,-8.417960166931152,-12.12175464630127
20,135,French,-18.058197021484375,5.676995754241943
20,136,English,9.86906909942627,-5.662907123565674
20,136,French,9.491458892822266,13.463376998901367
20,137,English,10.793761253356934,-9.215466499328613
20,137,French,3.087834358215332,13.18225383758545
20,138,English,18.67066764831543,-9.978556632995605
20,138,French,9.636387825012207,21.43842315673828
20,139,English,-6.862880706787109,-14.119771003723145
20,139,French,-15.25090217590332,8.40754222869873
20,140,English,12.394148826599121,-12.279146194458008
20,140,French,10.051492691040039,20.510276794433594
20,141,English,-6.019919395446777,-16.09994125366211
20,141,French,-18.671710968017578,4.018263816833496
20,142,English,-5.32024621963501,-15.322040557861328
20,142,French,-18.31104278564453,5.777499198913574
20,143,English,-7.218299865722656,-16.40546226501465
20,143,French,-19.247011184692383,6.118739604949951
20,144,English,-2.0639421939849854,-16.031137466430664
20,144,French,-14.154426574707031,6.961306095123291
20,145,English,-6.784480571746826,-15.306697845458984
20,145,French,-16.564123153686523,6.003183841705322
20,146,English,-2.8879313468933105,-15.47455883026123
20,146,French,-16.49109649658203,6.036780834197998
20,147,English,14.674257278442383,-8.223356246948242
20,147,French,12.23815631866455,20.56931495666504
20,148,English,-6.049954891204834,-14.283488273620605
20,148,French,-17.48543930053711,3.3904762268066406
20,149,English,24.661779403686523,-3.109156370162964
20,149,French,17.26442527770996,23.464637756347656
20,150,English,20.38507080078125,-3.957129955291748
20,150,French,6.589745998382568,19.552886962890625
20,151,English,1.3952975273132324,-12.136273384094238
20,151,French,-9.242715835571289,11.236217498779297
20,152,English,10.252838134765625,-10.662154197692871
20,152,French,-0.8895211815834045,18.580936431884766
20,153,English,-1.9627259969711304,-14.747320175170898
20,153,French,-9.973418235778809,10.431468963623047
20,154,English,-6.542101860046387,-14.478785514831543
20,154,French,-17.62044906616211,4.300556659698486
20,155,English,-9.074481010437012,-14.697296142578125
20,155,French,-20.066314697265625,2.9739832878112793
20,156,English,-9.636490821838379,-15.363214492797852
20,156,French,-18.720821380615234,4.223415851593018
20,157,English,17.716720581054688,-10.35335636138916
20,157,French,3.5128190517425537,17.56692123413086
20,158,English,19.19855308532715,-7.92321252822876
20,158,French,4.141390323638916,16.289854049682617
20,159,English,25.47859764099121,-6.186874866485596
20,159,French,15.464778900146484,20.887588500976562
20,160,English,-7.694948196411133,-15.644270896911621
20,160,French,-20.592634201049805,6.023998737335205
20,161,English,1.4887529611587524,-12.168610572814941
20,161,French,-9.968220710754395,10.343012809753418
20,162,English,14.704071998596191,-10.202796936035156
20,162,French,2.2375166416168213,13.092015266418457
20,163,English,22.79925537109375,-9.924966812133789
20,163,French,10.16625690460205,20.426380157470703
20,164,English,-3.2883923053741455,-14.057685852050781
20,164,French,-14.439279556274414,4.500640392303467
20,165,English,9.969460487365723,-6.89577054977417
20,165,French,-5.587535858154297,3.885528087615967
20,166,English,16.84038543701172,-6.484715938568115
20,166,French,20.675739288330078,25.590341567993164
20,167,English,21.260528564453125,-6.813885688781738
20,167,French,11.030693054199219,23.132614135742188
20,168,English,11.125137329101562,-9.483445167541504
20,168,French,9.411157608032227,13.964338302612305
20,169,English,-6.597550392150879,-15.146615028381348
20,169,French,-20.96845245361328,5.837233543395996
20,170,English,18.85474395751953,-9.09100341796875
20,170,French,14.787923812866211,14.509512901306152
20,171,English,14.663705825805664,-10.001616477966309
20,171,French,7.045884132385254,18.896976470947266
20,172,English,18.08416748046875,-7.792810916900635
20,172,French,9.999372482299805,18.314029693603516
20,173,English,18.210655212402344,-7.734587669372559
20,173,French,10.472991943359375,24.08386993408203
20,174,English,-10.847966194152832,-16.01446533203125
20,174,French,-20.425949096679688,6.548726558685303
20,175,English,-2.430323600769043,-13.653095245361328
20,175,French,-12.730238914489746,3.9772789478302
20,176,English,18.028165817260742,-8.013398170471191
20,176,French,11.054269790649414,19.70380210876465
20,177,English,-0.625966489315033,-7.848038673400879
20,177,French,-11.903399467468262,8.803548812866211
20,178,English,8.02077865600586,-12.148900032043457
20,178,French,-10.856825828552246,10.19623851776123
20,179,English,-2.4023473262786865,-12.674286842346191
20,179,French,-10.43328857421875,5.56681489944458
20,180,English,21.946746826171875,-5.677924633026123
20,180,French,8.895533561706543,12.669501304626465
20,181,English,0.6013914942741394,-13.201245307922363
20,181,French,-10.43371868133545,5.407951831817627
20,182,English,1.2136163711547852,-12.51723861694336
20,182,French,-12.143935203552246,7.082716464996338
20,183,English,-8.020130157470703,-11.63486099243164
20,183,French,-16.9025821685791,2.5417537689208984
20,184,English,27.037696838378906,-5.605309009552002
20,184,French,9.017255783081055,18.267183303833008
20,185,English,4.790107727050781,-13.748562812805176
20,185,French,-1.2166774272918701,13.201895713806152
20,186,English,0.46568959951400757,-17.227048873901367
20,186,French,-16.50318145751953,8.783806800842285
20,187,English,-10.425623893737793,-15.860044479370117
20,187,French,-19.723642349243164,4.125523567199707
20,188,English,-5.367648124694824,-12.061454772949219
20,188,French,-16.066667556762695,6.816967964172363
20,189,English,17.131017684936523,-7.490960121154785
20,189,French,8.13909912109375,18.532039642333984
20,190,English,27.250974655151367,-5.6499223709106445
20,190,French,22.133699417114258,18.368783950805664
20,191,English,19.798980712890625,-6.885876178741455
20,191,French,13.957839012145996,24.45817756652832
20,192,English,19.54538345336914,-5.208115577697754
20,192,French,-1.8485723733901978,14.915831565856934
20,193,English,-7.9865007400512695,-15.198336601257324
20,193,French,-18.40528678894043,6.671167373657227
20,194,English,-4.061096668243408,-13.69360637664795
20,194,French,-16.149826049804688,5.348930835723877
20,195,English,-3.909466505050659,-13.463554382324219
20,195,French,-15.299494743347168,6.243175983428955
20,196,English,-5.792024612426758,-15.123878479003906
20,196,French,-18.078676223754883,3.436886787414551
20,197,English,-7.385492324829102,-14.606021881103516
20,197,French,-18.183746337890625,7.528650283813477
20,198,English,16.421354293823242,-9.770482063293457
20,198,French,-2.3786461353302,15.411069869995117
20,199,English,-9.655385971069336,-14.602437019348145
20,199,French,-19.475738525390625,3.959702253341675
21,0,English,-18.26319122314453,19.558982849121094
21,0,French,7.723418712615967,18.687400817871094
21,1,English,-14.251839637756348,-5.374943733215332
21,1,French,12.985917091369629,-7.120333194732666
21,2,English,-17.921628952026367,5.713287353515625
21,2,French,18.823055267333984,10.1668701171875
21,3,English,-10.042738914489746,-9.203158378601074
21,3,French,13.816471099853516,-11.174590110778809
21,4,English,-12.3046875,-14.957294464111328
21,4,French,16.30754280090332,-15.669150352478027
21,5,English,-18.70673942565918,14.638360977172852
21,5,French,13.86637020111084,27.041736602783203
21,6,English,-7.651797294616699,-13.755616188049316
21,6,French,11.757267951965332,-12.746400833129883
21,7,English,-11.808907508850098,-11.191415786743164
21,7,French,13.990493774414062,-11.84036922454834
21,8,English,-11.27943229675293,17.51692008972168
21,8,French,16.074573516845703,20.600473403930664
21,9,English,-11.422907829284668,-6.425961017608643
21,9,French,8.956315040588379,-6.58658504486084
21,10,English,-14.268597602844238,-7.530528545379639
21,10,French,18.498483657836914,7.683724880218506
21,11,English,-11.739920616149902,-12.42374324798584
21,11,French,13.857391357421875,2.6996378898620605
21,12,English,-9.735779762268066,3.398995876312256
21,12,French,11.07025146484375,7.363823890686035
21,13,English,-15.353811264038086,10.242223739624023
21,13,French,10.85561752319336,17.145565032958984
21,14,English,-11.066802024841309,-14.034018516540527
21,14,French,12.699677467346191,-12.596717834472656
21,15,English,-8.6320219039917,-14.426648139953613
21,15,French,11.149237632751465,-12.701173782348633
21,16,English,-14.307302474975586,-2.449230670928955
21,16,French,13.680220603942871,-8.354643821716309
21,17,English,-13.136750221252441,-0.9975386261940002
21,17,French,14.929622650146484,0.0678638219833374
21,18,English,-16.754716873168945,11.944994926452637
21,18,French,10.979170799255371,22.45207405090332
21,19,English,-9.708635330200195,-15.354722023010254
21,19,French,14.997137069702148,-13.674859046936035
21,20,English,-13.905731201171875,1.7067686319351196
21,20,French,13.767714500427246,11.032454490661621
21,21,English,-14.312118530273438,-5.687252044677734
21,21,French,16.102434158325195,-7.149882793426514
21,22,English,-19.158109664916992,16.429012298583984
21,22,French,16.251802444458008,20.933095932006836
21,23,English,-10.556869506835938,-15.29617691040039
21,23,French,15.397858619689941,-13.545811653137207
21,24,English,-20.181367874145508,17.765634536743164
21,24,French,9.833444595336914,23.292665481567383
21,25,English,-13.437139511108398,-0.763389527797699
21,25,French,17.177154541015625,9.39786434173584
21,26,English,-17.495765686035156,3.943950891494751
21,26,French,11.154175758361816,11.735532760620117
21,27,English,-11.354554176330566,-13.348783493041992
21,27,French,15.54568099975586,-12.338142395019531
21,28,English,-11.422043800354004,-14.965485572814941
21,28,French,13.497368812561035,-11.05933666229248
21,29,English,-14.535465240478516,-5.8006205558776855
21,29,French,16.372102737426758,-0.19677184522151947
21,30,English,-8.610164642333984,-7.859594345092773
21,30,French,4.725329399108887,-9.103386878967285
21,31,English,-18.899879455566406,19.137971878051758
21,31,French,13.543559074401855,28.099180221557617
21,32,English,-12.149596214294434,-13.735162734985352
21,32,French,14.135824203491211,-13.842874526977539
21,33,English,-17.376867294311523,7.87960147857666
21,33,French,9.982972145080566,15.097602844238281
21,34,English,-13.876522064208984,8.556743621826172
21,34,French,13.327539443969727,9.486482620239258
21,35,English,-12.712569236755371,3.6816391944885254
21,35,French,8.906153678894043,13.168242454528809
21,36,English,-8.974238395690918,-14.899639129638672
21,36,French,9.883506774902344,-11.357458114624023
21,37,English,-15.00362491607666,-4.933701038360596
21,37,French,15.70877456665039,-6.434908866882324
21,38,English,-14.352068901062012,-10.131595611572266
21,38,French,16.343542098999023,-15.299553871154785
21,39,English,-19.178497314453125,2.2262818813323975
21,39,French,18.069639205932617,10.052640914916992
21,40,English,-18.726613998413086,13.096698760986328
21,40,French,11.153305053710938,24.329587936401367
21,41,English,-18.272960662841797,11.364983558654785
21,41,French,12.785874366760254,18.175790786743164
21,42,English,-18.30680274963379,18.334115982055664
21,42,French,6.398331642150879,17.758712768554688
21,43,English,-15.891586303710938,-3.0349066257476807
21,43,French,14.401020050048828,0.33148887753486633
21,44,English,-16.508441925048828,12.57142448425293
21,44,French,13.525825500488281,17.628250122070312
21,45,English,-20.181367874145508,17.765634536743164
21,45,French,12.138769149780273,22.612030029296875
21,46,English,-9.92558479309082,-8.04106330871582
21,46,French,14.807146072387695,-9.022727966308594
21,47,English,-8.939401626586914,-7.814339637756348
21,47,French,18.15765380859375,-3.938781976699829
21,48,English,-9.946974754333496,-12.044782638549805
21,48,French,14.664531707763672,-5.675202369689941
21,49,English,-10.954062461853027,-8.815515518188477
21,49,French,10.049492835998535,-10.43427848815918
21,50,English,-14.041155815124512,-10.419744491577148
21,50,French,14.384344100952148,-10.676102638244629
21,51,English,-18.92403793334961,12.162759780883789
21,51,French,8.616019248962402,20.362388610839844
21,52,English,-16.918649673461914,0.6823917627334595
21,52,French,9.666277885437012,18.76704216003418
21,53,English,-12.41200065612793,-7.457810878753662
21,53,French,17.260343551635742,-14.762134552001953
21,54,English,-14.089437484741211,-9.448721885681152
21,54,French,16.877229690551758,-9.104877471923828
21,55,English,-10.689847946166992,-15.033514022827148
21,55,French,13.803024291992188,-13.577686309814453
21,56,English,-11.794330596923828,-11.269580841064453
21,56,French,15.946447372436523,-8.266403198242188
21,57,English,-15.081259727478027,11.857955932617188
21,57,French,7.309206485748291,25.187255859375
21,58,English,-15.03789234161377,3.6089720726013184
21,58,French,17.03497314453125,2.5582306385040283
21,59,English,-17.79351234436035,7.878782272338867
21,59,French,9.039039611816406,18.513734817504883
21,60,English,-13.096050262451172,-10.26930046081543
21,60,French,15.852287292480469,-10.149313926696777
21,61,English,-12.754459381103516,4.230205059051514
21,61,French,12.816826820373535,7.2107391357421875
21,62,English,-14.141420364379883,-5.3107686042785645
21,62,French,16.165987014770508,-3.1591804027557373
21,63,English,-15.80332088470459,3.853196382522583
21,63,French,17.374242782592773,16.59044647216797
21,64,English,-9.069244384765625,-6.250127792358398
21,64,French,12.620943069458008,-5.1738057136535645
21,65,English,-14.958536148071289,6.546413421630859
21,65,French,10.202315330505371,19.677959442138672
21,66,English,-15.135906219482422,4.84223747253418
21,66,French,6.859427452087402,12.314742088317871
21,67,English,-19.9885196685791,15.10550594329834
21,67,French,12.697295188903809,16.427614212036133
21,68,English,-12.440715789794922,-15.089874267578125
21,68,French,12.418249130249023,-12.758901596069336
21,69,English,-10.961410522460938,-18.20905303955078
21,69,French,16.398544311523438,-11.980668067932129
21,70,English,-18.03805160522461,9.672484397888184
21,70,French,14.364774703979492,14.182722091674805
21,71,English,-7.1351752281188965,-11.356027603149414
21,71,French,8.869872093200684,-10.027792930603027
21,72,English,-15.907954216003418,11.521728515625
21,72,French,13.369715690612793,15.249035835266113
21,73,English,-16.38608741760254,11.523106575012207
21,73,French,11.815178871154785,2.1688339710235596
21,74,English,-11.659314155578613,-11.4265775680542
21,74,French,16.501346588134766,-11.000280380249023
21,75,English,-16.911174774169922,-5.045437335968018
21,75,French,16.340673446655273,5.984586238861084
21,76,English,-17.3395938873291,5.267702579498291
21,76,French,12.482377052307129,13.493359565734863
21,77,English,-13.346248626708984,4.651874542236328
21,77,French,11.263649940490723,13.16461181640625
21,78,English,-9.705498695373535,-11.388055801391602
21,78,French,9.121129989624023,-10.274266242980957
21,79,English,-14.096803665161133,8.688318252563477
21,79,French,12.153523445129395,10.860384941101074
21,80,English,-7.898941993713379,-17.21877098083496
21,80,French,12.811019897460938,-15.51574420928955
21,81,English,-12.592625617980957,-15.395848274230957
21,81,French,13.419204711914062,-15.387398719787598
21,82,English,-11.117149353027344,-16.11357879638672
21,82,French,16.237289428710938,-13.901165962219238
21,83,English,-17.667898178100586,13.18381404876709
21,83,French,14.505020141601562,11.086089134216309
21,84,English,-12.119059562683105,-12.900757789611816
21,84,French,12.021306991577148,-13.010499954223633
21,85,English,-8.646123886108398,18.6838436126709
21,85,French,9.670639991760254,18.75852394104004
21,86,English,-15.86253833770752,0.26175352931022644
21,86,French,12.711250305175781,4.112141132354736
21,87,English,-11.65722370147705,-11.01209831237793
21,87,French,15.346933364868164,-9.634437561035156
21,88,English,-12.111221313476562,-15.489513397216797
21,88,French,17.253541946411133,-15.225317001342773
21,89,English,-9.770746231079102,-13.171735763549805
21,89,French,11.907864570617676,-11.408490180969238
21,90,English,-10.929731369018555,-15.826786994934082
21,90,French,14.196093559265137,-13.243913650512695
21,91,English,-12.590987205505371,-12.079401016235352
21,91,French,15.19161605834961,-10.791542053222656
21,92,English,-16.236631393432617,2.4155333042144775
21,92,French,15.132183074951172,-3.9872024059295654
21,93,English,-12.09933090209961,-12.579190254211426
21,93,French,15.373855590820312,-10.491631507873535
21,94,English,-12.878497123718262,-10.764363288879395
21,94,French,16.894222259521484,-9.080466270446777
21,95,English,-7.942713737487793,-13.942797660827637
21,95,French,13.641090393066406,-10.791193008422852
21,96,English,-12.600570678710938,-2.3142590522766113
21,96,French,15.05949878692627,-4.735713481903076
21,97,English,-14.5750093460083,0.16029398143291473
21,97,French,16.587350845336914,2.455038547515869
21,98,English,-11.957015991210938,-12.526543617248535
21,98,French,10.936606407165527,-9.84331226348877
21,99,English,-10.105005264282227,-13.49323558807373
21,99,French,12.749610900878906,-12.212743759155273
21,100,English,-16.441627502441406,15.121780395507812
21,100,French,9.627184867858887,22.00983238220215
21,101,English,-10.677364349365234,-13.103621482849121
21,101,French,13.033001899719238,-11.780394554138184
21,102,English,-10.200923919677734,25.963699340820312
21,102,French,1.654424786567688,26.003950119018555
21,103,English,-17.87660789489746,15.780974388122559
21,103,French,9.077244758605957,18.445804595947266
21,104,English,-18.005624771118164,11.057405471801758
21,104,French,5.0241618156433105,21.724782943725586
21,105,English,-12.336726188659668,16.02277946472168
21,105,French,0.9199756979942322,28.715904235839844
21,106,English,-13.092662811279297,-7.91759729385376
21,106,French,10.808088302612305,-3.957839250564575
21,107,English,-14.729852676391602,0.304462194442749
21,107,French,16.152414321899414,6.012393951416016
21,108,English,-16.44127655029297,3.758615255355835
21,108,French,19.56062889099121,24.203468322753906
21,109,English,-14.8156156539917,8.963130950927734
21,109,French,15.243269920349121,13.004491806030273
21,110,English,-10.124899864196777,-16.862876892089844
21,110,French,14.633049964904785,-6.9158830642700195
21,111,English,-9.395804405212402,-0.8359730839729309
21,111,French,10.435384750366211,1.3886648416519165
21,112,English,-9.565683364868164,-13.72562313079834
21,112,French,15.169941902160645,-13.919374465942383
21,113,English,-13.545289993286133,-2.347919225692749
21,113,French,19.64888572692871,8.799464225769043
21,114,English,-18.415084838867188,13.238574981689453
21,114,French,10.83928394317627,21.41416358947754
21,115,English,-9.411563873291016,-9.874459266662598
21,115,French,12.068997383117676,-9.937378883361816
21,116,English,-19.93862533569336,10.637223243713379
21,116,French,16.000959396362305,15.094805717468262
21,117,English,-12.692519187927246,-12.909978866577148
21,117,French,12.71719741821289,-4.852828502655029
21,118,English,-1.2225309610366821,-15.288389205932617
21,118,French,14.656639099121094,-12.8418550491333
21,119,English,-11.535747528076172,-16.94939613342285
21,119,French,16.774370193481445,-16.163755416870117
21,120,English,-15.7904691696167,-0.7090317606925964
21,120,French,13.441062927246094,-0.9248741865158081
21,121,English,-11.81961727142334,-7.4950785636901855
21,121,French,8.48028564453125,-3.2245426177978516
21,122,English,5.230469226837158,-5.970120906829834
21,122,French,13.71060562133789,-7.948214054107666
21,123,English,-16.95831298828125,3.3575761318206787
21,123,French,14.78690242767334,17.894336700439453
21,124,English,-13.52725601196289,26.33054542541504
21,124,French,15.800281524658203,22.074098587036133
21,125,English,-18.81697654724121,9.450052261352539
21,125,French,13.404159545898438,21.394168853759766
21,126,English,-20.172426223754883,20.350645065307617
21,126,French,16.07094383239746,26.33868980407715
21,127,English,-11.867486000061035,-12.373147010803223
21,127,French,15.459270477294922,-11.617752075195312
21,128,English,-9.847596168518066,-6.496060371398926
21,128,French,15.516438484191895,-5.663185119628906
21,129,English,-8.977970123291016,-18.368005752563477
21,129,French,15.068107604980469,-14.403447151184082
21,130,English,-10.086480140686035,-13.553380012512207
21,130,French,16.643747329711914,-12.322624206542969
21,131,English,-8.580887794494629,-12.161872863769531
21,131,French,15.851914405822754,-12.587485313415527
21,132,English,-11.122682571411133,-13.971108436584473
21,132,French,12.237863540649414,-13.498072624206543
21,133,English,-11.355694770812988,-12.229613304138184
21,133,French,16.92599868774414,-9.26076889038086
21,134,English,-9.78046989440918,-14.286065101623535
21,134,French,15.871576309204102,-12.899977684020996
21,135,English,-8.131175994873047,-13.531316757202148
21,135,French,14.56283187866211,-12.9946928024292
21,136,English,-11.673097610473633,5.273154258728027
21,136,French,7.935276508331299,15.786921501159668
21,137,English,-15.160262107849121,4.405707836151123
21,137,French,10.526079177856445,9.070395469665527
21,138,English,-19.749610900878906,10.925973892211914
21,138,French,15.983086585998535,19.274757385253906
21,139,English,-10.370169639587402,-13.190211296081543
21,139,French,16.463537216186523,-9.06814193725586
21,140,English,-17.931095123291016,4.387077808380127
21,140,French,14.75101089477539,20.521377563476562
21,141,English,-12.477294921875,-13.873062133789062
21,141,French,13.747451782226562,-14.068052291870117
21,142,English,-12.606247901916504,-12.723356246948242
21,142,French,15.644047737121582,-13.1294584274292
21,143,English,-11.774846076965332,-14.888843536376953
21,143,French,16.64173126220703,-13.85738468170166
21,144,English,-14.141592025756836,-9.967742919921875
21,144,French,14.982259750366211,-8.711091041564941
21,145,English,-11.502876281738281,-13.945202827453613
21,145,French,14.705805778503418,-11.417057991027832
21,146,English,-12.933634757995605,-9.718585968017578
21,146,French,15.959336280822754,-10.93024730682373
21,147,English,-15.302165031433105,7.923556804656982
21,147,French,12.896227836608887,21.29259490966797
21,148,English,-11.015376091003418,-13.218339920043945
21,148,French,13.151806831359863,-13.326483726501465
21,149,English,-16.181852340698242,19.795942306518555
21,149,French,13.088532447814941,27.64989471435547
21,150,English,-14.910362243652344,16.18666648864746
21,150,French,14.632670402526855,16.83244514465332
21,151,English,-12.223221778869629,-5.1554059982299805
21,151,French,16.21399688720703,-1.8152872323989868
21,152,English,-15.644773483276367,3.4900729656219482
21,152,French,18.966468811035156,9.280550003051758
21,153,English,-12.87729549407959,-9.395358085632324
21,153,French,15.823332786560059,-3.381880283355713
21,154,English,-11.113639831542969,-12.83625602722168
21,154,French,13.507238388061523,-13.092844009399414
21,155,English,-9.660572052001953,-15.559070587158203
21,155,French,14.226095199584961,-16.157764434814453
21,156,English,-10.272257804870605,-16.209144592285156
21,156,French,14.461068153381348,-13.617538452148438
21,157,English,-19.580915451049805,10.438639640808105
21,157,French,15.194018363952637,11.975164413452148
21,158,English,-16.98989486694336,11.887225151062012
21,158,French,12.87854290008545,12.1302490234375
21,159,English,-18.772663116455078,19.593650817871094
21,159,French,13.531023025512695,25.09052848815918
21,160,English,-11.083049774169922,-15.142516136169434
21,160,French,17.30997085571289,-15.212334632873535
21,161,English,-12.572626113891602,-5.619856357574463
21,161,French,14.877827644348145,-3.183356523513794
21,162,English,-17.789825439453125,6.991270065307617
21,162,French,11.928108215332031,8.122967720031738
21,163,English,-21.014907836914062,15.09889030456543
21,163,French,14.566158294677734,19.7425594329834
21,164,English,-12.441948890686035,-10.273816108703613
21,164,French,12.799866676330566,-10.560325622558594
21,165,English,-12.418553352355957,4.975001335144043
21,165,French,6.872183322906494,-2.771979570388794
21,166,English,-15.972354888916016,11.864606857299805
21,166,French,13.072076797485352,31.30571937561035
21,167,English,-17.878326416015625,14.205351829528809
21,167,French,15.284099578857422,22.2163143157959
21,168,English,-15.19282054901123,4.692715167999268
21,168,French,9.243753433227539,17.09005355834961
21,169,English,-11.594501495361328,-13.606999397277832
21,169,French,17.18915367126465,-15.08375358581543
21,170,English,-19.073030471801758,12.377113342285156
21,170,French,6.154489040374756,21.538022994995117
21,171,English,-17.717323303222656,6.950467109680176
21,171,French,14.808463096618652,16.107452392578125
21,172,English,-16.5125675201416,12.116023063659668
21,172,French,13.53469181060791,18.460783004760742
21,173,English,-16.867982864379883,11.777820587158203
21,173,French,16.281522750854492,22.210866928100586
21,174,English,-10.435342788696289,-17.872713088989258
21,174,French,17.104778289794922,-14.666450500488281
21,175,English,-12.089018821716309,-9.174480438232422
21,175,French,11.164294242858887,-8.7737455368042
21,176,English,-16.842470169067383,11.781805992126465
21,176,French,13.350104331970215,20.096263885498047
21,177,English,-7.556888103485107,-4.61737585067749
21,177,French,15.772053718566895,-5.824888229370117
21,178,English,-15.790186882019043,0.9629364013671875
21,178,French,16.392480850219727,-4.455035209655762
21,179,English,-11.58668041229248,-8.924372673034668
21,179,French,11.253925323486328,-6.917969226837158
21,180,English,-18.09840965270996,17.257286071777344
21,180,French,8.130804061889648,14.646759986877441
21,181,English,-13.021565437316895,-6.30565071105957
21,181,French,11.262734413146973,-6.317102909088135
21,182,English,-13.423354148864746,-6.2198405265808105
21,182,French,13.112424850463867,-7.698979377746582
21,183,English,-7.5867919921875,-12.885516166687012
21,183,French,11.300954818725586,-13.562134742736816
21,184,English,-19.857221603393555,20.83536148071289
21,184,French,12.578057289123535,17.359657287597656
21,185,English,-15.161497116088867,-3.420034170150757
21,185,French,14.061139106750488,5.052552223205566
21,186,English,-15.958931922912598,-8.670966148376465
21,186,French,17.90816879272461,-9.646758079528809
21,187,English,-10.536028861999512,-17.402814865112305
21,187,French,15.162906646728516,-14.883384704589844
21,188,English,-9.670144081115723,-11.41800594329834
21,188,French,14.98068618774414,-10.903125762939453
21,189,English,-15.69465446472168,11.068206787109375
21,189,French,12.878740310668945,16.882165908813477
21,190,English,-20.62024688720703,22.430335998535156
21,190,French,7.725207328796387,30.558805465698242
21,191,English,-18.027667999267578,14.540214538574219
21,191,French,16.777929306030273,24.706926345825195
21,192,English,-15.537900924682617,13.82275104522705
21,192,French,13.950350761413574,5.2688422203063965
21,193,English,-10.546967506408691,-14.549188613891602
21,193,French,16.424671173095703,-12.524063110351562
21,194,English,-11.402144432067871,-11.482025146484375
21,194,French,13.512778282165527,-11.712994575500488
21,195,English,-11.315942764282227,-10.772984504699707
21,195,French,14.597801208496094,-10.38137149810791
21,196,English,-11.594970703125,-12.872885704040527
21,196,French,13.430623054504395,-13.730478286743164
21,197,English,-10.879606246948242,-14.197765350341797
21,197,French,18.04207420349121,-11.92155933380127
21,198,English,-17.821510314941406,9.32560920715332
21,198,French,17.491455078125,6.085132122039795
21,199,English,-9.810989379882812,-16.047164916992188
21,199,French,14.280098915100098,-14.759488105773926
22,0,English,24.403900146484375,15.80441665649414
22,0,French,-4.628777980804443,19.809879302978516
22,1,English,13.182262420654297,-8.534029960632324
22,1,French,-15.533431053161621,-3.555894613265991
22,2,English,20.311098098754883,2.3646440505981445
22,2,French,-16.917173385620117,15.831817626953125
22,3,English,7.9054036140441895,-11.154179573059082
22,3,French,-16.325817108154297,-7.86262845993042
22,4,English,8.820858001708984,-18.91060447692871
22,4,French,-21.23111915588379,-11.79101276397705
22,5,English,22.6063232421875,11.386866569519043
22,5,French,-6.7618184089660645,30.7889461517334
22,6,English,4.423233509063721,-16.08852195739746
22,6,French,-15.758070945739746,-9.945294380187988
22,7,English,8.464738845825195,-15.125493049621582
22,7,French,-17.18877601623535,-9.120190620422363
22,8,English,15.14059066772461,14.111245155334473
22,8,French,-11.228879928588867,23.757164001464844
22,9,English,9.773528099060059,-9.787897109985352
22,9,French,-10.984166145324707,-4.775607585906982
22,10,English,12.80531120300293,-11.054006576538086
22,10,French,-16.671825408935547,11.43935775756836
22,11,English,9.36095905303955,-15.925833702087402
22,11,French,-13.054677963256836,5.38972282409668
22,12,English,10.351539611816406,0.7108400464057922
22,12,French,-9.300904273986816,9.261407852172852
22,13,English,18.658205032348633,8.078971862792969
22,13,French,-7.1476054191589355,20.856782913208008
22,14,English,8.154226303100586,-16.945737838745117
22,14,French,-16.22193145751953,-9.140580177307129
22,15,English,5.152864933013916,-17.057926177978516
22,15,French,-15.515650749206543,-10.421483993530273
22,16,English,14.418024063110352,-5.6506733894348145
22,16,French,-16.198223114013672,-5.131503582000732
22,17,English,13.650134086608887,-3.3806309700012207
22,17,French,-14.343908309936523,4.323014259338379
22,18,English,20.193391799926758,9.407461166381836
22,18,French,-5.268174171447754,25.731060028076172
22,19,English,6.034503936767578,-18.50678253173828
22,19,French,-18.8936710357666,-10.441100120544434
22,20,English,14.72171401977539,-1.4029465913772583
22,20,French,-11.295802116394043,14.518998146057129
22,21,English,12.930949211120605,-9.106879234313965
22,21,French,-18.4186954498291,-3.303009271621704
22,22,English,22.7386531829834,12.157384872436523
22,22,French,-11.013080596923828,23.928068161010742
22,23,English,6.630066871643066,-18.07185935974121
22,23,French,-20.28152847290039,-9.95075798034668
22,24,English,25.444355010986328,13.610011100769043
22,24,French,-3.747586965560913,26.240358352661133
22,25,English,14.145639419555664,-2.4772510528564453
22,25,French,-15.530670166015625,15.206639289855957
22,26,English,19.52538299560547,1.2053017616271973
22,26,French,-7.8682732582092285,13.77130126953125
22,27,English,8.10938549041748,-17.052762985229492
22,27,French,-19.378387451171875,-8.140284538269043
22,28,English,7.598945140838623,-18.967262268066406
22,28,French,-16.243078231811523,-8.095425605773926
22,29,English,14.38375473022461,-8.488450050354004
22,29,French,-16.62717056274414,4.441770076751709
22,30,English,6.759073734283447,-9.80624008178711
22,30,French,-6.749138832092285,-8.103707313537598
22,31,English,23.65099334716797,14.562173843383789
22,31,French,-7.5895514488220215,32.53645706176758
22,32,English,8.788102149963379,-17.613210678100586
22,32,French,-17.98110580444336,-10.733545303344727
22,33,English,19.62218475341797,3.9128265380859375
22,33,French,-5.811376571655273,15.88156795501709
22,34,English,16.6165828704834,5.690440654754639
22,34,French,-10.199892044067383,12.219408988952637
22,35,English,14.5071439743042,2.086881160736084
22,35,French,-5.943622589111328,15.786894798278809
22,36,English,5.548607349395752,-17.436840057373047
22,36,French,-13.348727226257324,-8.939431190490723
22,37,English,14.340880393981934,-8.524816513061523
22,37,French,-18.878204345703125,-1.8294365406036377
22,38,English,11.964616775512695,-14.825494766235352
22,38,French,-21.745223999023438,-11.85620403289795
22,39,English,20.412311553955078,-1.8775553703308105
22,39,French,-15.966693878173828,15.459238052368164
22,40,English,22.39421272277832,10.02184772491455
22,40,French,-5.214018821716309,27.10040283203125
22,41,English,21.221405029296875,6.483809471130371
22,41,French,-8.845904350280762,21.212778091430664
22,42,English,23.027904510498047,13.896937370300293
22,42,French,-0.8623033761978149,18.037527084350586
22,43,English,15.491082191467285,-7.3318376541137695
22,43,French,-14.485234260559082,3.3513600826263428
22,44,English,20.07427978515625,10.09403133392334
22,44,French,-8.350788116455078,21.160423278808594
22,45,English,25.444355010986328,13.610011100769043
22,45,French,-5.971822738647461,26.033447265625
22,46,English,7.647726058959961,-9.578584671020508
22,46,French,-17.907798767089844,-4.405172824859619
22,47,English,7.5513200759887695,-8.949850082397461
22,47,French,-19.823955535888672,1.2689963579177856
22,48,English,6.883613109588623,-14.77585220336914
22,48,French,-16.40564727783203,-1.3961167335510254
22,49,English,8.583221435546875,-12.345683097839355
22,49,French,-12.890992164611816,-8.191120147705078
22,50,English,11.730599403381348,-14.124993324279785
22,50,French,-17.525623321533203,-7.558843612670898
22,51,English,22.551664352416992,8.071309089660645
22,51,French,-3.1781117916107178,22.093414306640625
22,52,English,18.14902114868164,-2.650386095046997
22,52,French,-5.269891738891602,20.286645889282227
22,53,English,11.22522258758545,-10.380155563354492
22,53,French,-21.29204559326172,-10.5643892288208
22,54,English,12.121628761291504,-12.264830589294434
22,54,French,-19.40874671936035,-5.122946739196777
22,55,English,7.0043182373046875,-18.812023162841797
22,55,French,-18.19511604309082,-10.506275177001953
22,56,English,9.090469360351562,-15.045400619506836
22,56,French,-17.99543571472168,-4.401236534118652
22,57,English,19.16815757751465,8.311463356018066
22,57,French,-1.156755805015564,25.935218811035156
22,58,English,15.677209854125977,0.3984059989452362
22,58,French,-16.974821090698242,6.6531758308410645
22,59,English,20.54638671875,4.798612594604492
22,59,French,-4.487714767456055,19.605167388916016
22,60,English,10.688714027404785,-14.056041717529297
22,60,French,-18.384525299072266,-6.109945297241211
22,61,English,14.87637710571289,2.5604054927825928
22,61,French,-10.76765251159668,11.068622589111328
22,62,English,12.952859878540039,-8.642996788024902
22,62,French,-17.637643814086914,1.379198670387268
22,63,English,17.879213333129883,1.2290416955947876
22,63,French,-12.667966842651367,20.687850952148438
22,64,English,8.16748332977295,-8.23352336883545
22,64,French,-13.870837211608887,-2.2164251804351807
22,65,English,17.00420570373535,3.8503012657165527
22,65,French,-5.971111297607422,21.740365982055664
22,66,English,17.532270431518555,2.2318637371063232
22,66,French,-4.010509490966797,13.648978233337402
22,67,English,23.88947105407715,11.50069522857666
22,67,French,-7.560446739196777,18.127613067626953
22,68,English,8.914933204650879,-18.228361129760742
22,68,French,-17.512739181518555,-9.416669845581055
22,69,English,7.049208164215088,-21.265094757080078
22,69,French,-20.179595947265625,-7.45768404006958
22,70,English,22.48931121826172,7.129348278045654
22,70,French,-9.90967845916748,17.88010597229004
22,71,English,4.594969272613525,-13.478410720825195
22,71,French,-12.29653263092041,-7.675922870635986
22,72,English,19.435359954833984,9.032193183898926
22,72,French,-10.053054809570312,19.074325561523438
22,73,English,19.16115379333496,6.060321807861328
22,73,French,-10.759947776794434,4.9021525382995605
22,74,English,9.344267845153809,-14.838029861450195
22,74,French,-20.41535186767578,-6.312776565551758
22,75,English,17.47408103942871,-7.876081466674805
22,75,French,-14.533280372619629,10.152837753295898
22,76,English,19.39630889892578,1.8306130170822144
22,76,French,-7.842792510986328,15.409096717834473
22,77,English,15.265426635742188,1.9875247478485107
22,77,French,-7.8353166580200195,14.949216842651367
22,78,English,6.949548721313477,-14.201706886291504
22,78,French,-12.602931022644043,-8.353043556213379
22,79,English,15.634710311889648,3.6357944011688232
22,79,French,-9.228074073791504,11.559422492980957
22,80,English,3.93131160736084,-20.34969139099121
22,80,French,-17.38620948791504,-12.5729341506958
22,81,English,8.77295207977295,-19.89227294921875
22,81,French,-18.674959182739258,-12.6396484375
22,82,English,7.116884231567383,-19.5295467376709
22,82,French,-20.273250579833984,-9.945165634155273
22,83,English,21.5689697265625,9.619383811950684
22,83,French,-11.539945602416992,14.306026458740234
22,84,English,8.917141914367676,-16.067459106445312
22,84,French,-16.717132568359375,-10.305572509765625
22,85,English,12.419312477111816,15.603560447692871
22,85,French,-6.107676029205322,20.520000457763672
22,86,English,16.40740203857422,-3.553253412246704
22,86,French,-11.186574935913086,6.972082138061523
22,87,English,9.254220962524414,-13.776238441467285
22,87,French,-18.2530517578125,-5.869454860687256
22,88,English,8.345545768737793,-19.496187210083008
22,88,French,-22.12435531616211,-11.225577354431152
22,89,English,7.530570983886719,-15.715767860412598
22,89,French,-14.677592277526855,-8.417724609375
22,90,English,6.952353477478027,-19.381023406982422
22,90,French,-18.86931610107422,-9.5303955078125
22,91,English,9.409016609191895,-15.879853248596191
22,91,French,-18.371339797973633,-7.095760345458984
22,92,English,17.402084350585938,-1.4238643646240234
22,92,French,-16.336315155029297,0.8631875514984131
22,93,English,9.374090194702148,-15.282013893127441
22,93,French,-18.95377540588379,-6.372889518737793
22,94,English,10.539022445678711,-13.873416900634766
22,94,French,-20.32265853881836,-4.6072096824646
22,95,English,4.197414875030518,-16.27094268798828
22,95,French,-17.23342514038086,-7.647945404052734
22,96,English,11.700242042541504,-5.922306537628174
22,96,French,-16.51327133178711,-1.3739535808563232
22,97,English,15.411124229431152,-2.804966926574707
22,97,French,-15.832830429077148,6.956936836242676
22,98,English,9.28255844116211,-15.717320442199707
22,98,French,-13.904932022094727,-7.13492488861084
22,99,English,6.601691246032715,-16.528409957885742
22,99,French,-16.716888427734375,-9.04996109008789
22,100,English,20.4781494140625,11.764745712280273
22,100,French,-3.517200231552124,22.878461837768555
22,101,English,7.446981430053711,-16.435752868652344
22,101,French,-17.085466384887695,-8.48758602142334
22,102,English,15.974631309509277,23.050546646118164
22,102,French,2.431918144226074,27.225261688232422
22,103,English,22.895896911621094,12.635126113891602
22,103,French,-4.372687339782715,21.59565544128418
22,104,English,21.938112258911133,8.623296737670898
22,104,French,-0.7959273457527161,22.164608001708984
22,105,English,16.03842544555664,12.026420593261719
22,105,French,5.2764153480529785,27.59343147277832
22,106,English,11.376815795898438,-11.811516761779785
22,106,French,-12.336725234985352,-1.8813482522964478
22,107,English,15.828829765319824,-2.4960806369781494
22,107,French,-14.147871971130371,9.582076072692871
22,108,English,18.25693702697754,1.115182876586914
22,108,French,-12.578644752502441,29.40020179748535
22,109,English,17.706462860107422,6.308496952056885
22,109,French,-11.642114639282227,16.56266212463379
22,110,English,5.793582439422607,-20.6154727935791
22,110,French,-16.496999740600586,-4.324813365936279
22,111,English,8.782236099243164,-4.31618070602417
22,111,French,-10.02435302734375,3.078110933303833
22,112,English,6.605373859405518,-16.279682159423828
22,112,French,-19.668428421020508,-9.700785636901855
22,113,English,13.348628044128418,-5.080090045928955
22,113,French,-16.595687866210938,14.562040328979492
22,114,English,22.38926887512207,9.305242538452148
22,114,French,-5.758833885192871,22.97759246826172
22,115,English,6.873751163482666,-12.712255477905273
22,115,French,-15.30103588104248,-7.29691743850708
22,116,English,23.94548988342285,6.411506652832031
22,116,French,-11.982601165771484,19.006227493286133
22,117,English,9.368249893188477,-16.789501190185547
22,117,French,-14.315126419067383,-2.1350181102752686
22,118,English,-2.778562307357788,-16.918231964111328
22,118,French,-19.185195922851562,-10.042963981628418
22,119,English,6.8984599113464355,-20.683025360107422
22,119,French,-22.027362823486328,-11.922072410583496
22,120,English,16.3034725189209,-4.138264179229736
22,120,French,-14.85769271850586,2.7585487365722656
22,121,English,9.880473136901855,-10.222281455993652
22,121,French,-9.106546401977539,-1.2566554546356201
22,122,English,-6.490194797515869,-5.156696319580078
22,122,French,-15.699421882629395,-4.800326824188232
22,123,English,18.284006118774414,0.01146431639790535
22,123,French,-9.630805015563965,21.643123626708984
22,124,English,20.20638084411621,23.835468292236328
22,124,French,-9.74675464630127,26.0136661529541
22,125,English,21.906265258789062,5.153713226318359
22,125,French,-7.959908962249756,24.513517379760742
22,126,English,26.185016632080078,15.661026954650879
22,126,French,-9.427984237670898,30.001733779907227
22,127,English,9.037446975708008,-15.857102394104004
22,127,French,-19.217355728149414,-8.158076286315918
22,128,English,8.223855018615723,-8.848347663879395
22,128,French,-17.38841438293457,-1.6666704416275024
22,129,English,4.325260639190674,-21.668020248413086
22,129,French,-19.19377326965332,-10.866230964660645
22,130,English,7.150988578796387,-16.26410484313965
22,130,French,-20.941375732421875,-8.508188247680664
22,131,English,5.264121055603027,-14.946013450622559
22,131,French,-19.758426666259766,-9.543167114257812
22,132,English,7.534271240234375,-17.633209228515625
22,132,French,-16.72916030883789,-10.949128150939941
22,133,English,8.182252883911133,-15.346083641052246
22,133,French,-20.07212257385254,-5.041107177734375
22,134,English,6.1769280433654785,-16.6434326171875
22,134,French,-19.7423152923584,-9.124341011047363
22,135,English,4.1742048263549805,-16.442140579223633
22,135,French,-18.665544509887695,-9.997584342956543
22,136,English,13.071046829223633,2.680541753768921
22,136,French,-4.209569931030273,17.797183990478516
22,137,English,16.32895851135254,0.9780877232551575
22,137,French,-8.476814270019531,12.857522010803223
22,138,English,23.170915603637695,5.811102867126465
22,138,French,-11.079663276672363,22.460224151611328
22,139,English,7.570871353149414,-16.676361083984375
22,139,French,-19.16181755065918,-5.115363121032715
22,140,English,20.322534561157227,1.6205402612686157
22,140,French,-8.995611190795898,23.437593460083008
22,141,English,8.84494686126709,-17.26192855834961
22,141,French,-18.416711807250977,-10.99089527130127
22,142,English,9.821714401245117,-16.218421936035156
22,142,French,-19.295408248901367,-9.017988204956055
22,143,English,8.427481651306152,-18.248779296875
22,143,French,-21.167705535888672,-9.72931957244873
22,144,English,11.817288398742676,-14.063246726989746
22,144,French,-17.850666046142578,-5.679572105407715
22,145,English,8.209504127502441,-17.174604415893555
22,145,French,-18.632801055908203,-7.459349632263184
22,146,English,11.132991790771484,-12.636967658996582
22,146,French,-19.891544342041016,-6.909975528717041
22,147,English,17.695100784301758,5.518782138824463
22,147,French,-6.756292343139648,24.57115936279297
22,148,English,7.685196876525879,-16.863340377807617
22,148,French,-17.227327346801758,-10.782041549682617
22,149,English,21.351869583129883,16.62059783935547
22,149,French,-5.846441268920898,30.718978881835938
22,150,English,19.507617950439453,13.77348804473877
22,150,French,-9.770797729492188,20.470895767211914
22,151,English,11.734186172485352,-7.795210361480713
22,151,French,-17.494455337524414,3.333808183670044
22,152,English,17.877098083496094,1.9161230325698853
22,152,French,-17.00284194946289,15.139825820922852
22,153,English,10.737142562866211,-13.035758972167969
22,153,French,-16.993152618408203,-0.23795807361602783
22,154,English,8.305930137634277,-15.790316581726074
22,154,French,-17.521495819091797,-9.479292869567871
22,155,English,5.712729454040527,-18.47098159790039
22,155,French,-19.510324478149414,-13.091146469116211
22,156,English,7.11256217956543,-19.28511619567871
22,156,French,-18.676437377929688,-10.23404598236084
22,157,English,23.411094665527344,6.523271560668945
22,157,French,-11.287755012512207,15.726729393005371
22,158,English,20.27532196044922,8.74964714050293
22,158,French,-9.893409729003906,14.950165748596191
22,159,English,24.52788543701172,15.855852127075195
22,159,French,-6.487246513366699,27.54747772216797
22,160,English,7.5604987144470215,-18.497882843017578
22,160,French,-21.735963821411133,-10.950118064880371
22,161,English,11.9486083984375,-7.52500057220459
22,161,French,-16.082895278930664,1.290205955505371
22,162,English,20.48029136657715,2.817359209060669
22,162,French,-9.698149681091309,11.433595657348633
22,163,English,25.961240768432617,12.04510498046875
22,163,French,-10.086334228515625,23.588136672973633
22,164,English,10.36683177947998,-13.795805931091309
22,164,French,-16.037858963012695,-7.353665351867676
22,165,English,13.298954963684082,0.9872909188270569
22,165,French,-7.258867263793945,-1.5140973329544067
22,166,English,19.0905704498291,8.839098930358887
22,166,French,-6.032188892364502,34.33870315551758
22,167,English,23.150863647460938,11.433670043945312
22,167,French,-9.444780349731445,25.99785804748535
22,168,English,16.246925354003906,1.260593295097351
22,168,French,-4.664387226104736,19.47697639465332
22,169,English,9.021913528442383,-17.2567081451416
22,169,French,-21.900758743286133,-11.003230094909668
22,170,English,23.215795516967773,8.14746379852295
22,170,French,-1.753394603729248,23.18158531188965
22,171,English,20.281871795654297,4.575876712799072
22,171,French,-10.692687034606934,20.72100830078125
22,172,English,20.33631134033203,8.496280670166016
22,172,French,-8.49313735961914,20.792266845703125
22,173,English,21.13775062561035,8.671086311340332
22,173,French,-9.374972343444824,26.037395477294922
22,174,English,6.511606216430664,-21.16822624206543
22,174,French,-21.600500106811523,-10.220682144165039
22,175,English,9.81005859375,-13.139839172363281
22,175,French,-14.09992504119873,-6.0539350509643555
22,176,English,20.51858901977539,8.895101547241211
22,176,French,-9.14168643951416,25.0201416015625
22,177,English,7.436214447021484,-6.25819206237793
22,177,French,-18.06639862060547,-1.8906426429748535
22,178,English,16.47492218017578,-3.701467752456665
22,178,French,-17.58727264404297,-0.8561585545539856
22,179,English,9.866984367370605,-11.175334930419922
22,179,French,-13.631750106811523,-3.4702014923095703
22,180,English,22.79804229736328,13.765875816345215
22,180,French,-4.0438666343688965,16.549400329589844
22,181,English,11.406597137451172,-9.808181762695312
22,181,French,-13.527557373046875,-4.2025837898254395
22,182,English,11.643193244934082,-9.924210548400879
22,182,French,-15.654769897460938,-4.611104488372803
22,183,English,4.683833599090576,-15.232540130615234
22,183,French,-15.788675308227539,-10.802520751953125
22,184,English,24.277915954589844,15.592330932617188
22,184,French,-8.0385160446167,20.591325759887695
22,185,English,14.651360511779785,-6.6451497077941895
22,185,French,-13.158020973205566,8.870621681213379
22,186,English,14.219409942626953,-12.406142234802246
22,186,French,-21.143871307373047,-4.979765892028809
22,187,English,6.2444682121276855,-20.743879318237305
22,187,French,-19.52950668334961,-11.150583267211914
22,188,English,6.495725631713867,-13.96350383758545
22,188,French,-18.52033233642578,-7.112947940826416
22,189,English,18.65987205505371,7.757413387298584
22,189,French,-9.262369155883789,20.34661865234375
22,190,English,26.52592658996582,18.1380615234375
22,190,French,-0.5563578605651855,30.75611686706543
22,191,English,21.323869705200195,10.367969512939453
22,191,French,-9.841414451599121,28.07026481628418
22,192,English,19.034000396728516,9.396410942077637
22,192,French,-12.886804580688477,7.493700981140137
22,193,English,7.172583103179932,-17.427719116210938
22,193,French,-21.081722259521484,-8.795882225036621
22,194,English,8.665721893310547,-14.82804012298584
22,194,French,-17.642480850219727,-8.50344181060791
22,195,English,9.461814880371094,-13.220317840576172
22,195,French,-17.986825942993164,-6.68370246887207
22,196,English,8.511051177978516,-16.002670288085938
22,196,French,-17.547632217407227,-10.702459335327148
22,197,English,7.277469158172607,-17.964296340942383
22,197,French,-21.660078048706055,-8.077729225158691
22,198,English,20.54987335205078,5.401571273803711
22,198,French,-15.449601173400879,9.794158935546875
22,199,English,5.46116828918457,-19.436050415039062
22,199,French,-18.93037223815918,-11.376631736755371
23,0,English,21.132953643798828,17.212757110595703
23,0,French,-7.543166637420654,17.238327026367188
23,1,English,14.041234016418457,-5.8260040283203125
23,1,French,-15.645811080932617,-5.41208028793335
23,2,English,19.500219345092773,4.901366710662842
23,2,French,-20.166841506958008,13.1007719039917
23,3,English,10.667048454284668,-8.917387008666992
23,3,French,-14.385069847106934,-9.928317070007324
23,4,English,11.920792579650879,-16.129915237426758
23,4,French,-19.720062255859375,-14.496402740478516
23,5,English,19.951528549194336,14.167749404907227
23,5,French,-12.347028732299805,29.019712448120117
23,6,English,8.295289039611816,-13.97698974609375
23,6,French,-13.278762817382812,-11.429890632629395
23,7,English,11.235370635986328,-13.734938621520996
23,7,French,-15.969243049621582,-12.183006286621094
23,8,English,12.822164535522461,15.421725273132324
23,8,French,-16.29691505432129,19.85829734802246
23,9,English,12.004304885864258,-7.5841169357299805
23,9,French,-9.607430458068848,-6.132814884185791
23,10,English,14.409699440002441,-9.111700057983398
23,10,French,-18.080718994140625,7.787164211273193
23,11,English,11.733038902282715,-13.800724983215332
23,11,French,-13.07969856262207,2.3038103580474854
23,12,English,10.451081275939941,2.2925257682800293
23,12,French,-9.975970268249512,7.2297210693359375
23,13,English,17.569101333618164,9.6668701171875
23,13,French,-10.354806900024414,19.08006477355957
23,14,English,11.19107723236084,-15.004349708557129
23,14,French,-14.657252311706543,-11.469399452209473
23,15,English,8.858964920043945,-15.079079627990723
23,15,French,-13.131808280944824,-11.953492164611816
23,16,English,15.301660537719727,-3.509298324584961
23,16,French,-15.842121124267578,-7.262670993804932
23,17,English,14.419769287109375,-1.1595171689987183
23,17,French,-14.854839324951172,2.347092866897583
23,18,English,18.47818946838379,11.382426261901855
23,18,French,-10.26831340789795,23.868993759155273
23,19,English,9.456937789916992,-16.041839599609375
23,19,French,-17.70893669128418,-12.41600227355957
23,20,English,14.327011108398438,0.30196845531463623
23,20,French,-13.589950561523438,11.286608695983887
23,21,English,14.02666187286377,-6.622262001037598
23,21,French,-18.096742630004883,-5.801849842071533
23,22,English,19.80885887145996,15.21617603302002
23,22,French,-13.814289093017578,21.3959903717041
23,23,English,9.991307258605957,-15.502299308776855
23,23,French,-18.285869598388672,-12.320039749145508
23,24,English,22.425983428955078,15.79464054107666
23,24,French,-7.723557949066162,25.574050903320312
23,25,English,14.946523666381836,-0.007604454644024372
23,25,French,-19.433210372924805,12.955138206481934
23,26,English,18.952125549316406,3.7103283405303955
23,26,French,-9.696866035461426,11.189037322998047
23,27,English,10.79718017578125,-15.653557777404785
23,27,French,-18.9300594329834,-10.847055435180664
23,28,English,11.084760665893555,-17.09364891052246
23,28,French,-13.935540199279785,-10.114742279052734
23,29,English,15.360790252685547,-5.738168716430664
23,29,French,-17.811992645263672,1.9273674488067627
23,30,English,9.539083480834961,-7.806206703186035
23,30,French,-4.687360763549805,-8.36847972869873
23,31,English,20.26923370361328,17.383089065551758
23,31,French,-13.613457679748535,31.677125930786133
23,32,English,11.443158149719238,-15.323884010314941
23,32,French,-15.024084091186523,-13.318309783935547
23,33,English,18.953903198242188,6.597116470336914
23,33,French,-8.469992637634277,13.923240661621094
23,34,English,15.652771949768066,7.2332916259765625
23,34,French,-11.440374374389648,9.777166366577148
23,35,English,14.67916488647461,3.8156003952026367
23,35,French,-7.502274036407471,13.356032371520996
23,36,English,9.319891929626465,-15.97558307647705
23,36,French,-10.918914794921875,-11.073678016662598
23,37,English,15.111078262329102,-5.637069225311279
23,37,French,-19.718238830566406,-4.307139873504639
23,38,English,14.165016174316406,-12.007972717285156
23,38,French,-20.437026977539062,-14.327536582946777
23,39,English,19.9311466217041,1.601284384727478
23,39,French,-19.46845054626465,12.62889575958252
23,40,English,20.31920051574707,12.582615852355957
23,40,French,-9.524378776550293,25.712648391723633
23,41,English,19.743511199951172,8.893991470336914
23,41,French,-12.910097122192383,18.74901580810547
23,42,English,19.438034057617188,16.338987350463867
23,42,French,-4.1081953048706055,17.161815643310547
23,43,English,16.08751678466797,-4.69619083404541
23,43,French,-15.687188148498535,0.9274104833602905
23,44,English,18.357391357421875,12.52608871459961
23,44,French,-11.085136413574219,19.074111938476562
23,45,English,22.425983428955078,15.79464054107666
23,45,French,-9.707479476928711,25.327795028686523
23,46,English,10.010841369628906,-7.019750595092773
23,46,French,-17.027069091796875,-6.310612678527832
23,47,English,9.394811630249023,-7.271658420562744
23,47,French,-20.15886878967285,-1.755873203277588
23,48,English,9.51004409790039,-12.818260192871094
23,48,French,-16.23320960998535,-3.071673631668091
23,49,English,10.484722137451172,-10.267122268676758
23,49,French,-10.663549423217773,-9.32750415802002
23,50,English,14.27980899810791,-11.490939140319824
23,50,French,-16.35540771484375,-9.859861373901367
23,51,English,20.931554794311523,9.8169584274292
23,51,French,-6.290814399719238,20.652896881103516
23,52,English,18.168996810913086,0.0874013900756836
23,52,French,-9.55891227722168,18.411142349243164
23,53,English,12.64358139038086,-8.128020286560059
23,53,French,-19.042600631713867,-12.664702415466309
23,54,English,13.9856595993042,-9.356855392456055
23,54,French,-18.313827514648438,-7.83641242980957
23,55,English,10.727643013000488,-16.76963233947754
23,55,French,-16.651987075805664,-12.33884334564209
23,56,English,11.539447784423828,-12.439355850219727
23,56,French,-17.861610412597656,-7.24055290222168
23,57,English,17.2565860748291,10.752897262573242
23,57,French,-5.9823832511901855,24.321062088012695
23,58,English,15.670601844787598,2.557004690170288
23,58,French,-17.911447525024414,3.8473165035247803
23,59,English,18.717409133911133,6.512470722198486
23,59,French,-7.330353260040283,18.519596099853516
23,60,English,13.172874450683594,-11.507715225219727
23,60,French,-17.064668655395508,-8.367461204528809
23,61,English,14.574108123779297,4.604292392730713
23,61,French,-12.56265640258789,9.162944793701172
23,62,English,13.70697021484375,-5.987796783447266
23,62,French,-18.851835250854492,-1.0085667371749878
23,63,English,17.13273811340332,3.2802157402038574
23,63,French,-14.851179122924805,17.947935104370117
23,64,English,10.40427017211914,-5.924229621887207
23,64,French,-12.578347206115723,-3.827913761138916
23,65,English,16.357418060302734,5.964451789855957
23,65,French,-10.464287757873535,20.399084091186523
23,66,English,18.272024154663086,4.347832202911377
23,66,French,-6.336929798126221,11.892632484436035
23,67,English,21.386306762695312,14.087265968322754
23,67,French,-9.76621150970459,15.972626686096191
23,68,English,12.430052757263184,-14.924479484558105
23,68,French,-16.84798812866211,-10.740019798278809
23,69,English,10.77932357788086,-19.037460327148438
23,69,French,-19.846593856811523,-10.007437705993652
23,70,English,21.117244720458984,10.224212646484375
23,70,French,-12.008551597595215,16.08106231689453
23,71,English,8.059036254882812,-12.347098350524902
23,71,French,-10.229544639587402,-8.949402809143066
23,72,English,17.881771087646484,10.670440673828125
23,72,French,-13.727360725402832,16.053110122680664
23,73,English,16.871265411376953,7.279720783233643
23,73,French,-11.222705841064453,2.890171766281128
23,74,English,12.053223609924316,-12.439606666564941
23,74,French,-20.17532730102539,-9.293535232543945
23,75,English,17.89594078063965,-4.47443962097168
23,75,French,-16.93632698059082,7.988508224487305
23,76,English,18.58544921875,4.796869277954102
23,76,French,-9.128809928894043,12.71899127960205
23,77,English,15.091361999511719,3.9332356452941895
23,77,French,-9.493280410766602,13.30545711517334
23,78,English,9.600602149963379,-12.20093822479248
23,78,French,-11.074437141418457,-9.514665603637695
23,79,English,14.050333023071289,4.368819713592529
23,79,French,-10.229907989501953,9.49032974243164
23,80,English,8.010296821594238,-18.796241760253906
23,80,French,-15.440232276916504,-14.398372650146484
23,81,English,11.949274063110352,-17.46437644958496
23,81,French,-17.34309196472168,-14.743741989135742
23,82,English,10.578374862670898,-17.197898864746094
23,82,French,-18.98896026611328,-12.353477478027344
23,83,English,19.375133514404297,12.296770095825195
23,83,French,-13.69882869720459,11.533720016479492
23,84,English,11.726460456848145,-14.225444793701172
23,84,French,-15.711633682250977,-12.517650604248047
23,85,English,11.561454772949219,16.019968032836914
23,85,French,-9.956785202026367,19.091571807861328
23,86,English,16.75777816772461,-1.1613303422927856
23,86,French,-12.56912612915039,4.736623764038086
23,87,English,12.023999214172363,-11.609614372253418
23,87,French,-17.488454818725586,-8.000927925109863
23,88,English,11.741634368896484,-17.147371292114258
23,88,French,-20.758275985717773,-13.94465446472168
23,89,English,10.487454414367676,-13.231206893920898
23,89,French,-13.148080825805664,-10.008459091186523
23,90,English,10.249796867370605,-17.512916564941406
23,90,French,-18.487159729003906,-11.442390441894531
23,91,English,12.310563087463379,-13.80050277709961
23,91,French,-17.184741973876953,-9.539759635925293
23,92,English,16.7434024810791,0.9082837700843811
23,92,French,-15.987698554992676,-1.3627861738204956
23,93,English,11.963226318359375,-12.731428146362305
23,93,French,-18.350269317626953,-8.685101509094238
23,94,English,12.584273338317871,-11.8223295211792
23,94,French,-21.33270263671875,-7.484114646911621
23,95,English,7.79841423034668,-13.904793739318848
23,95,French,-15.68865966796875,-9.0535306930542
23,96,English,13.209020614624023,-3.7216978073120117
23,96,French,-15.476143836975098,-3.8806748390197754
23,97,English,15.336333274841309,-0.22900357842445374
23,97,French,-16.870683670043945,4.097805976867676
23,98,English,12.398441314697266,-13.587677001953125
23,98,French,-12.669900894165039,-8.642423629760742
23,99,English,9.984577178955078,-14.363823890686035
23,99,French,-14.898608207702637,-10.801532745361328
23,100,English,18.391883850097656,14.43014907836914
23,100,French,-6.785412788391113,21.74947738647461
23,101,English,10.200830459594727,-14.48366641998291
23,101,French,-16.267765045166016,-10.733260154724121
23,102,English,13.043927192687988,23.894437789916992
23,102,French,-1.0440046787261963,26.268442153930664
23,103,English,20.822296142578125,14.766314506530762
23,103,French,-7.8758015632629395,20.698026657104492
23,104,English,19.612192153930664,10.701136589050293
23,104,French,-2.800708770751953,20.472652435302734
23,105,English,14.515535354614258,14.331390380859375
23,105,French,1.6272919178009033,26.96724510192871
23,106,English,13.41389274597168,-9.57619857788086
23,106,French,-12.513490676879883,-3.945275068283081
23,107,English,16.595523834228516,-0.1604117900133133
23,107,French,-15.085502624511719,6.728090286254883
23,108,English,18.06340217590332,4.115038871765137
23,108,French,-17.26236343383789,27.367835998535156
23,109,English,16.491634368896484,8.806976318359375
23,109,French,-14.484859466552734,14.344711303710938
23,110,English,9.58806324005127,-18.231481552124023
23,110,French,-15.169381141662598,-6.239957332611084
23,111,English,10.618258476257324,-3.6730220317840576
23,111,French,-10.313568115234375,0.5503986477851868
23,112,English,9.519948959350586,-13.843615531921387
23,112,French,-17.232715606689453,-11.892237663269043
23,113,English,14.212713241577148,-2.2364532947540283
23,113,French,-19.962310791015625,11.795625686645508
23,114,English,20.752286911010742,11.32219409942627
23,114,French,-8.897456169128418,20.730504989624023
23,115,English,9.98673152923584,-10.961121559143066
23,115,French,-13.002997398376465,-9.25548267364502
23,116,English,22.052936553955078,9.150193214416504
23,116,French,-14.772391319274902,17.130525588989258
23,117,English,12.153586387634277,-15.44283676147461
23,117,French,-14.001869201660156,-3.9290261268615723
23,118,English,0.6701294183731079,-16.555965423583984
23,118,French,-17.41336441040039,-12.549284934997559
23,119,English,10.494901657104492,-17.9300537109375
23,119,French,-20.3989200592041,-14.441487312316895
23,120,English,16.528217315673828,-1.1491663455963135
23,120,French,-15.519003868103027,0.7512354254722595
23,121,English,12.033910751342773,-8.148144721984863
23,121,French,-8.15169906616211,-2.621067523956299
23,122,English,-4.9360432624816895,-5.762561321258545
23,122,French,-14.722702026367188,-6.881192684173584
23,123,English,17.496423721313477,2.3109519481658936
23,123,French,-13.399911880493164,18.406808853149414
23,124,English,15.756993293762207,25.58330535888672
23,124,French,-15.113786697387695,23.85557746887207
23,125,English,20.451332092285156,6.662978649139404
23,125,French,-12.1038179397583,20.780969619750977
23,126,English,23.16518211364746,17.225801467895508
23,126,French,-13.579753875732422,26.39263343811035
23,127,English,11.924408912658691,-13.644082069396973
23,127,French,-18.126075744628906,-10.550293922424316
23,128,English,10.461278915405273,-6.507798671722412
23,128,French,-16.273727416992188,-3.994678020477295
23,129,English,8.55315113067627,-19.577363967895508
23,129,French,-17.517711639404297,-13.362519264221191
23,130,English,10.428659439086914,-13.777750015258789
23,130,French,-19.612489700317383,-11.07777214050293
23,131,English,8.099577903747559,-13.396302223205566
23,131,French,-17.520965576171875,-12.25206470489502
23,132,English,10.62160587310791,-15.43283748626709
23,132,French,-15.342707633972168,-13.02379035949707
23,133,English,10.62308406829834,-13.644620895385742
23,133,French,-19.73345184326172,-8.10008716583252
23,134,English,9.559924125671387,-14.897218704223633
23,134,French,-18.011798858642578,-11.776671409606934
23,135,English,7.601459980010986,-14.278727531433105
23,135,French,-16.266342163085938,-12.136373519897461
23,136,English,12.840600967407227,4.431229591369629
23,136,French,-6.612784385681152,16.457931518554688
23,137,English,16.475582122802734,3.383044958114624
23,137,French,-12.13546085357666,11.008050918579102
23,138,English,21.1458797454834,7.8157172203063965
23,138,French,-14.683785438537598,19.853897094726562
23,139,English,10.924294471740723,-14.914183616638184
23,139,French,-18.82530403137207,-8.109174728393555
23,140,English,19.462095260620117,4.694381237030029
23,140,French,-12.835954666137695,20.921194076538086
23,141,English,11.387186050415039,-14.882601737976074
23,141,French,-16.825695037841797,-13.28320026397705
23,142,English,12.789093971252441,-14.218911170959473
23,142,French,-17.83906364440918,-11.453004837036133
23,143,English,11.73910140991211,-15.717120170593262
23,143,French,-20.10024642944336,-12.117430686950684
23,144,English,14.218382835388184,-11.494843482971191
23,144,French,-17.943511962890625,-8.383773803710938
23,145,English,11.02331829071045,-14.898907661437988
23,145,French,-18.410402297973633,-9.753360748291016
23,146,English,13.1066255569458,-10.957027435302734
23,146,French,-20.16248321533203,-10.353311538696289
23,147,English,16.796398162841797,8.13951301574707
23,147,French,-10.38962173461914,22.904447555541992
23,148,English,10.99497127532959,-15.217401504516602
23,148,French,-15.898815155029297,-13.128381729125977
23,149,English,18.768936157226562,19.969562530517578
23,149,French,-10.168322563171387,29.469341278076172
23,150,English,17.784854888916016,16.3521785736084
23,150,French,-12.765236854553223,18.962968826293945
23,151,English,13.285381317138672,-5.532309532165527
23,151,French,-18.005495071411133,1.3025360107421875
23,152,English,17.678234100341797,4.413869857788086
23,152,French,-20.155773162841797,12.676217079162598
23,153,English,12.624312400817871,-10.698755264282227
23,153,French,-17.257381439208984,-2.881722927093506
23,154,English,11.080812454223633,-13.390869140625
23,154,French,-16.569368362426758,-11.782618522644043
23,155,English,9.492609977722168,-16.456083297729492
23,155,French,-17.946571350097656,-15.630093574523926
23,156,English,10.5869722366333,-17.64182472229004
23,156,French,-17.544662475585938,-12.244621276855469
23,157,English,21.368730545043945,8.790658950805664
23,157,French,-14.362442970275879,13.408019065856934
23,158,English,18.614736557006836,10.696293830871582
23,158,French,-11.506036758422852,11.904646873474121
23,159,English,21.639863967895508,17.513547897338867
23,159,French,-11.85465145111084,25.38666534423828
23,160,English,10.752328872680664,-16.463457107543945
23,160,French,-20.166831970214844,-13.934419631958008
23,161,English,13.234561920166016,-5.337170124053955
23,161,French,-16.572368621826172,-0.43813174962997437
23,162,English,18.991470336914062,5.805398464202881
23,162,French,-11.09506607055664,10.054461479187012
23,163,English,23.33714485168457,14.567709922790527
23,163,French,-12.923837661743164,21.471248626708984
23,164,English,12.781874656677246,-12.089953422546387
23,164,French,-15.578225135803223,-9.855603218078613
23,165,English,12.413606643676758,2.3600573539733887
23,165,French,-8.547062873840332,-3.2983744144439697
23,166,English,17.485815048217773,11.70283031463623
23,166,French,-11.173752784729004,31.885393142700195
23,167,English,21.278297424316406,12.956586837768555
23,167,French,-13.102453231811523,22.9150333404541
23,168,English,15.555669784545898,3.004274368286133
23,168,French,-7.814268589019775,17.659528732299805
23,169,English,12.251863479614258,-14.285643577575684
23,169,French,-21.01020622253418,-13.929339408874512
23,170,English,21.222698211669922,11.238181114196777
23,170,French,-5.632251739501953,22.292030334472656
23,171,English,19.433107376098633,7.107815265655518
23,171,French,-14.689525604248047,18.89325523376465
23,172,English,19.259864807128906,10.737698554992676
23,172,French,-10.541594505310059,18.091611862182617
23,173,English,18.64491081237793,10.29615592956543
23,173,French,-13.746185302734375,23.663915634155273
23,174,English,9.757550239562988,-19.638721466064453
23,174,French,-20.80135154724121,-13.21727466583252
23,175,English,12.1058931350708,-10.667338371276855
23,175,French,-13.1912202835083,-7.1184186935424805
23,176,English,18.643177032470703,11.493738174438477
23,176,French,-13.46317195892334,22.932601928710938
23,177,English,9.21359920501709,-4.315142631530762
23,177,French,-17.44469451904297,-4.541778564453125
23,178,English,16.625703811645508,-1.2661248445510864
23,178,French,-17.795459747314453,-3.6028077602386475
23,179,English,12.182882308959961,-10.013678550720215
23,179,French,-13.315418243408203,-5.513452053070068
23,180,English,20.277687072753906,17.014787673950195
23,180,French,-7.659867763519287,15.474563598632812
23,181,English,13.250887870788574,-7.283533096313477
23,181,French,-12.666108131408691,-5.919896125793457
23,182,English,13.623841285705566,-8.39493179321289
23,182,French,-14.506278038024902,-6.946206092834473
23,183,English,8.175335884094238,-13.099027633666992
23,183,French,-14.02958869934082,-12.417271614074707
23,184,English,20.560178756713867,18.581146240234375
23,184,French,-11.825019836425781,18.61500358581543
23,185,English,15.346064567565918,-4.178274631500244
23,185,French,-14.860847473144531,6.649957180023193
23,186,English,15.63648796081543,-10.086466789245605
23,186,French,-20.96353530883789,-8.199843406677246
23,187,English,10.23088264465332,-18.77698516845703
23,187,French,-17.921833038330078,-13.189674377441406
23,188,English,9.403359413146973,-12.202486991882324
23,188,French,-16.248201370239258,-9.011651039123535
23,189,English,18.32356071472168,9.255107879638672
23,189,French,-12.539637565612793,18.15175437927246
23,190,English,22.57694435119629,21.92877197265625
23,190,French,-5.691216945648193,29.634950637817383
23,191,English,19.115354537963867,13.320549011230469
23,191,French,-13.600038528442383,25.79660415649414
23,192,English,16.80889892578125,11.489407539367676
23,192,French,-13.613539695739746,5.101747512817383
23,193,English,10.313406944274902,-15.297907829284668
23,193,French,-20.302268981933594,-11.47331714630127
23,194,English,11.533689498901367,-12.60082721710205
23,194,French,-15.495524406433105,-10.58395004272461
23,195,English,11.765342712402344,-11.466720581054688
23,195,French,-16.850555419921875,-8.690064430236816
23,196,English,10.998751640319824,-13.724861145019531
23,196,French,-16.305463790893555,-13.073697090148926
23,197,English,10.549263000488281,-15.962427139282227
23,197,French,-20.465848922729492,-11.330217361450195
23,198,English,19.232589721679688,6.073236465454102
23,198,French,-17.606201171875,6.7208733558654785
23,199,English,9.372612953186035,-17.664445877075195
23,199,French,-17.223989486694336,-13.313993453979492
24,0,English,21.443693161010742,17.885822296142578
24,0,French,-8.913371086120605,16.72793960571289
24,1,English,14.4759521484375,-4.2211079597473145
24,1,French,-15.378534317016602,-6.427666187286377
24,2,English,19.21892547607422,6.396973609924316
24,2,French,-20.825302124023438,11.878056526184082
24,3,English,11.256349563598633,-8.215843200683594
24,3,French,-13.504362106323242,-10.562576293945312
24,4,English,13.142541885375977,-15.153311729431152
24,4,French,-18.902524948120117,-15.273122787475586
24,5,English,19.87924575805664,15.959218978881836
24,5,French,-14.617841720581055,28.790010452270508
24,6,English,9.043912887573242,-13.102843284606934
24,6,French,-12.210053443908691,-11.911056518554688
24,7,English,11.933511734008789,-12.510379791259766
24,7,French,-15.115438461303711,-12.650917053222656
24,8,English,11.426708221435547,14.609516143798828
24,8,French,-17.267589569091797,17.41053581237793
24,9,English,13.006985664367676,-6.355053901672363
24,9,French,-9.52225399017334,-5.970706939697266
24,10,English,15.172934532165527,-8.276005744934082
24,10,French,-19.047327041625977,7.016254901885986
24,11,English,12.9810209274292,-13.41508674621582
24,11,French,-13.307351112365723,1.3492544889450073
24,12,English,10.58128547668457,3.1535794734954834
24,12,French,-9.965136528015137,6.8194169998168945
24,13,English,17.187185287475586,10.516132354736328
24,13,French,-11.516151428222656,18.5683536529541
24,14,English,12.076302528381348,-13.813658714294434
24,14,French,-13.579835891723633,-11.528421401977539
24,15,English,10.095161437988281,-14.905265808105469
24,15,French,-12.487117767333984,-12.755014419555664
24,16,English,15.318046569824219,-3.2645745277404785
24,16,French,-15.277085304260254,-8.167323112487793
24,17,English,14.259173393249512,-0.5445684194564819
24,17,French,-15.6245756149292,1.587667465209961
24,18,English,17.79585075378418,11.63980770111084
24,18,French,-11.690323829650879,22.765098571777344
24,19,English,10.834710121154785,-15.529248237609863
24,19,French,-16.687475204467773,-13.473381996154785
24,20,English,14.668020248413086,1.2266892194747925
24,20,French,-14.508034706115723,9.979592323303223
24,21,English,13.897259712219238,-5.9422712326049805
24,21,French,-18.196908950805664,-6.94915771484375
24,22,English,19.23277473449707,16.2772274017334
24,22,French,-15.455012321472168,20.538509368896484
24,23,English,11.06505298614502,-14.558944702148438
24,23,French,-17.21090316772461,-12.949703216552734
24,24,English,21.93219566345215,17.37881851196289
24,24,French,-9.571403503417969,24.62193489074707
24,25,English,15.154675483703613,1.3378241062164307
24,25,French,-20.590578079223633,12.463281631469727
24,26,English,19.083436965942383,4.6515374183654785
24,26,French,-10.88606071472168,10.762907028198242
24,27,English,11.647616386413574,-15.036905288696289
24,27,French,-18.574520111083984,-11.631664276123047
24,28,English,11.719223976135254,-16.650484085083008
24,28,French,-13.698445320129395,-10.598325729370117
24,29,English,15.597594261169434,-4.606395721435547
24,29,French,-18.325149536132812,1.2768731117248535
24,30,English,9.77828311920166,-7.1514739990234375
24,30,French,-4.14178466796875,-8.151690483093262
24,31,English,19.273712158203125,17.72055435180664
24,31,French,-15.613542556762695,32.54595947265625
24,32,English,12.792012214660645,-14.879671096801758
24,32,French,-13.395485877990723,-14.26152515411377
24,33,English,18.429115295410156,6.918581962585449
24,33,French,-9.37231731414795,13.344923973083496
24,34,English,15.777926445007324,7.772335052490234
24,34,French,-12.278936386108398,9.31155776977539
24,35,English,14.486106872558594,4.308329105377197
24,35,French,-8.615939140319824,12.510387420654297
24,36,English,10.40157699584961,-15.550956726074219
24,36,French,-9.78617000579834,-11.734091758728027
24,37,English,14.983415603637695,-4.297342300415039
24,37,French,-19.659116744995117,-5.483704566955566
24,38,English,15.015793800354004,-11.405271530151367
24,38,French,-19.4482364654541,-15.387035369873047
24,39,English,19.972976684570312,2.9232940673828125
24,39,French,-20.707021713256836,11.537314414978027
24,40,English,19.74835777282715,13.398468971252441
24,40,French,-11.23783016204834,24.53830909729004
24,41,English,19.800859451293945,9.831768035888672
24,41,French,-14.78494644165039,17.144920349121094
24,42,English,18.34688949584961,16.282752990722656
24,42,French,-5.529753684997559,16.479581832885742
24,43,English,16.571565628051758,-3.8547990322113037
24,43,French,-16.117921829223633,-0.1748080998659134
24,44,English,17.71685028076172,13.235044479370117
24,44,French,-13.086453437805176,18.16285514831543
24,45,English,21.93219566345215,17.37881851196289
24,45,French,-11.296218872070312,24.50364112854004
24,46,English,10.798572540283203,-6.15947961807251
24,46,French,-16.667078018188477,-7.123406410217285
24,47,English,9.699424743652344,-6.753115653991699
24,47,French,-20.327608108520508,-2.4169838428497314
24,48,English,10.547201156616211,-12.158686637878418
24,48,French,-16.629268646240234,-3.624666452407837
24,49,English,11.24630355834961,-9.802509307861328
24,49,French,-9.705811500549316,-10.071920394897461
24,50,English,15.146761894226074,-10.628227233886719
24,50,French,-15.69013786315918,-10.266587257385254
24,51,English,21.07378387451172,10.570930480957031
24,51,French,-7.734440803527832,19.23955726623535
24,52,English,18.536727905273438,0.6421188116073608
24,52,French,-11.207958221435547,17.03180503845215
24,53,English,13.090290069580078,-7.064303398132324
24,53,French,-18.227636337280273,-13.671225547790527
24,54,English,14.605084419250488,-8.436766624450684
24,54,French,-18.183027267456055,-9.261606216430664
24,55,English,12.203293800354004,-16.189647674560547
24,55,French,-15.626190185546875,-13.426304817199707
24,56,English,12.886443138122559,-11.71867561340332
24,56,French,-17.86052894592285,-8.365206718444824
24,57,English,16.47957420349121,11.764418601989746
24,57,French,-9.123706817626953,24.27415657043457
24,58,English,16.109682083129883,4.027746677398682
24,58,French,-18.17230796813965,3.875779867172241
24,59,English,18.448945999145508,7.29154634475708
24,59,French,-8.720550537109375,17.595916748046875
24,60,English,13.49732494354248,-10.07997989654541
24,60,French,-16.388626098632812,-9.116243362426758
24,61,English,14.798063278198242,5.605581760406494
24,61,French,-13.240012168884277,8.99372673034668
24,62,English,13.855175018310547,-5.285557746887207
24,62,French,-19.00324058532715,-2.34362530708313
24,63,English,17.594425201416016,4.099857330322266
24,63,French,-16.40264129638672,17.925302505493164
24,64,English,10.690078735351562,-4.63667631149292
24,64,French,-12.46867847442627,-4.3257222175598145
24,65,English,16.20818328857422,6.762202739715576
24,65,French,-12.343526840209961,19.988693237304688
24,66,English,18.682418823242188,5.321041107177734
24,66,French,-7.64794921875,12.627750396728516
24,67,English,20.77547836303711,14.640569686889648
24,67,French,-11.010976791381836,15.781991004943848
24,68,English,13.452033996582031,-13.821380615234375
24,68,French,-16.0627384185791,-11.545381546020508
24,69,English,11.942160606384277,-18.342784881591797
24,69,French,-19.57341957092285,-11.285066604614258
24,70,English,21.51938819885254,11.576410293579102
24,70,French,-13.544587135314941,16.35764503479004
24,71,English,9.276813507080078,-11.638455390930176
24,71,French,-9.423847198486328,-9.089494705200195
24,72,English,17.284475326538086,11.50867748260498
24,72,French,-15.012768745422363,15.167328834533691
24,73,English,16.129045486450195,7.617135047912598
24,73,French,-11.600207328796387,2.392902135848999
24,74,English,13.008273124694824,-11.47742748260498
24,74,French,-19.92841911315918,-10.216378211975098
24,75,English,18.43454933166504,-3.8570826053619385
24,75,French,-17.643665313720703,7.126148223876953
24,76,English,18.366357803344727,5.620972633361816
24,76,French,-10.598016738891602,10.927818298339844
24,77,English,15.505227088928223,4.801416397094727
24,77,French,-10.931909561157227,12.737360000610352
24,78,English,10.683650970458984,-11.743301391601562
24,78,French,-10.867591857910156,-9.917146682739258
24,79,English,13.118525505065918,5.167154788970947
24,79,French,-11.275140762329102,9.074435234069824
24,80,English,9.439352989196777,-18.20138931274414
24,80,French,-14.553881645202637,-14.94832992553711
24,81,English,13.01183795928955,-17.022920608520508
24,81,French,-16.975465774536133,-15.564136505126953
24,82,English,11.290605545043945,-16.643579483032227
24,82,French,-18.310527801513672,-13.24609088897705
24,83,English,18.559978485107422,12.760411262512207
24,83,French,-14.639933586120605,10.137267112731934
24,84,English,12.748929023742676,-13.47421646118164
24,84,French,-15.325067520141602,-13.551582336425781
24,85,English,12.120624542236328,14.714486122131348
24,85,French,-11.138521194458008,18.22265625
24,86,English,17.239200592041016,-0.6036244034767151
24,86,French,-12.896875381469727,4.2534499168396
24,87,English,13.058032989501953,-10.246207237243652
24,87,French,-17.161956787109375,-9.011995315551758
24,88,English,12.887458801269531,-16.266756057739258
24,88,French,-19.992212295532227,-14.943399429321289
24,89,English,11.29955005645752,-12.26896858215332
24,89,French,-12.601408004760742,-10.250873565673828
24,90,English,11.885780334472656,-17.370710372924805
24,90,French,-17.975936889648438,-12.512693405151367
24,91,English,13.232889175415039,-12.877811431884766
24,91,French,-17.014575958251953,-10.447820663452148
24,92,English,16.99972915649414,1.9492181539535522
24,92,French,-16.107208251953125,-2.101253032684326
24,93,English,13.355445861816406,-12.042585372924805
24,93,French,-17.69442367553711,-9.677704811096191
24,94,English,13.722511291503906,-11.408990859985352
24,94,French,-21.187877655029297,-8.442400932312012
24,95,English,9.362688064575195,-13.208252906799316
24,95,French,-14.928886413574219,-9.38780403137207
24,96,English,13.527034759521484,-2.6141459941864014
24,96,French,-14.908537864685059,-4.895347595214844
24,97,English,15.362213134765625,-0.036803167313337326
24,97,French,-17.99462890625,2.464686870574951
24,98,English,13.066119194030762,-12.607341766357422
24,98,French,-12.730367660522461,-9.129049301147461
24,99,English,11.186847686767578,-13.563302040100098
24,99,French,-14.13936996459961,-11.114877700805664
24,100,English,17.273733139038086,15.104259490966797
24,100,French,-8.36319637298584,21.344776153564453
24,101,English,11.637019157409668,-14.03443431854248
24,101,French,-15.915165901184082,-11.914536476135254
24,102,English,12.405725479125977,25.285541534423828
24,102,French,-2.224329948425293,27.977956771850586
24,103,English,20.547500610351562,15.064318656921387
24,103,French,-9.311752319335938,20.544809341430664
24,104,English,19.23946762084961,11.21834659576416
24,104,French,-3.965834856033325,19.612348556518555
24,105,English,13.443617820739746,15.056986808776855
24,105,French,0.39075973629951477,25.539405822753906
24,106,English,14.205316543579102,-8.393167495727539
24,106,French,-12.489995002746582,-4.698383331298828
24,107,English,16.497821807861328,1.302204966545105
24,107,French,-15.951460838317871,5.766748428344727
24,108,English,18.272930145263672,5.113692283630371
24,108,French,-19.916168212890625,27.491113662719727
24,109,English,16.493640899658203,9.961626052856445
24,109,French,-15.42723274230957,13.247551918029785
24,110,English,10.714334487915039,-17.33179473876953
24,110,French,-14.710636138916016,-7.217085838317871
24,111,English,12.219470977783203,-3.101356029510498
24,111,French,-11.612595558166504,0.5688262581825256
24,112,English,10.203048706054688,-13.153849601745605
24,112,French,-16.43789291381836,-12.575368881225586
24,113,English,14.798371315002441,-1.4611420631408691
24,113,French,-21.26715660095215,11.375175476074219
24,114,English,19.802318572998047,12.77980899810791
24,114,French,-10.714066505432129,19.824384689331055
24,115,English,10.74835205078125,-10.478485107421875
24,115,French,-11.781405448913574,-10.157673835754395
24,116,English,22.43291664123535,10.4762544631958
24,116,French,-16.2954158782959,16.098087310791016
24,117,English,13.573355674743652,-14.982500076293945
24,117,French,-13.356197357177734,-5.098353862762451
24,118,English,2.152961492538452,-16.249008178710938
24,118,French,-16.632659912109375,-13.454878807067871
24,119,English,11.869290351867676,-17.788700103759766
24,119,French,-19.56534767150879,-15.56921100616455
24,120,English,16.739316940307617,-0.8964345455169678
24,120,French,-16.071243286132812,-0.16290482878684998
24,121,English,12.640571594238281,-7.606419086456299
24,121,French,-7.955691814422607,-3.3615920543670654
24,122,English,-4.173403263092041,-5.721996307373047
24,122,French,-14.267602920532227,-7.516499996185303
24,123,English,17.5948543548584,2.6093223094940186
24,123,French,-15.204573631286621,16.595638275146484
24,124,English,14.855792045593262,26.456186294555664
24,124,French,-16.404451370239258,22.672197341918945
24,125,English,20.1989803314209,7.225707054138184
24,125,French,-14.222018241882324,19.141693115234375
24,126,English,23.287109375,18.2728271484375
24,126,French,-15.44844913482666,24.0777530670166
24,127,English,12.75256061553955,-13.11229133605957
24,127,French,-17.714202880859375,-11.314101219177246
24,128,English,10.62488842010498,-5.388617515563965
24,128,French,-15.901848793029785,-4.658984661102295
24,129,English,10.004844665527344,-18.42171287536621
24,129,French,-16.563873291015625,-14.36355972290039
24,130,English,11.435115814208984,-12.992452621459961
24,130,French,-18.717527389526367,-11.8380126953125
24,131,English,9.285591125488281,-12.733954429626465
24,131,French,-16.443647384643555,-13.080411911010742
24,132,English,11.579392433166504,-14.6397123336792
24,132,French,-14.58083724975586,-13.517504692077637
24,133,English,11.371496200561523,-13.173148155212402
24,133,French,-19.830625534057617,-8.996207237243652
24,134,English,10.779261589050293,-13.80850601196289
24,134,French,-17.595670700073242,-12.183085441589355
24,135,English,8.723663330078125,-14.05052661895752
24,135,French,-15.287776947021484,-12.977851867675781
24,136,English,11.82062816619873,4.888570308685303
24,136,French,-7.981696128845215,14.9588623046875
24,137,English,16.192476272583008,3.505263328552246
24,137,French,-13.145316123962402,10.442686080932617
24,138,English,20.674617767333984,8.30337142944336
24,138,French,-16.05357551574707,18.581918716430664
24,139,English,12.390932083129883,-14.19005012512207
24,139,French,-18.64082908630371,-9.018305778503418
24,140,English,19.56075668334961,6.185866832733154
24,140,French,-14.858903884887695,20.173254013061523
24,141,English,12.715943336486816,-13.96081829071045
24,141,French,-15.733768463134766,-14.421514511108398
24,142,English,13.551403045654297,-13.48544979095459
24,142,French,-17.360666275024414,-12.186250686645508
24,143,English,12.886155128479004,-14.548938751220703
24,143,French,-19.75285530090332,-12.807129859924316
24,144,English,15.140119552612305,-10.938276290893555
24,144,French,-17.72218132019043,-9.354785919189453
24,145,English,11.838143348693848,-13.951984405517578
24,145,French,-18.11119842529297,-10.329578399658203
24,146,English,13.713878631591797,-10.131999015808105
24,146,French,-19.751516342163086,-11.368280410766602
24,147,English,15.892777442932129,8.491538047790527
24,147,French,-11.670147895812988,22.835233688354492
24,148,English,11.60521411895752,-14.541196823120117
24,148,French,-15.450556755065918,-14.099356651306152
24,149,English,17.628334045410156,20.731769561767578
24,149,French,-12.469156265258789,28.667009353637695
24,150,English,17.704870223999023,16.827280044555664
24,150,French,-14.284589767456055,18.23324966430664
24,151,English,13.765621185302734,-4.932112693786621
24,151,French,-17.930307388305664,0.6631878614425659
24,152,English,18.013582229614258,5.399766445159912
24,152,French,-21.087488174438477,11.831690788269043
24,153,English,13.429609298706055,-9.81970500946045
24,153,French,-16.98058319091797,-4.158691883087158
24,154,English,12.090213775634766,-12.55603313446045
24,154,French,-15.634734153747559,-12.662766456604004
24,155,English,10.681440353393555,-15.18851375579834
24,155,French,-16.9184627532959,-16.322114944458008
24,156,English,11.589631080627441,-16.646617889404297
24,156,French,-17.154163360595703,-12.880691528320312
24,157,English,21.318817138671875,9.726327896118164
24,157,French,-15.417083740234375,12.456108093261719
24,158,English,18.925674438476562,11.798359870910645
24,158,French,-12.438889503479004,10.911961555480957
24,159,English,20.964244842529297,17.7436466217041
24,159,French,-14.179802894592285,24.634159088134766
24,160,English,11.723825454711914,-15.646472930908203
24,160,French,-19.253156661987305,-14.797466278076172
24,161,English,13.50391960144043,-4.654239177703857
24,161,French,-16.909101486206055,-0.9493787884712219
24,162,English,18.200359344482422,6.4698286056518555
24,162,French,-12.24808120727539,9.164859771728516
24,163,English,23.572280883789062,15.54255199432373
24,163,French,-14.193321228027344,20.37590980529785
24,164,English,13.413702964782715,-11.66512393951416
24,164,French,-15.284738540649414,-10.868453979492188
24,165,English,12.027018547058105,2.455127477645874
24,165,French,-9.567381858825684,-3.973428249359131
24,166,English,16.251155853271484,12.338065147399902
24,166,French,-12.899615287780762,31.173213958740234
24,167,English,21.074129104614258,13.781644821166992
24,167,French,-15.650514602661133,21.823001861572266
24,168,English,14.907356262207031,3.7218096256256104
24,168,French,-9.21003246307373,16.490392684936523
24,169,English,12.86977481842041,-13.607560157775879
24,169,French,-20.197324752807617,-15.285420417785645
24,170,English,20.60910987854004,12.216863632202148
24,170,French,-8.185968399047852,21.144851684570312
24,171,English,19.387182235717773,8.270845413208008
24,171,French,-16.522777557373047,18.392066955566406
24,172,English,19.29974365234375,12.078008651733398
24,172,French,-11.311468124389648,16.597911834716797
24,173,English,18.174285888671875,11.178898811340332
24,173,French,-15.330450057983398,22.70088768005371
24,174,English,11.186625480651855,-19.075122833251953
24,174,French,-20.36174964904785,-14.292078971862793
24,175,English,13.020872116088867,-10.679898262023926
24,175,French,-12.865545272827148,-7.903765678405762
24,176,English,18.191205978393555,12.366619110107422
24,176,French,-14.84539794921875,22.89078712463379
24,177,English,9.84377670288086,-3.14833402633667
24,177,French,-17.237655639648438,-5.4293975830078125
24,178,English,16.915180206298828,0.03114267997443676
24,178,French,-18.110628128051758,-4.107014179229736
24,179,English,13.068450927734375,-9.305337905883789
24,179,French,-13.201482772827148,-6.099209308624268
24,180,English,19.58163833618164,17.37546730041504
24,180,French,-8.778641700744629,14.81020450592041
24,181,English,13.669074058532715,-6.259776592254639
24,181,French,-12.608009338378906,-6.63922643661499
24,182,English,14.23396110534668,-7.6539692878723145
24,182,French,-14.579124450683594,-7.444909572601318
24,183,English,9.505702018737793,-12.17685604095459
24,183,French,-13.157564163208008,-12.72610092163086
24,184,English,19.51738739013672,19.96155548095703
24,184,French,-13.113483428955078,17.180776596069336
24,185,English,15.750113487243652,-3.5506927967071533
24,185,French,-15.876070022583008,5.868814468383789
24,186,English,16.363075256347656,-9.610322952270508
24,186,French,-20.664337158203125,-9.681794166564941
24,187,English,11.64706039428711,-18.549293518066406
24,187,French,-17.291759490966797,-13.775433540344238
24,188,English,10.53099250793457,-11.194658279418945
24,188,French,-15.55452823638916,-9.748404502868652
24,189,English,18.576509475708008,9.980612754821777
24,189,French,-14.308396339416504,17.35812759399414
24,190,English,22.0595760345459,24.056636810302734
24,190,French,-8.920333862304688,29.95855712890625
24,191,English,18.17673110961914,14.124397277832031
24,191,French,-15.744383811950684,24.821687698364258
24,192,English,16.454519271850586,12.288692474365234
24,192,French,-13.931087493896484,3.8242552280426025
24,193,English,11.273172378540039,-14.33310317993164
24,193,French,-20.080198287963867,-12.337425231933594
24,194,English,12.454961776733398,-11.17177677154541
24,194,French,-14.393686294555664,-10.888720512390137
24,195,English,12.515889167785645,-10.516602516174316
24,195,French,-16.322227478027344,-9.123298645019531
24,196,English,11.632930755615234,-12.660552978515625
24,196,French,-15.294716835021973,-13.474353790283203
24,197,English,11.360101699829102,-15.179326057434082
24,197,French,-19.681684494018555,-12.189047813415527
24,198,English,18.68499755859375,6.244503021240234
24,198,French,-18.619173049926758,5.485644340515137
24,199,English,10.952194213867188,-16.860729217529297
24,199,French,-16.270160675048828,-13.679359436035156
25,0,English,19.500917434692383,18.856578826904297
25,0,French,-14.349167823791504,17.018829345703125
25,1,English,15.068534851074219,-1.9674994945526123
25,1,French,-14.484511375427246,-8.407171249389648
25,2,English,18.021751403808594,8.118175506591797
25,2,French,-22.53695297241211,8.567296028137207
25,3,English,12.566569328308105,-6.155096530914307
25,3,French,-11.978009223937988,-11.707983016967773
25,4,English,15.46220588684082,-13.108076095581055
25,4,French,-16.376487731933594,-17.848751068115234
25,5,English,17.855104446411133,19.38833236694336
25,5,French,-19.39640235900879,27.395153045654297
25,6,English,10.578245162963867,-11.904263496398926
25,6,French,-10.539793014526367,-13.670283317565918
25,7,English,13.812332153320312,-10.545300483703613
25,7,French,-13.209919929504395,-14.355559349060059
25,8,English,8.950977325439453,16.053857803344727
25,8,French,-19.880027770996094,14.233738899230957
25,9,English,14.885226249694824,-4.248032569885254
25,9,French,-8.10224437713623,-6.90584135055542
25,10,English,16.65782356262207,-6.4030914306640625
25,10,French,-20.085355758666992,4.647145748138428
25,11,English,14.673580169677734,-11.50507640838623
25,11,French,-15.546300888061523,0.6862540245056152
25,12,English,7.7081828117370605,5.397002220153809
25,12,French,-12.358355522155762,6.489664554595947
25,13,English,15.421613693237305,12.495672225952148
25,13,French,-15.275238990783691,17.101150512695312
25,14,English,14.130908966064453,-11.486687660217285
25,14,French,-11.969647407531738,-13.07774543762207
25,15,English,12.738912582397461,-13.586712837219238
25,15,French,-10.015421867370605,-14.481426239013672
25,16,English,16.538801193237305,-2.3346059322357178
25,16,French,-13.405694007873535,-10.355751037597656
25,17,English,14.7068510055542,0.8682798147201538
25,17,French,-16.50038719177246,-0.1177496463060379
25,18,English,16.56970977783203,13.624077796936035
25,18,French,-16.300992965698242,22.359966278076172
25,19,English,13.504382133483887,-13.725128173828125
25,19,French,-14.32492446899414,-15.905238151550293
25,20,English,14.947054862976074,2.150167226791382
25,20,French,-15.412790298461914,7.501587867736816
25,21,English,15.18574333190918,-4.849914073944092
25,21,French,-16.724782943725586,-9.91269588470459
25,22,English,17.10626983642578,18.51045036315918
25,22,French,-18.2504940032959,18.61586570739746
25,23,English,13.294650077819824,-12.638129234313965
25,23,French,-15.209494590759277,-15.324601173400879
25,24,English,19.92743682861328,19.088150024414062
25,24,French,-13.580269813537598,24.655405044555664
25,25,English,15.418540954589844,2.4886295795440674
25,25,French,-21.97327995300293,9.350053787231445
25,26,English,19.416065216064453,6.619678497314453
25,26,French,-13.29422378540039,9.824542045593262
25,27,English,14.337800979614258,-13.728245735168457
25,27,French,-16.869503021240234,-14.254873275756836
25,28,English,13.859135627746582,-15.224905014038086
25,28,French,-12.795215606689453,-12.038348197937012
25,29,English,16.834028244018555,-3.086106777191162
25,29,French,-18.336971282958984,-1.1828936338424683
25,30,English,10.162453651428223,-5.061095237731934
25,30,French,-3.7423202991485596,-8.401001930236816
25,31,English,16.03640365600586,20.10122299194336
25,31,French,-21.861621856689453,31.286460876464844
25,32,English,15.011890411376953,-12.783591270446777
25,32,French,-11.399236679077148,-15.728649139404297
25,33,English,18.32938575744629,8.599783897399902
25,33,French,-12.821773529052734,13.516352653503418
25,34,English,14.775481224060059,9.123213768005371
25,34,French,-14.525359153747559,7.538506031036377
25,35,English,14.254678726196289,6.540114402770996
25,35,French,-11.900971412658691,12.424032211303711
25,36,English,12.952762603759766,-14.292317390441895
25,36,French,-8.124261856079102,-13.368273735046387
25,37,English,15.983660697937012,-2.384234666824341
25,37,French,-18.179689407348633,-7.858449459075928
25,38,English,16.912137985229492,-9.288101196289062
25,38,French,-15.570685386657715,-18.375732421875
25,39,English,20.08778190612793,5.592412948608398
25,39,French,-22.10366439819336,8.514902114868164
25,40,English,18.357995986938477,15.187426567077637
25,40,French,-15.639424324035645,24.121076583862305
25,41,English,18.435012817382812,12.19570541381836
25,41,French,-17.730093002319336,15.409470558166504
25,42,English,16.205087661743164,18.055191040039062
25,42,French,-8.433496475219727,16.954240798950195
25,43,English,17.739755630493164,-2.538769483566284
25,43,French,-15.541975021362305,-3.1177690029144287
25,44,English,15.569599151611328,15.505782127380371
25,44,French,-16.342544555664062,16.598087310791016
25,45,English,19.92743682861328,19.088150024414062
25,45,French,-15.089739799499512,24.189973831176758
25,46,English,11.391227722167969,-4.86067533493042
25,46,French,-15.4364595413208,-9.465166091918945
25,47,English,10.688497543334961,-5.969942569732666
25,47,French,-19.671934127807617,-5.160031318664551
25,48,English,12.340960502624512,-10.5438814163208
25,48,French,-15.990615844726562,-5.331340312957764
25,49,English,12.124133110046387,-7.23896598815918
25,49,French,-8.537459373474121,-10.587312698364258
25,50,English,17.099637985229492,-8.364784240722656
25,50,French,-14.199974060058594,-12.354445457458496
25,51,English,20.15831756591797,11.598855972290039
25,51,French,-9.90456485748291,17.76552391052246
25,52,English,19.910472869873047,2.679340124130249
25,52,French,-14.60953426361084,16.17140007019043
25,53,English,13.758174896240234,-4.600137710571289
25,53,French,-16.34404945373535,-16.301593780517578
25,54,English,16.10207748413086,-6.818856239318848
25,54,French,-16.185394287109375,-11.84106731414795
25,55,English,14.269742965698242,-13.573543548583984
25,55,French,-13.800348281860352,-15.232162475585938
25,56,English,15.1586275100708,-9.786396026611328
25,56,French,-16.481359481811523,-11.27128791809082
25,57,English,14.496374130249023,12.667917251586914
25,57,French,-13.425834655761719,23.043495178222656
25,58,English,15.889299392700195,6.10377311706543
25,58,French,-18.29131507873535,1.531031608581543
25,59,English,17.797094345092773,8.657478332519531
25,59,French,-12.226015090942383,17.290618896484375
25,60,English,15.330667495727539,-8.294846534729004
25,60,French,-15.355868339538574,-11.307365417480469
25,61,English,13.159738540649414,7.870098114013672
25,61,French,-14.799423217773438,8.010887145996094
25,62,English,14.577199935913086,-3.249160051345825
25,62,French,-19.146623611450195,-4.653565883636475
25,63,English,17.830516815185547,5.5015668869018555
25,63,French,-20.552799224853516,16.587032318115234
25,64,English,10.638100624084473,-2.5433483123779297
25,64,French,-12.20615005493164,-5.756807327270508
25,65,English,15.440120697021484,8.660625457763672
25,65,French,-15.777688026428223,18.605119705200195
25,66,English,18.54547882080078,6.975106716156006
25,66,French,-10.393977165222168,11.904150009155273
25,67,English,18.749237060546875,16.535865783691406
25,67,French,-13.704231262207031,14.636777877807617
25,68,English,15.657999038696289,-11.62873649597168
25,68,French,-13.639028549194336,-14.039183616638184
25,69,English,15.23062515258789,-16.533044815063477
25,69,French,-17.660263061523438,-14.003265380859375
25,70,English,20.994762420654297,12.85507869720459
25,70,French,-16.78173828125,15.436641693115234
25,71,English,11.296034812927246,-10.24036693572998
25,71,French,-8.100662231445312,-9.731827735900879
25,72,English,15.572245597839355,13.56938362121582
25,72,French,-17.424951553344727,12.899520874023438
25,73,English,15.145424842834473,9.297201156616211
25,73,French,-12.23200511932373,1.235148310661316
25,74,English,15.099506378173828,-9.326154708862305
25,74,French,-17.419466018676758,-13.537506103515625
25,75,English,20.142972946166992,-2.6733338832855225
25,75,French,-18.3847599029541,4.9330010414123535
25,76,English,18.352643966674805,7.5080342292785645
25,76,French,-12.46091365814209,8.644905090332031
25,77,English,14.671762466430664,6.295355796813965
25,77,French,-14.266494750976562,11.42983341217041
25,78,English,11.717641830444336,-9.995868682861328
25,78,French,-9.480170249938965,-11.183976173400879
25,79,English,12.137885093688965,7.3961052894592285
25,79,French,-13.458599090576172,8.470160484313965
25,80,English,12.335516929626465,-16.809309005737305
25,80,French,-12.233448028564453,-17.0888671875
25,81,English,16.064125061035156,-15.530757904052734
25,81,French,-13.728056907653809,-18.33466339111328
25,82,English,13.949411392211914,-14.67469310760498
25,82,French,-15.925814628601074,-16.406282424926758
25,83,English,16.975893020629883,15.09449577331543
25,83,French,-17.192466735839844,8.713147163391113
25,84,English,14.689029693603516,-11.346126556396484
25,84,French,-12.761541366577148,-15.761250495910645
25,85,English,10.613343238830566,16.634706497192383
25,85,French,-15.140764236450195,17.54001235961914
25,86,English,17.957033157348633,1.1220506429672241
25,86,French,-14.61445140838623,2.5403239727020264
25,87,English,15.00326919555664,-8.35671329498291
25,87,French,-15.74203872680664,-11.76123046875
25,88,English,15.45456314086914,-14.225015640258789
25,88,French,-17.34391212463379,-18.534029006958008
25,89,English,13.196768760681152,-10.533914566040039
25,89,French,-11.043079376220703,-11.89143180847168
25,90,English,14.831537246704102,-15.606100082397461
25,90,French,-15.82975959777832,-14.725435256958008
25,91,English,15.041933059692383,-10.988837242126465
25,91,French,-15.905837059020996,-12.894763946533203
25,92,English,16.865798950195312,3.9090919494628906
25,92,French,-16.403545379638672,-4.545273780822754
25,93,English,14.858248710632324,-10.03149127960205
25,93,French,-16.089468002319336,-12.247637748718262
25,94,English,15.721729278564453,-10.376322746276855
25,94,French,-19.508705139160156,-12.087630271911621
25,95,English,10.997427940368652,-11.393572807312012
25,95,French,-13.240135192871094,-11.244140625
25,96,English,14.037212371826172,-0.9203595519065857
25,96,French,-14.039470672607422,-6.757078647613525
25,97,English,15.535202980041504,2.023998498916626
25,97,French,-18.936321258544922,-0.46365007758140564
25,98,English,15.235441207885742,-10.754739761352539
25,98,French,-11.354167938232422,-10.91238784790039
25,99,English,13.42805004119873,-11.396564483642578
25,99,French,-12.243577003479004,-12.407793045043945
25,100,English,15.075797080993652,17.164173126220703
25,100,French,-11.661347389221191,20.278217315673828
25,101,English,14.357769966125488,-11.99198055267334
25,101,French,-13.853888511657715,-13.911966323852539
25,102,English,7.784782409667969,27.585847854614258
25,102,French,-7.569015979766846,28.38503646850586
25,103,English,19.13983154296875,17.108139038085938
25,103,French,-12.504887580871582,19.745914459228516
25,104,English,18.310787200927734,13.298202514648438
25,104,French,-8.483866691589355,20.356651306152344
25,105,English,9.429330825805664,17.519859313964844
25,105,French,-3.3858859539031982,26.570316314697266
25,106,English,15.760124206542969,-6.22294807434082
25,106,French,-11.6260404586792,-6.290621280670166
25,107,English,16.550249099731445,3.0392041206359863
25,107,French,-17.95918083190918,4.529138565063477
25,108,English,17.553627014160156,6.923122882843018
25,108,French,-23.39644432067871,24.476646423339844
25,109,English,14.963808059692383,11.346858024597168
25,109,French,-18.630521774291992,11.539013862609863
25,110,English,13.658185005187988,-14.921512603759766
25,110,French,-13.950753211975098,-9.30384635925293
25,111,English,12.968905448913574,-0.9615368247032166
25,111,French,-11.981119155883789,-1.067426323890686
25,112,English,11.482264518737793,-11.64974308013916
25,112,French,-14.659055709838867,-14.858619689941406
25,113,English,15.951598167419434,0.8503553867340088
25,113,French,-22.76677131652832,7.656172275543213
25,114,English,18.32976722717285,12.991561889648438
25,114,French,-15.04721450805664,19.36191177368164
25,115,English,11.995295524597168,-8.493865013122559
25,115,French,-10.456464767456055,-11.226165771484375
25,116,English,21.329578399658203,13.444722175598145
25,116,French,-18.53078842163086,14.41156005859375
25,117,English,15.596078872680664,-13.997465133666992
25,117,French,-13.26082706451416,-5.838566780090332
25,118,English,4.967819690704346,-15.912370681762695
25,118,French,-14.447927474975586,-16.126136779785156
25,119,English,15.046247482299805,-15.304450035095215
25,119,French,-16.19491195678711,-18.101146697998047
25,120,English,16.690017700195312,1.2688847780227661
25,120,French,-16.61013412475586,-1.7284131050109863
25,121,English,13.940408706665039,-5.7217559814453125
25,121,French,-7.717265605926514,-4.000563621520996
25,122,English,-3.541459083557129,-6.179363250732422
25,122,French,-12.345114707946777,-9.320024490356445
25,123,English,18.263975143432617,4.82899808883667
25,123,French,-17.105459213256836,13.571362495422363
25,124,English,10.352561950683594,28.652170181274414
25,124,French,-19.921953201293945,20.021203994750977
25,125,English,19.188417434692383,9.285496711730957
25,125,French,-17.87164306640625,16.925378799438477
25,126,English,20.654233932495117,21.134607315063477
25,126,French,-16.94886016845703,22.28850746154785
25,127,English,15.002913475036621,-11.568602561950684
25,127,French,-15.638672828674316,-13.387389183044434
25,128,English,10.638321876525879,-3.434979200363159
25,128,French,-15.230957984924316,-6.462151527404785
25,129,English,13.16926097869873,-16.471466064453125
25,129,French,-14.375231742858887,-16.698930740356445
25,130,English,13.34962272644043,-10.898781776428223
25,130,French,-16.383031845092773,-14.352540969848633
25,131,English,11.319574356079102,-11.384201049804688
25,131,French,-13.92046070098877,-15.616050720214844
25,132,English,13.402640342712402,-12.343697547912598
25,132,French,-12.584228515625,-15.304948806762695
25,133,English,13.633493423461914,-11.723668098449707
25,133,French,-18.505250930786133,-11.823137283325195
25,134,English,13.284345626831055,-11.853039741516113
25,134,French,-15.497781753540039,-14.42189884185791
25,135,English,11.05051040649414,-12.149341583251953
25,135,French,-13.135586738586426,-14.814382553100586
25,136,English,9.90643310546875,6.404171943664551
25,136,French,-11.611842155456543,15.469636917114258
25,137,English,15.888348579406738,5.273125171661377
25,137,French,-15.114924430847168,8.940340042114258
25,138,English,19.906709671020508,10.601963996887207
25,138,French,-20.05864906311035,16.97270965576172
25,139,English,14.588798522949219,-12.387260437011719
25,139,French,-17.988025665283203,-11.663408279418945
25,140,English,19.190181732177734,8.395641326904297
25,140,French,-17.540233612060547,17.965572357177734
25,141,English,15.091063499450684,-11.937592506408691
25,141,French,-12.960555076599121,-17.16422462463379
25,142,English,15.520944595336914,-10.960570335388184
25,142,French,-15.812215805053711,-14.135880470275879
25,143,English,14.745529174804688,-12.600481033325195
25,143,French,-17.612504959106445,-15.724830627441406
25,144,English,16.77956771850586,-8.603575706481934
25,144,French,-16.651155471801758,-11.36950969696045
25,145,English,14.029779434204102,-12.324901580810547
25,145,French,-16.06358528137207,-13.055691719055176
25,146,English,15.076186180114746,-7.7482008934021
25,146,French,-17.338830947875977,-14.968661308288574
25,147,English,14.490252494812012,11.007216453552246
25,147,French,-15.7230806350708,22.518999099731445
25,148,English,13.395559310913086,-12.185091018676758
25,148,French,-13.138463020324707,-16.730857849121094
25,149,English,14.788896560668945,22.597957611083984
25,149,French,-16.97893524169922,27.072404861450195
25,150,English,15.13864517211914,19.510915756225586
25,150,French,-18.519304275512695,17.421798706054688
25,151,English,14.215274810791016,-3.360093355178833
25,151,French,-18.152389526367188,-1.6053584814071655
25,152,English,18.3653564453125,6.984997749328613
25,152,French,-22.924015045166016,8.97299575805664
25,153,English,15.189680099487305,-8.113210678100586
25,153,French,-16.43889045715332,-6.378230571746826
25,154,English,14.341963768005371,-10.095490455627441
25,154,French,-13.699970245361328,-14.556862831115723
25,155,English,13.308335304260254,-13.16441822052002
25,155,French,-13.972023963928223,-18.61415672302246
25,156,English,13.962618827819824,-14.845077514648438
25,156,French,-15.317610740661621,-15.12198543548584
25,157,English,21.104005813598633,11.15367317199707
25,157,French,-17.380800247192383,10.55147933959961
25,158,English,17.633840560913086,13.286026000976562
25,158,French,-14.177664756774902,8.716719627380371
25,159,English,17.98086929321289,20.32253074645996
25,159,French,-19.436933517456055,23.791980743408203
25,160,English,14.222182273864746,-13.455248832702637
25,160,French,-16.849403381347656,-18.074520111083984
25,161,English,14.9213285446167,-3.7368690967559814
25,161,French,-17.10030746459961,-3.060616970062256
25,162,English,18.368043899536133,7.285585880279541
25,162,French,-14.28662395477295,8.6927490234375
25,163,English,21.327043533325195,17.55816650390625
25,163,French,-19.06838035583496,19.205955505371094
25,164,English,14.662312507629395,-9.55526065826416
25,164,French,-12.900670051574707,-13.223949432373047
25,165,English,11.444427490234375,3.3186142444610596
25,165,French,-8.28072738647461,-6.354557037353516
25,166,English,14.846902847290039,12.991398811340332
25,166,French,-17.710981369018555,30.63005828857422
25,167,English,18.899131774902344,16.47099494934082
25,167,French,-18.71333122253418,19.09176254272461
25,168,English,14.441817283630371,6.2674078941345215
25,168,French,-11.661053657531738,14.999061584472656
25,169,English,14.872965812683105,-11.26779842376709
25,169,French,-17.158733367919922,-18.548246383666992
25,170,English,19.289886474609375,13.261119842529297
25,170,French,-11.711588859558105,20.2556095123291
25,171,English,18.789527893066406,9.845377922058105
25,171,French,-19.312602996826172,15.970235824584961
25,172,English,18.2790584564209,13.455699920654297
25,172,French,-14.478374481201172,15.688660621643066
25,173,English,16.83388328552246,12.57160472869873
25,173,French,-20.31485939025879,21.589351654052734
25,174,English,14.510271072387695,-17.314498901367188
25,174,French,-18.84892463684082,-17.16916275024414
25,175,English,15.426342010498047,-9.0559720993042
25,175,French,-11.659862518310547,-9.460226058959961
25,176,English,16.20383644104004,14.301098823547363
25,176,French,-19.334897994995117,22.529186248779297
25,177,English,10.613851547241211,-1.9107978343963623
25,177,French,-16.853662490844727,-7.8232855796813965
25,178,English,16.77662467956543,2.304672956466675
25,178,French,-17.434566497802734,-7.007740020751953
25,179,English,14.608309745788574,-7.1637139320373535
25,179,French,-11.80718994140625,-7.793449401855469
25,180,English,17.17096519470215,19.904748916625977
25,180,French,-11.33008861541748,13.786149024963379
25,181,English,14.87023639678955,-4.584920406341553
25,181,French,-11.386147499084473,-8.37640380859375
25,182,English,15.229016304016113,-5.949018955230713
25,182,French,-13.590254783630371,-9.29676342010498
25,183,English,10.59483814239502,-9.687479019165039
25,183,French,-11.338034629821777,-14.192228317260742
25,184,English,16.845937728881836,21.70869255065918
25,184,French,-15.058197975158691,15.698238372802734
25,185,English,16.762191772460938,-2.061569929122925
25,185,French,-17.37502098083496,3.9610538482666016
25,186,English,18.01615333557129,-7.667994022369385
25,186,French,-18.693063735961914,-12.74124526977539
25,187,English,14.485158920288086,-16.90329933166504
25,187,French,-15.533941268920898,-16.502906799316406
25,188,English,11.848854064941406,-9.392646789550781
25,188,French,-14.507467269897461,-11.607457160949707
25,189,English,17.303733825683594,11.796411514282227
25,189,French,-17.669038772583008,15.643452644348145
25,190,English,19.5758056640625,25.096389770507812
25,190,French,-14.434317588806152,30.095598220825195
25,191,English,17.025678634643555,13.68139362335205
25,191,French,-19.670392990112305,23.488239288330078
25,192,English,14.204045295715332,14.598936080932617
25,192,French,-15.877873420715332,2.818978786468506
25,193,English,14.01753044128418,-12.912749290466309
25,193,French,-17.575382232666016,-15.26933479309082
25,194,English,14.084589958190918,-9.683550834655762
25,194,French,-12.768860816955566,-12.716790199279785
25,195,English,14.713470458984375,-9.140230178833008
25,195,French,-14.896137237548828,-11.219476699829102
25,196,English,13.807535171508789,-10.89673137664795
25,196,French,-12.69051742553711,-15.788518905639648
25,197,English,13.500723838806152,-13.729436874389648
25,197,French,-16.904285430908203,-15.377703666687012
25,198,English,17.818195343017578,7.4143218994140625
25,198,French,-19.974308013916016,2.7470457553863525
25,199,English,13.897321701049805,-14.95069694519043
25,199,French,-13.838841438293457,-16.078577041625977
26,0,English,20.75779151916504,17.51443099975586
26,0,French,-11.187573432922363,19.319467544555664
26,1,English,14.747405052185059,-1.7644736766815186
26,1,French,-15.440905570983887,-7.678605079650879
26,2,English,18.042068481445312,7.390510559082031
26,2,French,-21.36017608642578,8.83389663696289
26,3,English,12.349464416503906,-6.965184688568115
26,3,French,-12.157329559326172,-10.53866195678711
26,4,English,14.396993637084961,-13.05749797821045
26,4,French,-17.921001434326172,-17.407733917236328
26,5,English,18.120271682739258,16.331321716308594
26,5,French,-16.64208221435547,29.338563919067383
26,6,English,10.055941581726074,-12.279953956604004
26,6,French,-11.5020112991333,-12.538190841674805
26,7,English,13.217926025390625,-10.006773948669434
26,7,French,-13.908346176147461,-12.048851013183594
26,8,English,11.814461708068848,13.040356636047363
26,8,French,-18.6961669921875,13.67697525024414
26,9,English,14.566423416137695,-5.585186958312988
26,9,French,-8.04783821105957,-6.230607032775879
26,10,English,15.554606437683105,-7.26439094543457
26,10,French,-19.655254364013672,6.804101943969727
26,11,English,13.397377967834473,-12.125840187072754
26,11,French,-14.204024314880371,0.9057747721672058
26,12,English,8.598925590515137,5.86064338684082
26,12,French,-11.196250915527344,8.396602630615234
26,13,English,14.870980262756348,10.9220552444458
26,13,French,-13.801888465881348,18.985912322998047
26,14,English,13.800834655761719,-11.379700660705566
26,14,French,-12.381041526794434,-13.269548416137695
26,15,English,11.707171440124512,-13.786314964294434
26,15,French,-11.089872360229492,-13.780269622802734
26,16,English,15.882862091064453,-3.57303524017334
26,16,French,-14.16971492767334,-10.494548797607422
26,17,English,14.298892974853516,-1.0571659803390503
26,17,French,-15.646777153015137,1.5850931406021118
26,18,English,17.158098220825195,12.20959758758545
26,18,French,-14.431418418884277,22.813020706176758
26,19,English,12.464795112609863,-13.364309310913086
26,19,French,-15.929792404174805,-14.656444549560547
26,20,English,14.299860954284668,1.777486801147461
26,20,French,-14.363581657409668,7.854475021362305
26,21,English,14.949063301086426,-5.968147277832031
26,21,French,-17.250877380371094,-8.924097061157227
26,22,English,18.139636993408203,14.991852760314941
26,22,French,-16.014692306518555,19.810575485229492
26,23,English,12.718644142150879,-12.263526916503906
26,23,French,-16.51058006286621,-13.52893352508545
26,24,English,21.117780685424805,16.16837501525879
26,24,French,-10.6998291015625,25.496849060058594
26,25,English,14.387530326843262,0.8483816385269165
26,25,French,-21.458309173583984,11.253161430358887
26,26,English,19.088546752929688,5.075172424316406
26,26,French,-11.628438949584961,10.792906761169434
26,27,English,13.148799896240234,-13.512977600097656
26,27,French,-18.14816665649414,-13.171993255615234
26,28,English,12.882625579833984,-14.33267879486084
26,28,French,-13.455228805541992,-11.066798210144043
26,29,English,16.62261390686035,-3.838789701461792
26,29,French,-18.184846878051758,-1.4134857654571533
26,30,English,10.506688117980957,-5.757141590118408
26,30,French,-4.022574424743652,-8.141988754272461
26,31,English,18.13381004333496,17.408159255981445
26,31,French,-20.150136947631836,32.30561065673828
26,32,English,13.881958961486816,-13.445475578308105
26,32,French,-13.04653549194336,-15.885491371154785
26,33,English,18.78022575378418,7.033112049102783
26,33,French,-11.047359466552734,14.482431411743164
26,34,English,14.717059135437012,7.537228584289551
26,34,French,-12.510869979858398,9.312149047851562
26,35,English,13.851519584655762,5.320372581481934
26,35,French,-10.176983833312988,13.149575233459473
26,36,English,11.032179832458496,-15.381321907043457
26,36,French,-9.170347213745117,-13.154006004333496
26,37,English,16.268476486206055,-2.2044076919555664
26,37,French,-19.252466201782227,-6.247368335723877
26,38,English,15.815671920776367,-9.465963363647461
26,38,French,-18.082509994506836,-17.727272033691406
26,39,English,19.326318740844727,2.854989767074585
26,39,French,-21.80567169189453,11.091646194458008
26,40,English,18.859708786010742,12.011812210083008
26,40,French,-12.555323600769043,24.54522132873535
26,41,English,18.67599105834961,9.933555603027344
26,41,French,-16.394044876098633,15.050485610961914
26,42,English,17.649085998535156,15.837787628173828
26,42,French,-6.368131160736084,17.975387573242188
26,43,English,17.13620948791504,-3.845015525817871
26,43,French,-15.874922752380371,-4.633947849273682
26,44,English,16.512102127075195,14.333671569824219
26,44,French,-13.944232940673828,16.65152359008789
26,45,English,21.117780685424805,16.16837501525879
26,45,French,-11.782713890075684,24.81670379638672
26,46,English,10.929346084594727,-4.7262067794799805
26,46,French,-16.15509605407715,-8.238593101501465
26,47,English,10.383191108703613,-7.062057971954346
26,47,French,-20.351648330688477,-3.9931235313415527
26,48,English,11.541923522949219,-9.932701110839844
26,48,French,-16.57908058166504,-3.611741542816162
26,49,English,11.926464080810547,-7.874471664428711
26,49,French,-8.783559799194336,-9.581938743591309
26,50,English,16.14745330810547,-8.641483306884766
26,50,French,-15.39016342163086,-10.654868125915527
26,51,English,19.59587287902832,8.158889770507812
26,51,French,-8.595694541931152,18.135557174682617
26,52,English,18.90509796142578,1.2178354263305664
26,52,French,-13.852370262145996,17.576745986938477
26,53,English,13.730469703674316,-5.688406944274902
26,53,French,-17.61855697631836,-15.618009567260742
26,54,English,15.302873611450195,-7.611876010894775
26,54,French,-16.827966690063477,-10.842451095581055
26,55,English,12.844456672668457,-13.31678295135498
26,55,French,-15.162389755249023,-14.026147842407227
26,56,English,13.801459312438965,-10.72868537902832
26,56,French,-17.495912551879883,-11.658881187438965
26,57,English,16.203292846679688,12.6149320602417
26,57,French,-10.24793529510498,23.958555221557617
26,58,English,15.277119636535645,5.459385395050049
26,58,French,-18.68947982788086,3.178558349609375
26,59,English,18.421934127807617,6.614682674407959
26,59,French,-10.154121398925781,18.04796600341797
26,60,English,14.59737491607666,-8.917770385742188
26,60,French,-16.241092681884766,-10.396623611450195
26,61,English,13.10307502746582,7.802249431610107
26,61,French,-14.212431907653809,10.320096015930176
26,62,English,14.298295974731445,-3.655526638031006
26,62,French,-19.798795700073242,-4.147212505340576
26,63,English,17.667221069335938,4.339254379272461
26,63,French,-17.52434539794922,17.549837112426758
26,64,English,11.170246124267578,-1.9190815687179565
26,64,French,-12.19140911102295,-4.529207229614258
26,65,English,15.541561126708984,6.565732479095459
26,65,French,-14.111383438110352,20.35674285888672
26,66,English,17.5103759765625,6.023669719696045
26,66,French,-8.622714042663574,13.588357925415039
26,67,English,19.265098571777344,13.48494815826416
26,67,French,-11.500530242919922,16.223604202270508
26,68,English,14.657536506652832,-12.21493148803711
26,68,French,-15.017258644104004,-13.279596328735352
26,69,English,13.552711486816406,-17.294776916503906
26,69,French,-18.94373321533203,-12.996806144714355
26,70,English,19.844816207885742,10.315388679504395
26,70,French,-15.255080223083496,18.16471290588379
26,71,English,10.10812759399414,-11.545790672302246
26,71,French,-8.534286499023438,-9.868638038635254
26,72,English,16.228761672973633,12.15888500213623
26,72,French,-16.71328353881836,13.474868774414062
26,73,English,15.500948905944824,7.272143363952637
26,73,French,-11.52787971496582,2.22229266166687
26,74,English,13.971067428588867,-9.709251403808594
26,74,French,-19.434179306030273,-13.176054954528809
26,75,English,18.54418182373047,-3.2994277477264404
26,75,French,-18.174970626831055,5.372592926025391
26,76,English,18.5047607421875,5.780071258544922
26,76,French,-10.171831130981445,7.715691089630127
26,77,English,14.646986961364746,5.281430721282959
26,77,French,-10.949304580688477,14.239025115966797
26,78,English,10.738042831420898,-9.002246856689453
26,78,French,-10.276100158691406,-9.531603813171387
26,79,English,13.298239707946777,5.816519737243652
26,79,French,-11.676562309265137,9.96039867401123
26,80,English,11.012508392333984,-16.948644638061523
26,80,French,-13.462838172912598,-15.93773078918457
26,81,English,14.46239948272705,-15.943743705749512
26,81,French,-15.741374969482422,-18.280168533325195
26,82,English,12.968811988830566,-14.724098205566406
26,82,French,-17.204910278320312,-16.070425033569336
26,83,English,17.755220413208008,12.483664512634277
26,83,French,-16.485485076904297,8.884323120117188
26,84,English,13.584590911865234,-11.873832702636719
26,84,French,-14.285346031188965,-15.932086944580078
26,85,English,10.663150787353516,15.596084594726562
26,85,French,-13.12680721282959,18.80743980407715
26,86,English,17.585981369018555,-0.6300551295280457
26,86,French,-13.944689750671387,3.9595999717712402
26,87,English,14.505964279174805,-8.981855392456055
26,87,French,-16.63960075378418,-11.006561279296875
26,88,English,14.263936996459961,-14.247004508972168
26,88,French,-19.359304428100586,-17.361738204956055
26,89,English,12.558530807495117,-11.231402397155762
26,89,French,-11.680014610290527,-11.305895805358887
26,90,English,12.925100326538086,-15.557559967041016
26,90,French,-17.298479080200195,-12.74647331237793
26,91,English,14.323134422302246,-10.446096420288086
26,91,French,-16.859384536743164,-11.365742683410645
26,92,English,16.73834800720215,1.8270779848098755
26,92,French,-16.350528717041016,-2.8604588508605957
26,93,English,13.483572959899902,-10.271931648254395
26,93,French,-16.879770278930664,-10.148465156555176
26,94,English,14.577893257141113,-12.608492851257324
26,94,French,-20.512197494506836,-11.711119651794434
26,95,English,10.312309265136719,-10.614995956420898
26,95,French,-14.071006774902344,-9.439085006713867
26,96,English,14.2028226852417,-0.6144652962684631
26,96,French,-13.920825004577637,-4.076221942901611
26,97,English,15.068060874938965,0.8935449123382568
26,97,French,-18.010456085205078,-2.4077816009521484
26,98,English,13.772619247436523,-11.319703102111816
26,98,French,-11.945817947387695,-10.272769927978516
26,99,English,12.258157730102539,-11.042160034179688
26,99,French,-13.360603332519531,-10.947019577026367
26,100,English,16.147844314575195,15.225884437561035
26,100,French,-9.819892883300781,21.51271629333496
26,101,English,13.633804321289062,-11.959906578063965
26,101,French,-15.215893745422363,-12.53779411315918
26,102,English,9.532371520996094,25.046785354614258
26,102,French,-5.664474964141846,30.105274200439453
26,103,English,18.908935546875,14.456841468811035
26,103,French,-10.91625690460205,21.27495574951172
26,104,English,18.456430435180664,9.85686206817627
26,104,French,-6.286084175109863,21.56998634338379
26,105,English,12.368232727050781,17.33603286743164
26,105,French,0.5582071542739868,28.962892532348633
26,106,English,15.119832992553711,-6.371159076690674
26,106,French,-12.319936752319336,-5.484515190124512
26,107,English,16.102001190185547,0.06638036668300629
26,107,French,-17.450292587280273,5.30930233001709
26,108,English,16.61065673828125,4.986732006072998
26,108,French,-20.170793533325195,24.529151916503906
26,109,English,15.706009864807129,10.377944946289062
26,109,French,-17.13144874572754,13.162070274353027
26,110,English,12.605669975280762,-14.58285140991211
26,110,French,-14.538007736206055,-9.467888832092285
26,111,English,12.127177238464355,-3.2865421772003174
26,111,French,-10.464062690734863,-0.5455819368362427
26,112,English,11.00701904296875,-10.888903617858887
26,112,French,-16.053571701049805,-13.110204696655273
26,113,English,15.908472061157227,-1.190198540687561
26,113,French,-21.65536880493164,10.559025764465332
26,114,English,18.652353286743164,11.544892311096191
26,114,French,-12.615715026855469,20.69256019592285
26,115,English,11.220070838928223,-8.404178619384766
26,115,French,-11.112510681152344,-10.257396697998047
26,116,English,21.09086799621582,11.415234565734863
26,116,French,-16.481781005859375,15.935407638549805
26,117,English,14.098926544189453,-13.785346031188965
26,117,French,-13.111223220825195,-3.975416660308838
26,118,English,3.5503337383270264,-15.047988891601562
26,118,French,-15.714789390563965,-14.845534324645996
26,119,English,13.6015043258667,-14.270289421081543
26,119,French,-17.52799415588379,-16.85542106628418
26,120,English,16.33769416809082,0.5293799638748169
26,120,French,-16.606369018554688,-0.18880797922611237
26,121,English,13.651853561401367,-5.801040172576904
26,121,French,-7.125000953674316,-3.320399284362793
26,122,English,-3.2665505409240723,-5.60227632522583
26,122,French,-12.274538040161133,-9.319931030273438
26,123,English,17.19162368774414,1.908281683921814
26,123,French,-15.340424537658691,12.447432518005371
26,124,English,12.809927940368652,26.615055084228516
26,124,French,-17.634489059448242,21.780460357666016
26,125,English,18.8941593170166,6.069703578948975
26,125,French,-15.839256286621094,15.58290958404541
26,126,English,21.143613815307617,18.427167892456055
26,126,French,-15.73641586303711,22.16134262084961
26,127,English,13.723970413208008,-12.118000030517578
26,127,French,-16.947296142578125,-12.301239013671875
26,128,English,10.915854454040527,-2.0107228755950928
26,128,French,-15.949884414672852,-5.445328712463379
26,129,English,12.17550277709961,-17.07088851928711
26,129,French,-15.491390228271484,-16.85097312927246
26,130,English,12.119494438171387,-10.916613578796387
26,130,French,-17.816205978393555,-13.127997398376465
26,131,English,10.523956298828125,-10.31569766998291
26,131,French,-14.9602632522583,-13.207269668579102
26,132,English,12.532081604003906,-11.988404273986816
26,132,French,-14.54936695098877,-13.571237564086914
26,133,English,12.330732345581055,-11.36789608001709
26,133,French,-19.856292724609375,-11.037440299987793
26,134,English,12.179306983947754,-11.787832260131836
26,134,French,-16.76289939880371,-12.73780632019043
26,135,English,10.567310333251953,-11.374029159545898
26,135,French,-13.602447509765625,-13.678872108459473
26,136,English,11.044672012329102,6.232374668121338
26,136,French,-9.691375732421875,17.7224178314209
26,137,English,16.100284576416016,5.178488731384277
26,137,French,-13.93034839630127,10.413803100585938
26,138,English,20.115509033203125,9.763754844665527
26,138,French,-17.907634735107422,19.449983596801758
26,139,English,13.671489715576172,-12.161042213439941
26,139,French,-19.07767677307129,-10.376601219177246
26,140,English,18.72001838684082,7.580379962921143
26,140,French,-15.732654571533203,18.34181785583496
26,141,English,14.317815780639648,-12.16572093963623
26,141,French,-14.050253868103027,-16.85375213623047
26,142,English,14.66696548461914,-11.566417694091797
26,142,French,-16.851728439331055,-13.899685859680176
26,143,English,13.702210426330566,-13.090322494506836
26,143,French,-19.368396759033203,-14.748769760131836
26,144,English,15.591493606567383,-10.419501304626465
26,144,French,-17.75645637512207,-12.117829322814941
26,145,English,13.664186477661133,-12.547405242919922
26,145,French,-16.941133499145508,-11.85970401763916
26,146,English,14.343957901000977,-7.507200241088867
26,146,French,-19.20749282836914,-14.584126472473145
26,147,English,15.344131469726562,9.639206886291504
26,147,French,-13.548460006713867,23.64380645751953
26,148,English,12.860424995422363,-11.808286666870117
26,148,French,-14.458791732788086,-15.02596664428711
26,149,English,17.345766067504883,19.791976928710938
26,149,French,-13.063485145568848,26.224952697753906
26,150,English,15.85954761505127,17.336654663085938
26,150,French,-16.470155715942383,19.896814346313477
26,151,English,14.032157897949219,-3.941230297088623
26,151,French,-18.852357864379883,-0.38087406754493713
26,152,English,17.752567291259766,4.182347297668457
26,152,French,-21.280250549316406,9.90380573272705
26,153,English,14.093489646911621,-9.094827651977539
26,153,French,-16.429141998291016,-5.838799953460693
26,154,English,13.605666160583496,-10.582555770874023
26,154,French,-14.727044105529785,-14.205601692199707
26,155,English,12.40819263458252,-13.624320983886719
26,155,French,-15.659173011779785,-17.977331161499023
26,156,English,12.502043724060059,-14.560873031616211
26,156,French,-16.94460678100586,-13.434703826904297
26,157,English,20.88330078125,8.338132858276367
26,157,French,-16.3348331451416,11.604567527770996
26,158,English,18.20325469970703,11.08283519744873
26,158,French,-12.278223037719727,7.958151340484619
26,159,English,19.326339721679688,17.769784927368164
26,159,French,-17.063074111938477,25.309938430786133
26,160,English,12.86419677734375,-13.279004096984863
26,160,French,-19.01090431213379,-17.615947723388672
26,161,English,14.68608570098877,-4.587195873260498
26,161,French,-17.32427978515625,-0.91888827085495
26,162,English,18.010051727294922,4.4144182205200195
26,162,French,-13.616692543029785,10.094565391540527
26,163,English,21.755126953125,14.745970726013184
26,163,French,-16.36735725402832,18.344959259033203
26,164,English,13.583578109741211,-9.55069351196289
26,164,French,-14.234906196594238,-12.557137489318848
26,165,English,13.012645721435547,3.793558120727539
26,165,French,-7.916592121124268,-5.629336357116699
26,166,English,16.44618034362793,11.547140121459961
26,166,French,-13.727846145629883,30.787729263305664
26,167,English,18.439212799072266,12.199067115783691
26,167,French,-15.905829429626465,17.790407180786133
26,168,English,14.893025398254395,5.571055889129639
26,168,French,-9.5890531539917,15.227073669433594
26,169,English,14.050732612609863,-11.230025291442871
26,169,French,-19.358661651611328,-17.95699119567871
26,170,English,19.54822540283203,11.923872947692871
26,170,French,-9.587498664855957,20.130170822143555
26,171,English,18.899185180664062,8.069485664367676
26,171,French,-17.79604148864746,17.58567237854004
26,172,English,18.618804931640625,12.4237060546875
26,172,French,-12.527953147888184,16.550893783569336
26,173,English,17.38631248474121,11.354862213134766
26,173,French,-17.781049728393555,23.055984497070312
26,174,English,12.747712135314941,-17.459941864013672
26,174,French,-19.87088394165039,-16.629886627197266
26,175,English,13.82625961303711,-10.096670150756836
26,175,French,-12.355417251586914,-7.735260009765625
26,176,English,17.15814781188965,11.241474151611328
26,176,French,-16.870323181152344,23.260007858276367
26,177,English,10.140644073486328,-1.7539900541305542
26,177,French,-17.613861083984375,-7.096697807312012
26,178,English,16.759353637695312,1.8525841236114502
26,178,French,-17.64653968811035,-6.407753944396973
26,179,English,13.511895179748535,-7.387613296508789
26,179,French,-13.169360160827637,-6.5334086418151855
26,180,English,18.664827346801758,17.09783935546875
26,180,French,-9.140332221984863,15.4450101852417
26,181,English,14.762080192565918,-4.780721187591553
26,181,French,-11.509665489196777,-7.035595417022705
26,182,English,15.300568580627441,-5.513538837432861
26,182,French,-13.977025985717773,-9.283366203308105
26,183,English,10.075592041015625,-8.903213500976562
26,183,French,-12.283220291137695,-12.7009859085083
26,184,English,17.94309425354004,18.708736419677734
26,184,French,-13.139262199401855,16.52114486694336
26,185,English,16.173839569091797,-3.041464328765869
26,185,French,-17.086368560791016,4.13433837890625
26,186,English,16.943355560302734,-8.725835800170898
26,186,French,-20.4074649810791,-12.405990600585938
26,187,English,12.922853469848633,-17.096603393554688
26,187,French,-16.92870330810547,-14.974346160888672
26,188,English,10.714912414550781,-8.797750473022461
26,188,French,-15.487212181091309,-10.339856147766113
26,189,English,17.653905868530273,10.141075134277344
26,189,French,-15.577715873718262,16.573434829711914
26,190,English,20.543254852294922,22.106000900268555
26,190,French,-11.329177856445312,31.77720832824707
26,191,English,17.410030364990234,11.059481620788574
26,191,French,-16.443973541259766,24.934934616088867
26,192,English,15.62745189666748,12.055744171142578
26,192,French,-14.482132911682129,3.712965488433838
26,193,English,12.958946228027344,-12.818436622619629
26,193,French,-19.21578598022461,-13.28164291381836
26,194,English,13.2946195602417,-9.573122024536133
26,194,French,-13.506092071533203,-10.51755428314209
26,195,English,13.233986854553223,-9.567864418029785
26,195,French,-16.21980857849121,-9.418153762817383
26,196,English,13.267653465270996,-11.025248527526855
26,196,French,-14.123760223388672,-15.114555358886719
26,197,English,12.395167350769043,-13.927498817443848
26,197,French,-18.805418014526367,-14.30854606628418
26,198,English,17.395931243896484,4.21320104598999
26,198,French,-20.057437896728516,2.5221540927886963
26,199,English,12.191850662231445,-15.105589866638184
26,199,French,-15.462336540222168,-14.995349884033203
27,0,English,-18.2774658203125,15.286298751831055
27,0,French,11.047240257263184,16.88652229309082
27,1,English,-13.303661346435547,-0.6358481645584106
27,1,French,14.031754493713379,-6.675134181976318
27,2,English,-15.914201736450195,7.127061367034912
27,2,French,19.02941131591797,8.064431190490723
27,3,English,-11.165804862976074,-6.701302528381348
27,3,French,10.927482604980469,-10.179439544677734
27,4,English,-13.149385452270508,-11.742998123168945
27,4,French,16.639204025268555,-15.974767684936523
27,5,English,-16.781047821044922,15.170204162597656
27,5,French,16.38121223449707,26.37470054626465
27,6,English,-9.132710456848145,-11.333983421325684
27,6,French,10.44630241394043,-11.319503784179688
27,7,English,-12.630220413208008,-8.808330535888672
27,7,French,12.371503829956055,-10.925530433654785
27,8,English,-11.039946556091309,9.942792892456055
27,8,French,15.950979232788086,13.996980667114258
27,9,English,-14.798009872436523,-5.255891799926758
27,9,French,6.3523969650268555,-5.622110366821289
27,10,English,-14.257730484008789,-7.3019795417785645
27,10,French,16.936256408691406,7.090345859527588
27,11,English,-12.399731636047363,-10.575725555419922
27,11,French,12.637690544128418,1.0492480993270874
27,12,English,-7.627471923828125,5.928456783294678
27,12,French,9.269608497619629,8.176148414611816
27,13,English,-13.56102180480957,10.105134963989258
27,13,French,12.54661750793457,17.14288902282715
27,14,English,-12.92664909362793,-11.10212230682373
27,14,French,10.627420425415039,-12.906938552856445
27,15,English,-10.696037292480469,-12.873749732971191
27,15,French,10.161980628967285,-12.553875923156738
27,16,English,-14.355775833129883,-3.4368183612823486
27,16,French,12.814956665039062,-9.758293151855469
27,17,English,-13.207306861877441,-0.2075103521347046
27,17,French,14.053890228271484,1.4191460609436035
27,18,English,-15.235064506530762,11.211295127868652
27,18,French,13.283990859985352,21.95182991027832
27,19,English,-11.417426109313965,-11.663196563720703
27,19,French,14.96517562866211,-13.398180961608887
27,20,English,-13.61894702911377,2.471175193786621
27,20,French,12.916946411132812,6.545909881591797
27,21,English,-13.500847816467285,-4.569482803344727
27,21,French,15.56083869934082,-7.278332233428955
27,22,English,-16.950510025024414,13.69407844543457
27,22,French,14.834562301635742,17.943511962890625
27,23,English,-11.422386169433594,-10.886858940124512
27,23,French,14.877707481384277,-12.733367919921875
27,24,English,-19.493406295776367,14.039177894592285
27,24,French,9.745609283447266,23.399120330810547
27,25,English,-12.31839656829834,0.7811273336410522
27,25,French,20.16018295288086,9.993638038635254
27,26,English,-17.170480728149414,5.064974308013916
27,26,French,9.994468688964844,8.848649978637695
27,27,English,-12.080621719360352,-12.781072616577148
27,27,French,16.55559539794922,-12.087174415588379
27,28,English,-12.058204650878906,-13.39176082611084
27,28,French,11.429963111877441,-10.27111530303955
27,29,English,-15.066996574401855,-2.686816453933716
27,29,French,16.70285987854004,-0.6477026343345642
27,30,English,-9.683151245117188,-5.329526901245117
27,30,French,3.2677061557769775,-7.5693864822387695
27,31,English,-15.607651710510254,16.093210220336914
27,31,French,18.135263442993164,30.70864486694336
27,32,English,-12.944561958312988,-12.058256149291992
27,32,French,11.705636024475098,-14.213940620422363
27,33,English,-17.050979614257812,6.829063415527344
27,33,French,9.8502779006958,12.947701454162598
27,34,English,-13.632461547851562,6.0343337059021
27,34,French,11.429548263549805,7.97105598449707
27,35,English,-12.243041038513184,5.737601280212402
27,35,French,9.338506698608398,11.339415550231934
27,36,English,-10.359807014465332,-14.070391654968262
27,36,French,8.128050804138184,-12.127035140991211
27,37,English,-14.868548393249512,-1.4713845252990723
27,37,French,17.771564483642578,-4.700796604156494
27,38,English,-14.42126750946045,-7.775611877441406
27,38,French,16.66575813293457,-16.000343322753906
27,39,English,-18.09307289123535,3.8854103088378906
27,39,French,20.49507713317871,10.193232536315918
27,40,English,-16.92218589782715,11.000271797180176
27,40,French,11.656817436218262,21.832700729370117
27,41,English,-17.421764373779297,9.14867115020752
27,41,French,15.034289360046387,12.885433197021484
27,42,English,-16.214733123779297,12.979891777038574
27,42,French,6.207204341888428,16.11899185180664
27,43,English,-15.32420825958252,-3.085024118423462
27,43,French,14.142952919006348,-3.1881017684936523
27,44,English,-15.043571472167969,12.761642456054688
27,44,French,12.901448249816895,14.979192733764648
27,45,English,-19.493406295776367,14.039177894592285
27,45,French,10.490045547485352,22.522607803344727
27,46,English,-9.662642478942871,-4.463059425354004
27,46,French,15.330283164978027,-7.244562149047852
27,47,English,-10.030134201049805,-6.607653617858887
27,47,French,18.171358108520508,-4.0931396484375
27,48,English,-10.489995002746582,-9.582822799682617
27,48,French,15.380541801452637,-3.383549928665161
27,49,English,-11.451128005981445,-7.471441745758057
27,49,French,7.4489336013793945,-8.684731483459473
27,50,English,-15.028472900390625,-7.25468111038208
27,50,French,13.769753456115723,-9.53522777557373
27,51,English,-18.434431076049805,7.460595607757568
27,51,French,7.207477569580078,16.49402618408203
27,52,English,-17.047304153442383,2.229513168334961
27,52,French,13.599052429199219,16.727493286132812
27,53,English,-12.377839088439941,-4.177065372467041
27,53,French,16.13553237915039,-14.007943153381348
27,54,English,-14.205348014831543,-6.196749210357666
27,54,French,15.387263298034668,-9.657146453857422
27,55,English,-11.678122520446777,-11.917768478393555
27,55,French,14.005277633666992,-13.322174072265625
27,56,English,-12.637897491455078,-10.077863693237305
27,56,French,15.814090728759766,-10.47720718383789
27,57,English,-14.468446731567383,10.395886421203613
27,57,French,9.405996322631836,22.187143325805664
27,58,English,-14.674385070800781,5.5737738609313965
27,58,French,16.479150772094727,4.063038349151611
27,59,English,-16.157888412475586,5.71318244934082
27,59,French,9.491143226623535,16.701263427734375
27,60,English,-13.22072982788086,-6.878014087677002
27,60,French,15.104813575744629,-9.276406288146973
27,61,English,-11.395988464355469,7.359768390655518
27,61,French,13.586212158203125,10.176799774169922
27,62,English,-13.138505935668945,-3.123548746109009
27,62,French,17.86110496520996,-3.8648881912231445
27,63,English,-15.124698638916016,4.600215435028076
27,63,French,16.13172149658203,15.252968788146973
27,64,English,-10.12627124786377,-2.372093915939331
27,64,French,10.975440979003906,-4.215827465057373
27,65,English,-13.20888900756836,6.212907791137695
27,65,French,13.453927040100098,18.868976593017578
27,66,English,-16.08736801147461,6.848760604858398
27,66,French,7.687695503234863,12.328330993652344
27,67,English,-17.81032943725586,13.108550071716309
27,67,French,11.067120552062988,14.855993270874023
27,68,English,-13.42688274383545,-10.520970344543457
27,68,French,14.25133991241455,-11.700790405273438
27,69,English,-12.4329195022583,-15.192992210388184
27,69,French,17.792314529418945,-11.693991661071777
27,70,English,-18.030948638916016,10.489829063415527
27,70,French,14.229866027832031,16.2239990234375
27,71,English,-9.560945510864258,-10.492561340332031
27,71,French,7.511858940124512,-9.124713897705078
27,72,English,-15.116867065429688,10.271705627441406
27,72,French,16.0152645111084,12.431778907775879
27,73,English,-15.134299278259277,6.999001979827881
27,73,French,9.930445671081543,1.9534084796905518
27,74,English,-12.78868293762207,-8.498005867004395
27,74,French,18.08025550842285,-11.583946228027344
27,75,English,-16.070737838745117,-1.9778248071670532
27,75,French,17.002077102661133,4.878966331481934
27,76,English,-16.50311851501465,4.7079901695251465
27,76,French,8.6390962600708,6.45272159576416
27,77,English,-13.598556518554688,5.66119384765625
27,77,French,10.482632637023926,10.719858169555664
27,78,English,-10.04208755493164,-7.9039106369018555
27,78,French,8.860905647277832,-9.163095474243164
27,79,English,-12.3411226272583,4.852365493774414
27,79,French,10.398700714111328,8.497149467468262
27,80,English,-9.441529273986816,-15.350608825683594
27,80,French,12.740697860717773,-14.521695137023926
27,81,English,-13.265986442565918,-14.42534065246582
27,81,French,14.764320373535156,-17.044221878051758
27,82,English,-11.84950065612793,-13.150758743286133
27,82,French,15.81322193145752,-14.747962951660156
27,83,English,-16.384008407592773,11.66161823272705
27,83,French,14.891260147094727,7.938282012939453
27,84,English,-12.6280517578125,-10.880715370178223
27,84,French,13.010625839233398,-14.37842845916748
27,85,English,-9.908526420593262,12.86121940612793
27,85,French,11.56005573272705,15.914413452148438
27,86,English,-15.594037055969238,-0.25483009219169617
27,86,French,12.655547142028809,3.033419609069824
27,87,English,-13.693493843078613,-8.278745651245117
27,87,French,15.393447875976562,-9.635726928710938
27,88,English,-13.037957191467285,-12.617269515991211
27,88,French,17.74749755859375,-15.62230396270752
27,89,English,-11.561759948730469,-10.618433952331543
27,89,French,10.819629669189453,-11.009176254272461
27,90,English,-12.077570915222168,-14.409025192260742
27,90,French,15.826309204101562,-11.762372016906738
27,91,English,-13.350704193115234,-9.051002502441406
27,91,French,15.789228439331055,-10.227373123168945
27,92,English,-15.660320281982422,1.638956904411316
27,92,French,15.196112632751465,-2.2691380977630615
27,93,English,-12.633995056152344,-9.06448745727539
27,93,French,15.73464584350586,-9.593937873840332
27,94,English,-13.324718475341797,-11.235211372375488
27,94,French,18.95934295654297,-10.888630867004395
27,95,English,-9.308256149291992,-10.055233001708984
27,95,French,13.031113624572754,-8.956062316894531
27,96,English,-13.58631706237793,-0.1897716373205185
27,96,French,12.874171257019043,-4.022057056427002
27,97,English,-14.448925018310547,1.9874475002288818
27,97,French,16.70572280883789,-1.9896867275238037
27,98,English,-12.71706485748291,-10.4478759765625
27,98,French,11.219343185424805,-9.716476440429688
27,99,English,-11.289813041687012,-9.94252872467041
27,99,French,12.182146072387695,-10.011210441589355
27,100,English,-14.87305736541748,13.136321067810059
27,100,French,8.518133163452148,19.353923797607422
27,101,English,-12.781184196472168,-10.251424789428711
27,101,French,14.133331298828125,-11.880718231201172
27,102,English,-8.465167999267578,23.365360260009766
27,102,French,5.872564315795898,28.05023765563965
27,103,English,-17.290674209594727,12.733561515808105
27,103,French,10.610953330993652,18.636743545532227
27,104,English,-16.88759994506836,8.793405532836914
27,104,French,5.9790143966674805,19.388174057006836
27,105,English,-10.27983570098877,14.735960006713867
27,105,French,-0.22890996932983398,25.166015625
27,106,English,-13.682815551757812,-5.937413215637207
27,106,French,11.233000755310059,-4.3087239265441895
27,107,English,-14.545963287353516,1.0020731687545776
27,107,French,16.109249114990234,4.9035539627075195
27,108,English,-14.956181526184082,5.627857685089111
27,108,French,19.215757369995117,23.310901641845703
27,109,English,-14.691155433654785,9.735016822814941
27,109,French,16.245586395263672,11.639779090881348
27,110,English,-11.496108055114746,-13.170146942138672
27,110,French,12.680173873901367,-7.7444868087768555
27,111,English,-12.074746131896973,-2.6069858074188232
27,111,French,8.887235641479492,-0.499205619096756
27,112,English,-10.018404960632324,-10.439173698425293
27,112,French,14.544679641723633,-11.658559799194336
27,113,English,-14.601005554199219,-0.6734678149223328
27,113,French,19.86175537109375,9.038999557495117
27,114,English,-17.125946044921875,10.77444839477539
27,114,French,12.487645149230957,18.584003448486328
27,115,English,-9.720747947692871,-8.02685260772705
27,115,French,10.562068939208984,-9.60513973236084
27,116,English,-18.318443298339844,10.60669994354248
27,116,French,15.565838813781738,14.46721363067627
27,117,English,-13.21551513671875,-13.214802742004395
27,117,French,12.047151565551758,-3.7543303966522217
27,118,English,-3.145512580871582,-13.534120559692383
27,118,French,14.547842025756836,-13.737814903259277
27,119,English,-12.641018867492676,-12.663522720336914
27,119,French,15.988311767578125,-15.187522888183594
27,120,English,-15.071518898010254,0.4694986045360565
27,120,French,14.565540313720703,0.39693352580070496
27,121,English,-12.365530967712402,-5.622113227844238
27,121,French,6.287953853607178,-3.300030469894409
27,122,English,2.5377018451690674,-5.025567054748535
27,122,French,10.069581985473633,-8.303169250488281
27,123,English,-17.143295288085938,2.3906891345977783
27,123,French,13.325265884399414,11.608487129211426
27,124,English,-11.306169509887695,23.126440048217773
27,124,French,15.965142250061035,19.319000244140625
27,125,English,-16.985942840576172,5.728537559509277
27,125,French,14.56109619140625,14.135356903076172
27,126,English,-19.877172470092773,16.59402847290039
27,126,French,13.674036979675293,20.679889678955078
27,127,English,-12.181816101074219,-10.87834644317627
27,127,French,15.096455574035645,-11.641035079956055
27,128,English,-9.524030685424805,-2.374563217163086
27,128,French,14.884902954101562,-4.5093488693237305
27,129,English,-11.191316604614258,-15.15822982788086
27,129,French,14.40236759185791,-15.362242698669434
27,130,English,-10.777337074279785,-10.041422843933105
27,130,French,16.797773361206055,-11.831029891967773
27,131,English,-9.68030834197998,-9.516972541809082
27,131,French,13.981521606445312,-12.356203079223633
27,132,English,-11.47116756439209,-11.700457572937012
27,132,French,13.699715614318848,-12.76501178741455
27,133,English,-11.23678207397461,-9.648849487304688
27,133,French,17.863441467285156,-9.178010940551758
27,134,English,-11.055150032043457,-11.076269149780273
27,134,French,15.890336990356445,-11.888092994689941
27,135,English,-9.657838821411133,-10.982995986938477
27,135,French,12.727633476257324,-12.85215950012207
27,136,English,-10.328590393066406,5.913703441619873
27,136,French,9.197613716125488,15.716645240783691
27,137,English,-14.629389762878418,4.266097545623779
27,137,French,13.502854347229004,9.572037696838379
27,138,English,-18.15589714050293,9.181293487548828
27,138,French,16.84828758239746,17.189538955688477
27,139,English,-12.490962028503418,-11.579147338867188
27,139,French,17.494319915771484,-10.083641052246094
27,140,English,-17.044910430908203,6.865077495574951
27,140,French,14.285696983337402,15.822366714477539
27,141,English,-13.169848442077637,-9.878680229187012
27,141,French,13.375771522521973,-14.655014991760254
27,142,English,-13.473505973815918,-10.42801570892334
27,142,French,15.162562370300293,-12.654054641723633
27,143,English,-12.229470252990723,-11.85489559173584
27,143,French,17.957605361938477,-13.608357429504395
27,144,English,-14.231016159057617,-8.987285614013672
27,144,French,15.569560050964355,-9.803034782409668
27,145,English,-12.386160850524902,-11.724518775939941
27,145,French,15.811166763305664,-11.045828819274902
27,146,English,-13.032618522644043,-6.606637477874756
27,146,French,17.797285079956055,-13.062677383422852
27,147,English,-13.612866401672363,8.2739896774292
27,147,French,13.053319931030273,21.98697280883789
27,148,English,-11.743254661560059,-10.731264114379883
27,148,French,13.252155303955078,-13.735610961914062
27,149,English,-16.02616310119629,17.052520751953125
27,149,French,11.914572715759277,23.400659561157227
27,150,English,-13.683061599731445,15.508147239685059
27,150,French,15.565210342407227,17.808147430419922
27,151,English,-12.556229591369629,-3.260835647583008
27,151,French,17.23497200012207,0.7191969752311707
27,152,English,-15.752368927001953,3.6863746643066406
27,152,French,19.42536163330078,8.536279678344727
27,153,English,-13.042972564697266,-7.7070112228393555
27,153,French,14.49500560760498,-5.30873966217041
27,154,English,-12.566405296325684,-9.689777374267578
27,154,French,13.01393985748291,-12.900479316711426
27,155,English,-11.466639518737793,-12.342551231384277
27,155,French,14.384517669677734,-16.40756607055664
27,156,English,-11.81356430053711,-13.247757911682129
27,156,French,15.495941162109375,-12.700669288635254
27,157,English,-19.743959426879883,7.5386223793029785
27,157,French,14.046059608459473,9.824698448181152
27,158,English,-16.938276290893555,10.13985538482666
27,158,French,10.788853645324707,6.344171047210693
27,159,English,-17.607646942138672,15.653181076049805
27,159,French,15.276468276977539,23.475139617919922
27,160,English,-11.421354293823242,-11.964828491210938
27,160,French,17.594356536865234,-16.14303970336914
27,161,English,-13.472498893737793,-4.031630992889404
27,161,French,15.986090660095215,-0.6977291107177734
27,162,English,-17.304990768432617,4.6520514488220215
27,162,French,12.269094467163086,9.049848556518555
27,163,English,-19.753175735473633,12.882575035095215
27,163,French,15.075095176696777,16.126680374145508
27,164,English,-12.449313163757324,-9.26047134399414
27,164,French,12.955179214477539,-11.613178253173828
27,165,English,-12.467616081237793,3.644496440887451
27,165,French,7.409530162811279,-5.5471343994140625
27,166,English,-14.884937286376953,9.41083812713623
27,166,French,12.340292930603027,25.948902130126953
27,167,English,-17.266353607177734,11.419662475585938
27,167,French,13.696468353271484,16.020830154418945
27,168,English,-13.484725952148438,4.646658420562744
27,168,French,8.052565574645996,14.648479461669922
27,169,English,-12.946889877319336,-10.280694007873535
27,169,French,17.62165641784668,-15.93033218383789
27,170,English,-17.80588722229004,11.188632011413574
27,170,French,9.024909019470215,19.4052734375
27,171,English,-16.95124053955078,7.860560894012451
27,171,French,17.22430992126465,15.787629127502441
27,172,English,-16.753337860107422,11.408318519592285
27,172,French,11.623912811279297,14.486586570739746
27,173,English,-15.672438621520996,9.282835960388184
27,173,French,16.8436222076416,21.443544387817383
27,174,English,-11.359637260437012,-15.893926620483398
27,174,French,17.993497848510742,-15.482593536376953
27,175,English,-12.46707534790039,-8.961015701293945
27,175,French,11.20291805267334,-7.21639347076416
27,176,English,-15.330965995788574,10.446093559265137
27,176,French,15.875557899475098,21.400461196899414
27,177,English,-9.40560245513916,-1.2360812425613403
27,177,French,16.07029914855957,-6.854097843170166
27,178,English,-15.65066146850586,1.4254059791564941
27,178,French,15.337319374084473,-6.0138654708862305
27,179,English,-12.876843452453613,-7.076108455657959
27,179,French,11.760385513305664,-5.822498321533203
27,180,English,-17.139368057250977,15.3123779296875
27,180,French,8.120079040527344,13.245159149169922
27,181,English,-13.532327651977539,-4.276918888092041
27,181,French,10.03680419921875,-6.0086565017700195
27,182,English,-14.431180953979492,-5.094944477081299
27,182,French,12.91090202331543,-8.420755386352539
27,183,English,-9.063562393188477,-9.367070198059082
27,183,French,11.641218185424805,-12.194409370422363
27,184,English,-15.730974197387695,15.774481773376465
27,184,French,11.075743675231934,12.80563735961914
27,185,English,-14.629169464111328,-2.4795844554901123
27,185,French,14.941019058227539,4.038281440734863
27,186,English,-15.498685836791992,-7.14406681060791
27,186,French,18.920894622802734,-11.179152488708496
27,187,English,-12.00448989868164,-15.054909706115723
27,187,French,15.817695617675781,-13.710088729858398
27,188,English,-10.227636337280273,-8.210618019104004
27,188,French,13.682085037231445,-9.297442436218262
27,189,English,-16.3377628326416,9.691555976867676
27,189,French,14.86264705657959,14.809650421142578
27,190,English,-18.591571807861328,21.002614974975586
27,190,French,12.232604026794434,28.59396743774414
27,191,English,-15.998842239379883,9.842597007751465
27,191,French,15.525254249572754,22.421096801757812
27,192,English,-14.77208137512207,11.44918155670166
27,192,French,12.968888282775879,4.165645122528076
27,193,English,-11.697044372558594,-11.360420227050781
27,193,French,17.76626205444336,-12.352027893066406
27,194,English,-12.298079490661621,-8.911802291870117
27,194,French,12.190736770629883,-10.188377380371094
27,195,English,-12.155238151550293,-9.191927909851074
27,195,French,15.160754203796387,-8.78161334991455
27,196,English,-11.840814590454102,-10.216120719909668
27,196,French,13.091097831726074,-13.988808631896973
27,197,English,-11.029764175415039,-13.199840545654297
27,197,French,17.203187942504883,-12.839028358459473
27,198,English,-16.57143783569336,4.356823921203613
27,198,French,17.213603973388672,2.8464560508728027
27,199,English,-10.701299667358398,-13.055830001831055
27,199,French,14.651093482971191,-13.519408226013184
28,0,English,16.643938064575195,11.391654014587402
28,0,French,-10.210771560668945,13.257414817810059
28,1,English,12.853532791137695,0.9657183289527893
28,1,French,-13.732603073120117,-6.326760768890381
28,2,English,14.864656448364258,8.111310005187988
28,2,French,-17.863018035888672,7.776135444641113
28,3,English,10.516252517700195,-7.42677640914917
28,3,French,-10.763178825378418,-9.605411529541016
28,4,English,12.343162536621094,-10.703368186950684
28,4,French,-16.457937240600586,-15.566974639892578
28,5,English,16.81852912902832,12.528990745544434
28,5,French,-15.076738357543945,24.871135711669922
28,6,English,8.007623672485352,-10.721226692199707
28,6,French,-10.498318672180176,-10.3413724899292
28,7,English,11.494791030883789,-7.420772552490234
28,7,French,-11.088886260986328,-8.994651794433594
28,8,English,10.162055969238281,10.02415943145752
28,8,French,-12.458756446838379,9.21657657623291
28,9,English,14.498756408691406,-7.011931419372559
28,9,French,-4.866896152496338,-5.050029277801514
28,10,English,12.680087089538574,-6.112823963165283
28,10,French,-16.032730102539062,7.7544755935668945
28,11,English,12.54202938079834,-8.390396118164062
28,11,French,-12.188037872314453,2.313936948776245
28,12,English,6.399621963500977,7.121825218200684
28,12,French,-9.267923355102539,7.539069652557373
28,13,English,12.9736909866333,10.938968658447266
28,13,French,-11.748462677001953,18.011674880981445
28,14,English,12.78166389465332,-10.57385540008545
28,14,French,-9.941070556640625,-12.95024585723877
28,15,English,10.389813423156738,-13.311311721801758
28,15,French,-9.51358413696289,-11.792919158935547
28,16,English,13.288601875305176,-3.799292802810669
28,16,French,-12.710577964782715,-10.437088966369629
28,17,English,12.208169937133789,0.061915308237075806
28,17,French,-13.387125968933105,1.5436975955963135
28,18,English,15.485467910766602,11.565895080566406
28,18,French,-12.630846977233887,21.61060905456543
28,19,English,10.524663925170898,-10.464667320251465
28,19,French,-14.655950546264648,-12.433675765991211
28,20,English,14.075180053710938,1.7010399103164673
28,20,French,-11.952865600585938,4.324511528015137
28,21,English,12.708961486816406,-4.002760887145996
28,21,French,-14.085700988769531,-7.043455600738525
28,22,English,14.993669509887695,11.522052764892578
28,22,French,-12.567358016967773,16.799863815307617
28,23,English,10.384468078613281,-9.973745346069336
28,23,French,-14.569493293762207,-12.274349212646484
28,24,English,19.41891098022461,9.991955757141113
28,24,French,-7.943206310272217,23.42962646484375
28,25,English,10.962113380432129,0.6572702527046204
28,25,French,-17.884601593017578,9.045475006103516
28,26,English,16.699399948120117,4.24100399017334
28,26,French,-8.576300621032715,7.616286277770996
28,27,English,11.488970756530762,-11.476435661315918
28,27,French,-15.872248649597168,-11.015213012695312
28,28,English,11.189970970153809,-10.712406158447266
28,28,French,-11.032356262207031,-9.3801908493042
28,29,English,14.067169189453125,-2.213061571121216
28,29,French,-15.376168251037598,-0.44065871834754944
28,30,English,8.52232837677002,-5.403322219848633
28,30,French,-3.18027400970459,-6.253172397613525
28,31,English,13.750415802001953,16.369489669799805
28,31,French,-16.795000076293945,29.94298553466797
28,32,English,12.553114891052246,-12.732500076293945
28,32,French,-11.306458473205566,-13.628717422485352
28,33,English,15.302027702331543,8.12035083770752
28,33,French,-9.870087623596191,12.65205192565918
28,34,English,12.897759437561035,6.2902116775512695
28,34,French,-10.52799129486084,8.794011116027832
28,35,English,11.725604057312012,5.502447605133057
28,35,French,-9.016819953918457,11.562047958374023
28,36,English,9.275847434997559,-13.584383964538574
28,36,French,-8.107511520385742,-11.874665260314941
28,37,English,14.009613037109375,-1.3673992156982422
28,37,French,-15.896676063537598,-2.8196983337402344
28,38,English,14.03341293334961,-6.079879283905029
28,38,French,-15.947670936584473,-15.46825885772705
28,39,English,17.165830612182617,3.504603385925293
28,39,French,-18.89105796813965,11.224455833435059
28,40,English,15.905993461608887,9.156733512878418
28,40,French,-10.35478401184082,22.337114334106445
28,41,English,16.096996307373047,6.114559650421143
28,41,French,-15.278434753417969,12.356460571289062
28,42,English,15.151106834411621,13.70714282989502
28,42,French,-5.96108865737915,18.166767120361328
28,43,English,14.08234691619873,-2.929305076599121
28,43,French,-14.603927612304688,-4.786134243011475
28,44,English,14.061481475830078,12.534202575683594
28,44,French,-11.245404243469238,13.85560131072998
28,45,English,19.41891098022461,9.991955757141113
28,45,French,-8.367573738098145,22.671659469604492
28,46,English,9.955121040344238,-4.227275371551514
28,46,French,-13.908035278320312,-5.903878688812256
28,47,English,9.342823028564453,-7.304956912994385
28,47,French,-16.625844955444336,-4.1194987297058105
28,48,English,10.493474006652832,-8.436226844787598
28,48,French,-13.27662181854248,-3.0829968452453613
28,49,English,10.65885066986084,-5.682852268218994
28,49,French,-7.006430149078369,-7.841006755828857
28,50,English,14.363297462463379,-5.558318138122559
28,50,French,-12.76210880279541,-7.918918132781982
28,51,English,16.403135299682617,4.947122573852539
28,51,French,-6.354605674743652,16.787120819091797
28,52,English,15.96722412109375,2.4900453090667725
28,52,French,-12.800366401672363,19.150779724121094
28,53,English,11.982227325439453,-4.420871734619141
28,53,French,-15.293971061706543,-13.191072463989258
28,54,English,13.504413604736328,-4.598965167999268
28,54,French,-14.68309211730957,-8.850515365600586
28,55,English,11.047128677368164,-10.075140953063965
28,55,French,-13.797999382019043,-12.965425491333008
28,56,English,10.970576286315918,-10.191275596618652
28,56,French,-15.729991912841797,-10.516679763793945
28,57,English,12.880450248718262,8.343870162963867
28,57,French,-8.003482818603516,19.732221603393555
28,58,English,14.140769004821777,6.407444000244141
28,58,French,-14.602995872497559,5.627053260803223
28,59,English,15.437031745910645,4.704467296600342
28,59,French,-9.191753387451172,18.181386947631836
28,60,English,12.547962188720703,-6.202031135559082
28,60,French,-14.811737060546875,-8.447577476501465
28,61,English,10.427884101867676,6.768558979034424
28,61,French,-12.728083610534668,11.209821701049805
28,62,English,12.77731990814209,-1.166736125946045
28,62,French,-16.7315616607666,-2.5594482421875
28,63,English,14.747882843017578,4.545829772949219
28,63,French,-15.032713890075684,14.125650405883789
28,64,English,9.687613487243652,-2.201362133026123
28,64,French,-10.709369659423828,-3.0377025604248047
28,65,English,12.52318286895752,5.583372116088867
28,65,French,-12.719429969787598,19.4032039642334
28,66,English,14.644201278686523,6.433831691741943
28,66,French,-7.4495930671691895,13.016858100891113
28,67,English,15.637542724609375,11.634552955627441
28,67,French,-10.017127990722656,16.615602493286133
28,68,English,12.63650894165039,-10.614296913146973
28,68,French,-13.817715644836426,-11.524601936340332
28,69,English,10.705907821655273,-13.96705436706543
28,69,French,-17.01862335205078,-10.777088165283203
28,70,English,16.614360809326172,7.863303184509277
28,70,French,-12.854339599609375,16.913753509521484
28,71,English,8.16546630859375,-11.128216743469238
28,71,French,-7.80048942565918,-8.282872200012207
28,72,English,14.728132247924805,9.332621574401855
28,72,French,-14.937540054321289,12.080820083618164
28,73,English,14.50759220123291,5.539649963378906
28,73,French,-9.364355087280273,2.504621744155884
28,74,English,12.024827003479004,-7.838711261749268
28,74,French,-17.496196746826172,-11.247204780578613
28,75,English,15.309853553771973,-3.5702641010284424
28,75,French,-16.03236961364746,3.620992660522461
28,76,English,15.702499389648438,3.370858907699585
28,76,French,-8.861775398254395,5.134345054626465
28,77,English,12.535341262817383,5.291591644287109
28,77,French,-9.28214168548584,7.6283111572265625
28,78,English,9.848000526428223,-7.387484073638916
28,78,French,-8.187467575073242,-9.778304100036621
28,79,English,11.581928253173828,6.271289348602295
28,79,French,-10.818746566772461,9.412822723388672
28,80,English,8.172019004821777,-14.376297950744629
28,80,French,-12.739384651184082,-13.997251510620117
28,81,English,12.341842651367188,-13.043030738830566
28,81,French,-14.590700149536133,-16.18995475769043
28,82,English,11.474995613098145,-12.774380683898926
28,82,French,-15.100630760192871,-14.559733390808105
28,83,English,14.903297424316406,9.158304214477539
28,83,French,-14.567452430725098,7.560168266296387
28,84,English,11.586639404296875,-11.337372779846191
28,84,French,-13.435598373413086,-13.95263671875
28,85,English,10.206571578979492,7.379019260406494
28,85,French,-10.778554916381836,15.04690933227539
28,86,English,14.811552047729492,-1.5107935667037964
28,86,French,-12.05526065826416,3.4342663288116455
28,87,English,13.215496063232422,-8.418144226074219
28,87,French,-15.108275413513184,-9.154885292053223
28,88,English,12.281957626342773,-11.833932876586914
28,88,French,-16.917924880981445,-15.111770629882812
28,89,English,10.225837707519531,-9.787820816040039
28,89,French,-10.820923805236816,-10.562051773071289
28,90,English,11.339932441711426,-12.912055015563965
28,90,French,-14.915772438049316,-10.668856620788574
28,91,English,12.698840141296387,-8.236257553100586
28,91,French,-15.244905471801758,-8.86115837097168
28,92,English,14.976723670959473,1.354957938194275
28,92,French,-14.312129974365234,-0.974419116973877
28,93,English,12.2241792678833,-8.968043327331543
28,93,French,-15.255032539367676,-8.985077857971191
28,94,English,12.506160736083984,-10.879620552062988
28,94,French,-17.957277297973633,-10.69596004486084
28,95,English,8.801218032836914,-7.761539936065674
28,95,French,-12.095719337463379,-7.614267826080322
28,96,English,13.1774320602417,1.6765490770339966
28,96,French,-12.401671409606934,-1.9724122285842896
28,97,English,14.707291603088379,2.7642033100128174
28,97,French,-16.958824157714844,-2.4824302196502686
28,98,English,12.202738761901855,-10.090470314025879
28,98,French,-10.886242866516113,-9.974443435668945
28,99,English,10.925646781921387,-8.877671241760254
28,99,French,-11.295600891113281,-9.072610855102539
28,100,English,13.941000938415527,13.345732688903809
28,100,French,-8.262128829956055,20.510255813598633
28,101,English,13.269859313964844,-9.706823348999023
28,101,French,-13.310440063476562,-11.17917537689209
28,102,English,8.588382720947266,21.452850341796875
28,102,French,-4.896172523498535,23.68450927734375
28,103,English,16.43797492980957,11.66335391998291
28,103,French,-9.413103103637695,18.741125106811523
28,104,English,15.273284912109375,5.989221096038818
28,104,French,-4.597408294677734,13.84948444366455
28,105,English,8.63337516784668,15.185275077819824
28,105,French,0.8232114911079407,19.288114547729492
28,106,English,13.121475219726562,-4.665757179260254
28,106,French,-10.709290504455566,-3.333554744720459
28,107,English,13.095751762390137,0.03181859850883484
28,107,French,-15.254714012145996,4.957565784454346
28,108,English,13.66652774810791,5.031721591949463
28,108,French,-17.51169204711914,20.501216888427734
28,109,English,14.311838150024414,9.33393383026123
28,109,French,-15.326574325561523,11.623826026916504
28,110,English,10.961627006530762,-11.611753463745117
28,110,French,-12.472551345825195,-6.401253700256348
28,111,English,10.240982055664062,-2.670971155166626
28,111,French,-9.227614402770996,-0.7921713590621948
28,112,English,9.03046703338623,-10.023681640625
28,112,French,-13.930070877075195,-9.641463279724121
28,113,English,14.741772651672363,-3.2789907455444336
28,113,French,-18.190162658691406,7.670304775238037
28,114,English,16.284698486328125,11.057578086853027
28,114,French,-12.370939254760742,19.964950561523438
28,115,English,9.113638877868652,-7.63951301574707
28,115,French,-10.483614921569824,-8.967738151550293
28,116,English,17.566791534423828,8.830899238586426
28,116,French,-14.82938003540039,13.869342803955078
28,117,English,12.89671516418457,-11.144570350646973
28,117,French,-11.051268577575684,-3.120892286300659
28,118,English,3.0348918437957764,-12.51207160949707
28,118,French,-13.919595718383789,-12.682572364807129
28,119,English,12.16957950592041,-11.523564338684082
28,119,French,-15.361008644104004,-14.920069694519043
28,120,English,14.57010269165039,2.579089403152466
28,120,French,-13.900215148925781,1.65586519241333
28,121,English,10.902710914611816,-3.796809196472168
28,121,French,-5.954052448272705,-3.44954252243042
28,122,English,-2.9601898193359375,-3.399184465408325
28,122,French,-9.942501068115234,-7.83200740814209
28,123,English,15.374371528625488,0.972199559211731
28,123,French,-11.67194652557373,9.532883644104004
28,124,English,9.830924034118652,21.88259506225586
28,124,French,-13.908061027526855,17.12118911743164
28,125,English,17.214385986328125,2.6286263465881348
28,125,French,-14.481380462646484,12.16663646697998
28,126,English,18.85405921936035,14.267359733581543
28,126,French,-11.145953178405762,14.006576538085938
28,127,English,11.257457733154297,-10.698939323425293
28,127,French,-14.715697288513184,-11.61318588256836
28,128,English,8.585429191589355,-0.19623354077339172
28,128,French,-14.684088706970215,-3.1023945808410645
28,129,English,10.642525672912598,-14.145459175109863
28,129,French,-14.40218448638916,-15.175559043884277
28,130,English,10.21926498413086,-9.252861976623535
28,130,French,-16.236568450927734,-10.098860740661621
28,131,English,9.740846633911133,-8.83955192565918
28,131,French,-12.958158493041992,-10.964792251586914
28,132,English,10.752734184265137,-10.78009033203125
28,132,French,-13.028733253479004,-12.039297103881836
28,133,English,10.884454727172852,-9.144571304321289
28,133,French,-17.148916244506836,-7.786675453186035
28,134,English,10.344488143920898,-10.211567878723145
28,134,French,-14.720157623291016,-10.992777824401855
28,135,English,9.05565071105957,-9.760371208190918
28,135,French,-11.877205848693848,-12.015183448791504
28,136,English,9.338546752929688,6.3398966789245605
28,136,French,-8.731725692749023,15.284663200378418
28,137,English,13.823455810546875,4.384827613830566
28,137,French,-12.759025573730469,9.889702796936035
28,138,English,16.447139739990234,8.36087417602539
28,138,French,-15.780742645263672,16.816946029663086
28,139,English,12.206616401672363,-11.267088890075684
28,139,French,-16.899648666381836,-9.58078384399414
28,140,English,16.56618309020996,5.604443550109863
28,140,French,-12.732503890991211,13.585841178894043
28,141,English,12.669517517089844,-9.142952919006348
28,141,French,-13.366636276245117,-14.038833618164062
28,142,English,12.5330810546875,-9.951433181762695
28,142,French,-14.54473876953125,-12.450013160705566
28,143,English,11.866289138793945,-11.975568771362305
28,143,French,-16.8968505859375,-13.631966590881348
28,144,English,13.060169219970703,-8.088723182678223
28,144,French,-15.316716194152832,-9.621918678283691
28,145,English,11.639856338500977,-10.879149436950684
28,145,French,-14.936070442199707,-10.492134094238281
28,146,English,12.095837593078613,-5.09669303894043
28,146,French,-17.42774200439453,-13.662705421447754
28,147,English,12.817139625549316,6.097445011138916
28,147,French,-11.541910171508789,20.73884391784668
28,148,English,11.526411056518555,-9.340286254882812
28,148,French,-13.067818641662598,-12.281086921691895
28,149,English,13.95674991607666,15.109519004821777
28,149,French,-10.695219039916992,20.743871688842773
28,150,English,13.645319938659668,13.778900146484375
28,150,French,-14.434663772583008,17.641746520996094
28,151,English,12.098374366760254,-2.6192023754119873
28,151,French,-16.125411987304688,2.1963980197906494
28,152,English,14.69023609161377,4.698492050170898
28,152,French,-18.01153564453125,7.69687032699585
28,153,English,12.993565559387207,-7.888584613800049
28,153,French,-13.529467582702637,-5.722024917602539
28,154,English,11.824835777282715,-8.583621978759766
28,154,French,-12.293989181518555,-12.285187721252441
28,155,English,10.542665481567383,-12.646410942077637
28,155,French,-14.095112800598145,-16.365453720092773
28,156,English,11.155637741088867,-11.83183479309082
28,156,French,-14.78624439239502,-11.78420352935791
28,157,English,19.133005142211914,6.049457550048828
28,157,French,-12.07486343383789,10.537944793701172
28,158,English,16.46274185180664,8.288095474243164
28,158,French,-10.69499397277832,4.105427265167236
28,159,English,16.714740753173828,16.360204696655273
28,159,French,-13.71353530883789,24.198869705200195
28,160,English,11.029278755187988,-10.877233505249023
28,160,French,-17.55396270751953,-15.392329216003418
28,161,English,12.262215614318848,-3.4641950130462646
28,161,French,-14.195368766784668,0.9519962668418884
28,162,English,17.475629806518555,1.7919507026672363
28,162,French,-10.805788040161133,9.254846572875977
28,163,English,18.121070861816406,12.458512306213379
28,163,French,-15.341802597045898,14.005958557128906
28,164,English,11.522616386413574,-8.806151390075684
28,164,French,-12.882407188415527,-11.327387809753418
28,165,English,12.1015625,6.254403591156006
28,165,French,-7.450202941894531,-5.737022399902344
28,166,English,13.800882339477539,8.81275749206543
28,166,French,-9.23151683807373,18.88214111328125
28,167,English,16.303417205810547,8.071182250976562
28,167,French,-11.988921165466309,12.87813663482666
28,168,English,12.151702880859375,4.187901020050049
28,168,French,-7.972724914550781,14.309320449829102
28,169,English,11.8018217086792,-8.796378135681152
28,169,French,-16.743040084838867,-15.040374755859375
28,170,English,16.230497360229492,11.795687675476074
28,170,French,-8.58050537109375,16.865177154541016
28,171,English,17.031400680541992,6.695156574249268
28,171,French,-15.38410472869873,14.294403076171875
28,172,English,15.758485794067383,11.716711044311523
28,172,French,-11.758499145507812,14.18535041809082
28,173,English,14.66564655303955,8.147311210632324
28,173,French,-15.430176734924316,23.172536849975586
28,174,English,10.656584739685059,-15.532485961914062
28,174,French,-17.888652801513672,-14.861956596374512
28,175,English,11.105116844177246,-8.00624942779541
28,175,French,-10.1626615524292,-5.735544204711914
28,176,English,14.045822143554688,9.549460411071777
28,176,French,-14.1030912399292,20.190279006958008
28,177,English,8.931506156921387,-0.09951718151569366
28,177,French,-15.230034828186035,-7.318692207336426
28,178,English,14.65322494506836,2.981593370437622
28,178,French,-13.961501121520996,-5.745306015014648
28,179,English,12.590338706970215,-7.264017105102539
28,179,French,-11.31778335571289,-4.967123031616211
28,180,English,17.397907257080078,14.181403160095215
28,180,French,-7.443551063537598,14.011898040771484
28,181,English,13.223374366760254,-3.412208318710327
28,181,French,-9.212512016296387,-5.961235046386719
28,182,English,13.52151870727539,-2.8178768157958984
28,182,French,-13.440927505493164,-6.333946228027344
28,183,English,8.317754745483398,-8.165167808532715
28,183,French,-11.897632598876953,-10.688961029052734
28,184,English,14.523157119750977,12.35600471496582
28,184,French,-9.244839668273926,9.853189468383789
28,185,English,13.785168647766113,-2.08311128616333
28,185,French,-14.409825325012207,4.243365287780762
28,186,English,15.168669700622559,-6.336339950561523
28,186,French,-18.035858154296875,-10.343087196350098
28,187,English,11.716727256774902,-12.990626335144043
28,187,French,-14.754339218139648,-12.918386459350586
28,188,English,10.156879425048828,-7.027474403381348
28,188,French,-12.76161003112793,-8.599166870117188
28,189,English,15.73958683013916,7.993156433105469
28,189,French,-14.443756103515625,15.241143226623535
28,190,English,14.96016788482666,18.95145606994629
28,190,French,-10.646989822387695,24.332101821899414
28,191,English,14.5745210647583,4.064637184143066
28,191,French,-14.470224380493164,23.244714736938477
28,192,English,13.96855354309082,10.524724960327148
28,192,French,-12.463111877441406,4.121510982513428
28,193,English,11.276328086853027,-10.446080207824707
28,193,French,-16.55295753479004,-11.44776439666748
28,194,English,11.4312105178833,-8.07581901550293
28,194,French,-11.713178634643555,-9.031656265258789
28,195,English,12.093127250671387,-8.835165977478027
28,195,French,-14.433736801147461,-7.11900520324707
28,196,English,10.758094787597656,-9.677024841308594
28,196,French,-12.972939491271973,-13.881653785705566
28,197,English,9.572970390319824,-12.062036514282227
28,197,French,-16.230422973632812,-12.264898300170898
28,198,English,15.212835311889648,2.554936647415161
28,198,French,-14.995304107666016,2.907912492752075
28,199,English,10.390705108642578,-12.213643074035645
28,199,French,-14.100662231445312,-12.58347225189209
29,0,English,15.927781105041504,10.805042266845703
29,0,French,-9.251547813415527,15.069929122924805
29,1,English,12.018548011779785,2.0242350101470947
29,1,French,-13.296218872070312,-5.85594367980957
29,2,English,13.985766410827637,6.162862300872803
29,2,French,-16.460927963256836,3.9177634716033936
29,3,English,8.866094589233398,-5.966125965118408
29,3,French,-10.21290397644043,-8.898574829101562
29,4,English,11.408769607543945,-8.53337574005127
29,4,French,-15.550684928894043,-14.19486141204834
29,5,English,16.229473114013672,13.646929740905762
29,5,French,-12.279866218566895,22.524316787719727
29,6,English,6.682922840118408,-9.881681442260742
29,6,French,-10.250264167785645,-9.160828590393066
29,7,English,9.7173490524292,-7.574166297912598
29,7,French,-10.000304222106934,-5.505691051483154
29,8,English,10.190984725952148,9.74152946472168
29,8,French,-9.514691352844238,13.179567337036133
29,9,English,13.785040855407715,-3.9485573768615723
29,9,French,-3.362307071685791,-1.1037832498550415
29,10,English,11.005568504333496,-8.646190643310547
29,10,French,-15.309070587158203,9.061002731323242
29,11,English,11.048355102539062,-5.945523262023926
29,11,French,-10.974603652954102,1.3712860345840454
29,12,English,4.8165483474731445,6.468726634979248
29,12,French,-8.885900497436523,5.652068614959717
29,13,English,12.40733528137207,10.42388916015625
29,13,French,-10.16849136352539,16.11042594909668
29,14,English,12.345465660095215,-6.9925055503845215
29,14,French,-9.150577545166016,-10.072012901306152
29,15,English,10.216672897338867,-9.370051383972168
29,15,French,-8.70222282409668,-9.942060470581055
29,16,English,13.137289047241211,-3.129826784133911
29,16,French,-12.038667678833008,-10.19461441040039
29,17,English,11.485835075378418,-1.3853708505630493
29,17,French,-12.104101181030273,1.6516947746276855
29,18,English,14.409605979919434,9.751870155334473
29,18,French,-11.408780097961426,19.996992111206055
29,19,English,9.508110046386719,-9.568325996398926
29,19,French,-13.783186912536621,-9.667508125305176
29,20,English,14.142694473266602,4.9817376136779785
29,20,French,-11.753547668457031,2.4230735301971436
29,21,English,11.382641792297363,-4.208289623260498
29,21,French,-12.530350685119629,-3.2834882736206055
29,22,English,13.036796569824219,6.826883792877197
29,22,French,-11.060894012451172,15.620667457580566
29,23,English,9.121670722961426,-9.250931739807129
29,23,French,-13.909936904907227,-9.025772094726562
29,24,English,17.551586151123047,7.135457992553711
29,24,French,-6.528349876403809,20.733701705932617
29,25,English,9.505367279052734,-3.6543493270874023
29,25,French,-15.584366798400879,9.472634315490723
29,26,English,15.930270195007324,3.6824564933776855
29,26,French,-7.14154577255249,9.696066856384277
29,27,English,9.845699310302734,-12.53939151763916
29,27,French,-15.156805992126465,-9.835536003112793
29,28,English,9.732522010803223,-10.054786682128906
29,28,French,-10.075736045837402,-9.366416931152344
29,29,English,12.220802307128906,-4.472573280334473
29,29,French,-14.148313522338867,-2.7196149826049805
29,30,English,7.349332332611084,-4.263278961181641
29,30,French,-2.8417000770568848,-5.443906307220459
29,31,English,12.608687400817871,13.625870704650879
29,31,French,-13.170185089111328,27.77046775817871
29,32,English,12.262487411499023,-9.14529800415039
29,32,French,-10.332715034484863,-11.488200187683105
29,33,English,14.007756233215332,5.53737735748291
29,33,French,-8.621528625488281,10.04450798034668
29,34,English,11.882204055786133,6.854371547698975
29,34,French,-9.216279983520508,9.115364074707031
29,35,English,11.141200065612793,3.856065511703491
29,35,French,-8.308565139770508,10.453348159790039
29,36,English,8.109641075134277,-12.230255126953125
29,36,French,-7.8150858879089355,-10.568531036376953
29,37,English,12.438673973083496,-1.4890049695968628
29,37,French,-14.345075607299805,0.5126391053199768
29,38,English,12.989285469055176,-4.28668212890625
29,38,French,-14.474981307983398,-12.455727577209473
29,39,English,16.020566940307617,3.208266019821167
29,39,French,-16.389116287231445,11.023681640625
29,40,English,13.607394218444824,3.726529121398926
29,40,French,-7.535088539123535,19.102317810058594
29,41,English,15.033587455749512,3.6177241802215576
29,41,French,-14.35594367980957,8.675607681274414
29,42,English,13.520207405090332,10.19141674041748
29,42,French,-5.481131076812744,14.87777042388916
29,43,English,12.58860969543457,-4.756289482116699
29,43,French,-14.656255722045898,-7.614751815795898
29,44,English,13.103713035583496,9.86938762664795
29,44,French,-9.706860542297363,12.611640930175781
29,45,English,17.551586151123047,7.135457992553711
29,45,French,-6.6407318115234375,20.372817993164062
29,46,English,9.89310073852539,-1.3624848127365112
29,46,French,-12.117100715637207,-4.144636631011963
29,47,English,8.6108980178833,-8.041736602783203
29,47,French,-14.251591682434082,-1.804793119430542
29,48,English,10.01528549194336,-7.186376094818115
29,48,French,-11.606318473815918,-0.5240471363067627
29,49,English,9.218772888183594,-6.00727653503418
29,49,French,-6.855033874511719,-7.572422027587891
29,50,English,12.920105934143066,-4.434175968170166
29,50,French,-11.803898811340332,-5.533688068389893
29,51,English,14.564302444458008,0.7361102104187012
29,51,French,-4.439342021942139,15.486306190490723
29,52,English,15.447189331054688,1.720738172531128
29,52,French,-11.363994598388672,14.461038589477539
29,53,English,11.000205993652344,-3.3720932006835938
29,53,French,-14.567150115966797,-9.440170288085938
29,54,English,12.391934394836426,-5.141791343688965
29,54,French,-13.19865608215332,-6.386369228363037
29,55,English,9.445250511169434,-9.198734283447266
29,55,French,-13.018341064453125,-11.674338340759277
29,56,English,9.061080932617188,-12.521611213684082
29,56,French,-14.916542053222656,-11.541224479675293
29,57,English,10.689888000488281,6.305023193359375
29,57,French,-7.091435432434082,20.010772705078125
29,58,English,13.464452743530273,5.031506061553955
29,58,French,-12.765774726867676,6.35862922668457
29,59,English,14.378140449523926,3.984952211380005
29,59,French,-7.952713966369629,15.013225555419922
29,60,English,11.487824440002441,-4.555453777313232
29,60,French,-13.83187198638916,-6.381129264831543
29,61,English,8.91390609741211,5.836818218231201
29,61,French,-11.724422454833984,10.71751594543457
29,62,English,11.6189546585083,-1.0792245864868164
29,62,French,-15.5484037399292,-2.9598023891448975
29,63,English,13.81035041809082,3.001530408859253
29,63,French,-13.197522163391113,12.841233253479004
29,64,English,9.269512176513672,-0.6126356720924377
29,64,French,-9.759078979492188,-2.607022762298584
29,65,English,11.911458969116211,4.219474792480469
29,65,French,-11.492280960083008,16.413536071777344
29,66,English,13.496719360351562,5.6732707023620605
29,66,French,-7.157451152801514,10.966887474060059
29,67,English,14.379048347473145,6.547399997711182
29,67,French,-8.982504844665527,12.763480186462402
29,68,English,11.449823379516602,-9.506325721740723
29,68,French,-13.035807609558105,-9.414254188537598
29,69,English,8.58946418762207,-16.73880958557129
29,69,French,-16.30600357055664,-10.393967628479004
29,70,English,15.531327247619629,5.160514831542969
29,70,French,-11.89273738861084,14.71778392791748
29,71,English,6.4575514793396,-11.168619155883789
29,71,French,-8.289111137390137,-10.146822929382324
29,72,English,13.655805587768555,8.471501350402832
29,72,French,-13.812264442443848,10.315723419189453
29,73,English,12.182405471801758,2.9922516345977783
29,73,French,-8.485420227050781,4.420897483825684
29,74,English,11.363024711608887,-6.6628098487854
29,74,French,-15.7972412109375,-10.262613296508789
29,75,English,13.919574737548828,-4.725203037261963
29,75,French,-14.829055786132812,2.5921521186828613
29,76,English,14.302536964416504,1.1840060949325562
29,76,French,-8.38580322265625,0.8168479800224304
29,77,English,11.592048645019531,3.9947125911712646
29,77,French,-8.004064559936523,6.76450252532959
29,78,English,8.607856750488281,-5.344765663146973
29,78,French,-7.5923380851745605,-7.312135696411133
29,79,English,11.330737113952637,6.112523078918457
29,79,French,-10.104134559631348,8.428956031799316
29,80,English,6.3730363845825195,-14.623226165771484
29,80,French,-12.2374906539917,-12.796273231506348
29,81,English,10.610978126525879,-12.666473388671875
29,81,French,-14.895971298217773,-16.342525482177734
29,82,English,10.409497261047363,-11.222225189208984
29,82,French,-14.206567764282227,-12.086003303527832
29,83,English,13.5486478805542,8.010104179382324
29,83,French,-14.26187801361084,1.8259035348892212
29,84,English,9.820280075073242,-11.952057838439941
29,84,French,-13.57167911529541,-16.086748123168945
29,85,English,9.217365264892578,10.324630737304688
29,85,French,-8.595362663269043,15.076892852783203
29,86,English,14.065427780151367,-0.9907522201538086
29,86,French,-10.568582534790039,4.174032211303711
29,87,English,12.684449195861816,-5.917325973510742
29,87,French,-14.439033508300781,-8.070923805236816
29,88,English,10.911248207092285,-9.584993362426758
29,88,French,-15.501131057739258,-10.698262214660645
29,89,English,8.565181732177734,-10.930410385131836
29,89,French,-10.339093208312988,-10.037261962890625
29,90,English,10.55412769317627,-12.628120422363281
29,90,French,-13.443775177001953,-7.375522613525391
29,91,English,11.231497764587402,-6.643039226531982
29,91,French,-14.775115966796875,-7.745185375213623
29,92,English,13.657625198364258,0.6595752835273743
29,92,French,-13.205686569213867,0.5110201239585876
29,93,English,11.785457611083984,-6.879836559295654
29,93,French,-14.081554412841797,-6.96216344833374
29,94,English,11.282842636108398,-10.000079154968262
29,94,French,-16.796201705932617,-8.643527030944824
29,95,English,7.669151782989502,-6.836114883422852
29,95,French,-11.612604141235352,-5.530884742736816
29,96,English,12.09659481048584,1.1457390785217285
29,96,French,-11.330409049987793,-1.8614915609359741
29,97,English,14.333332061767578,3.505682945251465
29,97,French,-16.957977294921875,-9.796204566955566
29,98,English,11.134064674377441,-7.999739170074463
29,98,French,-10.871718406677246,-9.673550605773926
29,99,English,10.2750883102417,-5.831459045410156
29,99,French,-9.499126434326172,-4.40802001953125
29,100,English,12.069587707519531,9.463690757751465
29,100,French,-6.867776393890381,16.86046600341797
29,101,English,12.903656005859375,-6.42174768447876
29,101,French,-12.635746002197266,-9.699419021606445
29,102,English,7.999752044677734,22.179222106933594
29,102,French,-2.9946343898773193,27.860624313354492
29,103,English,15.922126770019531,11.924256324768066
29,103,French,-8.11229419708252,17.48838996887207
29,104,English,14.201504707336426,2.629653215408325
29,104,French,-3.1246156692504883,17.9938907623291
29,105,English,7.0622968673706055,13.828811645507812
29,105,French,1.4590277671813965,24.72927474975586
29,106,English,11.287567138671875,-5.6975178718566895
29,106,French,-9.93301773071289,-1.681972861289978
29,107,English,11.289278030395508,-4.886999130249023
29,107,French,-14.237608909606934,3.8315672874450684
29,108,English,12.799090385437012,2.74664044380188
29,108,French,-14.451505661010742,18.514495849609375
29,109,English,13.353203773498535,10.092607498168945
29,109,French,-13.651595115661621,10.60123348236084
29,110,English,10.449630737304688,-8.625041961669922
29,110,French,-11.977015495300293,-5.400703430175781
29,111,English,8.313733100891113,-5.985815048217773
29,111,French,-8.49277114868164,0.1505805253982544
29,112,English,7.863682746887207,-8.370611190795898
29,112,French,-13.26883316040039,-7.152231216430664
29,113,English,14.626276016235352,-1.5446170568466187
29,113,French,-16.123817443847656,5.676213264465332
29,114,English,15.004693984985352,8.56567096710205
29,114,French,-11.703643798828125,16.52902603149414
29,115,English,7.677125930786133,-7.483024597167969
29,115,French,-10.876459121704102,-8.98730182647705
29,116,English,16.65791130065918,8.719742774963379
29,116,French,-12.920136451721191,10.779766082763672
29,117,English,11.965253829956055,-8.990511894226074
29,117,French,-10.190390586853027,-0.8340910077095032
29,118,English,3.0296413898468018,-10.174615859985352
29,118,French,-12.984673500061035,-10.76161003112793
29,119,English,11.833348274230957,-8.243091583251953
29,119,French,-14.465864181518555,-12.455724716186523
29,120,English,13.625062942504883,3.187906265258789
29,120,French,-12.87242603302002,1.2340211868286133
29,121,English,8.502256393432617,-6.876946449279785
29,121,French,-5.651345729827881,-4.216993808746338
29,122,English,-3.3120412826538086,-2.4900262355804443
29,122,French,-9.476290702819824,-6.407822132110596
29,123,English,13.50381088256836,-2.3767411708831787
29,123,French,-9.81197738647461,8.099555969238281
29,124,English,9.10704231262207,18.48558235168457
29,124,French,-11.227152824401855,17.458101272583008
29,125,English,16.726177215576172,4.9472222328186035
29,125,French,-13.819145202636719,6.69907283782959
29,126,English,17.54056167602539,12.879088401794434
29,126,French,-9.413951873779297,19.80426025390625
29,127,English,9.215731620788574,-11.647595405578613
29,127,French,-13.915163040161133,-9.829148292541504
29,128,English,7.852779388427734,0.582119882106781
29,128,French,-13.50069522857666,-3.6743133068084717
29,129,English,9.656404495239258,-11.332428932189941
29,129,French,-13.981990814208984,-14.80177116394043
29,130,English,9.522209167480469,-7.143631935119629
29,130,French,-14.753390312194824,-8.556425094604492
29,131,English,9.295357704162598,-6.739660263061523
29,131,French,-11.447508811950684,-7.280879020690918
29,132,English,9.561092376708984,-10.456295013427734
29,132,French,-12.429701805114746,-10.528016090393066
29,133,English,9.617332458496094,-8.723451614379883
29,133,French,-16.124723434448242,-6.838762283325195
29,134,English,9.548116683959961,-9.924285888671875
29,134,French,-13.553468704223633,-9.913783073425293
29,135,English,8.008220672607422,-9.752532958984375
29,135,French,-11.04587459564209,-10.131000518798828
29,136,English,8.026554107666016,6.306003570556641
29,136,French,-7.485531806945801,13.06175708770752
29,137,English,12.684925079345703,4.354936122894287
29,137,French,-11.565863609313965,8.810373306274414
29,138,English,14.739635467529297,6.2028374671936035
29,138,French,-13.72124195098877,16.313228607177734
29,139,English,11.888405799865723,-8.944558143615723
29,139,French,-16.009498596191406,-8.391756057739258
29,140,English,15.970348358154297,5.142292499542236
29,140,French,-11.56533432006836,10.946454048156738
29,141,English,11.968267440795898,-5.527507305145264
29,141,French,-12.719972610473633,-12.711302757263184
29,142,English,10.880611419677734,-9.50632381439209
29,142,French,-14.033621788024902,-10.536945343017578
29,143,English,10.751237869262695,-10.571879386901855
29,143,French,-15.688426971435547,-11.562095642089844
29,144,English,11.488042831420898,-9.666303634643555
29,144,French,-14.248429298400879,-9.527570724487305
29,145,English,10.105828285217285,-10.996047973632812
29,145,French,-13.995997428894043,-8.958782196044922
29,146,English,11.658072471618652,-3.3218514919281006
29,146,French,-16.22608757019043,-11.347733497619629
29,147,English,11.763906478881836,4.516554355621338
29,147,French,-9.565329551696777,19.670246124267578
29,148,English,10.05919075012207,-8.388895034790039
29,148,French,-12.420517921447754,-10.479802131652832
29,149,English,13.059507369995117,11.867059707641602
29,149,French,-7.842677593231201,22.29986000061035
29,150,English,13.176905632019043,17.068008422851562
29,150,French,-14.273018836975098,13.982254028320312
29,151,English,10.960022926330566,-2.8262624740600586
29,151,French,-14.772981643676758,1.9556784629821777
29,152,English,12.982732772827148,0.17421716451644897
29,152,French,-16.029870986938477,4.303423881530762
29,153,English,12.319005012512207,-5.012138843536377
29,153,French,-12.069887161254883,-4.3729658126831055
29,154,English,10.88305950164795,-6.765331268310547
29,154,French,-11.81731128692627,-10.32778549194336
29,155,English,9.575804710388184,-10.384562492370605
29,155,French,-13.847199440002441,-14.401708602905273
29,156,English,9.66948127746582,-11.027371406555176
29,156,French,-13.377510070800781,-8.778905868530273
29,157,English,18.18146514892578,7.120142936706543
29,157,French,-9.928077697753906,9.91645622253418
29,158,English,16.600324630737305,9.646193504333496
29,158,French,-9.884847640991211,1.9853426218032837
29,159,English,14.80671501159668,11.80516242980957
29,159,French,-12.276004791259766,19.70293617248535
29,160,English,9.737128257751465,-10.83484172821045
29,160,French,-16.707128524780273,-15.137055397033691
29,161,English,11.418044090270996,-3.9042060375213623
29,161,French,-12.112936973571777,3.4076385498046875
29,162,English,16.172012329101562,4.9409308433532715
29,162,French,-9.490255355834961,8.867506980895996
29,163,English,15.463811874389648,7.039974212646484
29,163,French,-15.902379035949707,5.115624904632568
29,164,English,9.573896408081055,-9.153960227966309
29,164,French,-12.158860206604004,-8.368797302246094
29,165,English,10.300975799560547,4.923111438751221
29,165,French,-7.5619120597839355,-4.726529121398926
29,166,English,12.09062671661377,7.24196195602417
29,166,French,-7.328099727630615,19.53890609741211
29,167,English,14.534431457519531,3.1144392490386963
29,167,French,-10.328842163085938,8.070063591003418
29,168,English,10.943704605102539,1.78349769115448
29,168,French,-7.090091228485107,13.046041488647461
29,169,English,10.191584587097168,-8.663629531860352
29,169,French,-15.672453880310059,-12.561257362365723
29,170,English,14.865968704223633,8.002748489379883
29,170,French,-8.038436889648438,13.997509956359863
29,171,English,15.894796371459961,6.6656575202941895
29,171,French,-12.994399070739746,15.247750282287598
29,172,English,15.248254776000977,9.495686531066895
29,172,French,-10.644425392150879,10.582403182983398
29,173,English,13.726645469665527,4.410903453826904
29,173,French,-13.209672927856445,18.000524520874023
29,174,English,9.955756187438965,-13.548361778259277
29,174,French,-16.868404388427734,-13.168663024902344
29,175,English,8.98599624633789,-10.253683090209961
29,175,French,-9.041425704956055,-3.9913487434387207
29,176,English,12.999853134155273,6.725772857666016
29,176,French,-11.93356990814209,20.387731552124023
29,177,English,8.443486213684082,1.180230975151062
29,177,French,-14.30099105834961,-5.85179328918457
29,178,English,13.339874267578125,1.6694812774658203
29,178,French,-12.068204879760742,-2.2403602600097656
29,179,English,11.936067581176758,-3.7967352867126465
29,179,French,-10.22285270690918,-4.135496616363525
29,180,English,16.224761962890625,11.819816589355469
29,180,French,-6.595500946044922,11.278183937072754
29,181,English,12.195310592651367,-1.197052240371704
29,181,French,-8.058303833007812,-3.6964104175567627
29,182,English,12.00086784362793,-2.0118656158447266
29,182,French,-13.73390007019043,-9.340173721313477
29,183,English,7.343455791473389,-6.713200569152832
29,183,French,-11.531769752502441,-8.72184944152832
29,184,English,13.182759284973145,8.478665351867676
29,184,French,-7.193564414978027,9.410289764404297
29,185,English,12.137433052062988,-3.2931149005889893
29,185,French,-13.06080436706543,2.7477288246154785
29,186,English,13.856916427612305,-4.976160049438477
29,186,French,-17.41779899597168,-10.031156539916992
29,187,English,10.284923553466797,-11.543834686279297
29,187,French,-13.464950561523438,-9.150045394897461
29,188,English,9.481703758239746,-5.133790016174316
29,188,French,-11.277122497558594,-6.586414337158203
29,189,English,15.994966506958008,9.488776206970215
29,189,French,-12.817122459411621,14.333223342895508
29,190,English,13.143799781799316,9.891637802124023
29,190,French,-10.386481285095215,25.509565353393555
29,191,English,13.873517990112305,3.7926697731018066
29,191,French,-12.180877685546875,19.485546112060547
29,192,English,13.282751083374023,12.327195167541504
29,192,French,-11.441559791564941,5.908442974090576
29,193,English,10.327327728271484,-9.390864372253418
29,193,French,-14.9447603225708,-7.725445747375488
29,194,English,10.464882850646973,-6.25414514541626
29,194,French,-10.504448890686035,-6.0492472648620605
29,195,English,11.273466110229492,-7.74589729309082
29,195,French,-13.564277648925781,-5.927053928375244
29,196,English,9.63277816772461,-8.966486930847168
29,196,French,-12.074103355407715,-11.951528549194336
29,197,English,7.006560325622559,-13.223973274230957
29,197,French,-15.289341926574707,-9.584403991699219
29,198,English,14.495396614074707,1.0055549144744873
29,198,French,-12.349228858947754,4.711789608001709
29,199,English,9.376548767089844,-10.249950408935547
29,199,French,-13.600008010864258,-11.503247261047363
30,0,English,16.237180709838867,6.501859664916992
30,0,French,-5.977382183074951,18.364809036254883
30,1,English,12.331856727600098,-0.4824252724647522
30,1,French,-14.801379203796387,-5.716561317443848
30,2,English,14.509674072265625,2.202805995941162
30,2,French,-15.755992889404297,2.3307745456695557
30,3,English,8.273159980773926,-4.587541580200195
30,3,French,-11.520390510559082,-6.9684271812438965
30,4,English,11.098336219787598,-6.448532581329346
30,4,French,-18.363492965698242,-10.99993896484375
30,5,English,19.646013259887695,14.503247261047363
30,5,French,-8.017568588256836,21.589509963989258
30,6,English,5.349908351898193,-8.969376564025879
30,6,French,-11.646503448486328,-5.63329553604126
30,7,English,8.121089935302734,-10.60755729675293
30,7,French,-10.316673278808594,1.316784143447876
30,8,English,10.224410057067871,4.811675071716309
30,8,French,-4.284970283508301,23.255990982055664
30,9,English,14.193597793579102,3.661611318588257
30,9,French,-1.7660430669784546,7.57184362411499
30,10,English,8.660221099853516,-12.133282661437988
30,10,French,-12.100783348083496,17.83700942993164
30,11,English,10.382658958435059,-4.91063928604126
30,11,French,-10.547784805297852,1.5794042348861694
30,12,English,6.127333641052246,2.6655797958374023
30,12,French,-7.540886402130127,3.010552167892456
30,13,English,14.400099754333496,9.54194450378418
30,13,French,-6.7621846199035645,14.25102424621582
30,14,English,12.089459419250488,-3.8769173622131348
30,14,French,-10.692171096801758,-2.3449532985687256
30,15,English,10.29901123046875,-3.4233503341674805
30,15,French,-10.322793960571289,-4.787377834320068
30,16,English,13.264352798461914,-5.257485389709473
30,16,French,-14.040142059326172,-8.834300994873047
30,17,English,11.570392608642578,-3.0218915939331055
30,17,French,-11.763062477111816,1.2848217487335205
30,18,English,14.51894474029541,4.077666759490967
30,18,French,-8.383376121520996,16.62297821044922
30,19,English,8.861639022827148,-8.180002212524414
30,19,French,-15.521965980529785,-4.454399585723877
30,20,English,17.008255004882812,12.24254322052002
30,20,French,-11.780624389648438,2.2833352088928223
30,21,English,10.878710746765137,-6.249843120574951
30,21,French,-11.689998626708984,0.31229427456855774
30,22,English,11.147109031677246,-3.821556806564331
30,22,French,-8.738336563110352,11.987650871276855
30,23,English,8.339197158813477,-8.964624404907227
30,23,French,-15.288579940795898,-4.352748870849609
30,24,English,18.58626937866211,4.1400980949401855
30,24,French,-2.6714067459106445,16.973876953125
30,25,English,7.981932640075684,-8.297662734985352
30,25,French,-13.170464515686035,12.272780418395996
30,26,English,16.577838897705078,2.6085095405578613
30,26,French,-4.201048851013184,12.634310722351074
30,27,English,7.259256839752197,-14.195712089538574
30,27,French,-17.011709213256836,-5.41892671585083
30,28,English,7.765081882476807,-11.766107559204102
30,28,French,-11.547921180725098,-7.658158302307129
30,29,English,10.482571601867676,-9.552680969238281
30,29,French,-14.852483749389648,-5.0590949058532715
30,30,English,6.829423904418945,-4.89082145690918
30,30,French,-2.8505542278289795,-2.0834646224975586
30,31,English,11.587422370910645,2.573679208755493
30,31,French,-7.023155212402344,26.722360610961914
30,32,English,12.045806884765625,-5.183577060699463
30,32,French,-12.303328514099121,-5.752871036529541
30,33,English,12.65066146850586,-3.5857574939727783
30,33,French,-7.838634490966797,5.570938587188721
30,34,English,11.989927291870117,4.343965530395508
30,34,French,-8.706794738769531,6.52210807800293
30,35,English,10.388203620910645,1.2969704866409302
30,35,French,-6.616557598114014,9.055264472961426
30,36,English,7.173744201660156,-9.105660438537598
30,36,French,-9.551392555236816,-7.884212017059326
30,37,English,10.839521408081055,-6.217348098754883
30,37,French,-12.533544540405273,6.308971881866455
30,38,English,13.090916633605957,-3.0522186756134033
30,38,French,-16.25659942626953,-7.163671970367432
30,39,English,16.907489776611328,1.847959041595459
30,39,French,-13.795625686645508,13.572748184204102
30,40,English,12.4810152053833,-2.7636826038360596
30,40,French,-4.247280597686768,14.680424690246582
30,41,English,15.401211738586426,2.4359054565429688
30,41,French,-14.449165344238281,4.400020122528076
30,42,English,13.887086868286133,4.632204532623291
30,42,French,-4.8314924240112305,6.973623275756836
30,43,English,10.681729316711426,-10.436832427978516
30,43,French,-15.898172378540039,-10.045999526977539
30,44,English,12.758305549621582,-0.2502027750015259
30,44,French,-6.582734107971191,11.954385757446289
30,45,English,18.58626937866211,4.1400980949401855
30,45,French,-2.3884661197662354,18.14047622680664
30,46,English,10.952763557434082,2.7011396884918213
30,46,French,-11.407787322998047,1.2109404802322388
30,47,English,7.660192012786865,-8.527931213378906
30,47,French,-13.213061332702637,5.097414016723633
30,48,English,10.527875900268555,-4.11755895614624
30,48,French,-10.152053833007812,6.021368980407715
30,49,English,7.771249294281006,-7.412863254547119
30,49,French,-7.528911590576172,-4.835119247436523
30,50,English,12.61695384979248,-3.826037883758545
30,50,French,-12.30767822265625,-1.8223037719726562
30,51,English,13.511656761169434,-2.8169422149658203
30,51,French,-1.42859947681427,11.364872932434082
30,52,English,16.172964096069336,1.5669591426849365
30,52,French,-10.815267562866211,7.058577537536621
30,53,English,11.825549125671387,-1.5743621587753296
30,53,French,-16.187549591064453,-3.3757436275482178
30,54,English,11.670320510864258,-6.6643877029418945
30,54,French,-13.532096862792969,-2.0482003688812256
30,55,English,7.926610946655273,-9.11690616607666
30,55,French,-15.137211799621582,-8.522400856018066
30,56,English,6.043055057525635,-16.89789581298828
30,56,French,-16.42538070678711,-9.625223159790039
30,57,English,11.27664566040039,0.2763330638408661
30,57,French,-3.2419564723968506,18.912044525146484
30,58,English,13.378968238830566,2.931323289871216
30,58,French,-10.962064743041992,11.216923713684082
30,59,English,15.652104377746582,2.561190605163574
30,59,French,-6.380422115325928,10.886837005615234
30,60,English,11.852739334106445,-2.400815963745117
30,60,French,-14.819994926452637,-3.2452385425567627
30,61,English,8.220898628234863,2.1604700088500977
30,61,French,-10.442599296569824,9.440364837646484
30,62,English,11.241008758544922,-3.716442823410034
30,62,French,-15.92391586303711,-0.5207692980766296
30,63,English,14.005763053894043,-0.49441298842430115
30,63,French,-11.489511489868164,12.286133766174316
30,64,English,10.111635208129883,2.808307647705078
30,64,French,-9.262311935424805,-0.6540860533714294
30,65,English,12.548611640930176,1.18861722946167
30,65,French,-9.544523239135742,12.243215560913086
30,66,English,12.01004695892334,1.8517022132873535
30,66,French,-6.284728050231934,8.760069847106934
30,67,English,12.860695838928223,-2.032012701034546
30,67,French,-8.7525053024292,2.7032580375671387
30,68,English,10.887418746948242,-6.615251064300537
30,68,French,-13.778039932250977,-4.334990501403809
30,69,English,5.796623706817627,-20.222532272338867
30,69,French,-17.893550872802734,-6.252353668212891
30,70,English,15.153114318847656,1.2620543241500854
30,70,French,-11.126829147338867,7.699016571044922
30,71,English,4.372337341308594,-11.092851638793945
30,71,French,-10.430177688598633,-10.175836563110352
30,72,English,15.393901824951172,6.620835781097412
30,72,French,-11.995710372924805,10.716568946838379
30,73,English,11.23785400390625,-2.56268048286438
30,73,French,-7.745558261871338,5.253596305847168
30,74,English,11.655193328857422,-4.579212188720703
30,74,French,-17.4472713470459,-6.031009674072266
30,75,English,12.019397735595703,-7.463095188140869
30,75,French,-14.969534873962402,4.139549732208252
30,76,English,13.581457138061523,-3.866201162338257
30,76,French,-8.70859146118164,-4.704456806182861
30,77,English,11.35058307647705,0.8128458261489868
30,77,French,-6.966610908508301,4.247138500213623
30,78,English,8.51064682006836,-1.8603554964065552
30,78,French,-8.10969352722168,-2.266805410385132
30,79,English,12.3845853805542,2.0724706649780273
30,79,French,-9.74656867980957,6.110324859619141
30,80,English,3.4138784408569336,-15.447771072387695
30,80,French,-14.740199089050293,-8.785612106323242
30,81,English,8.362236976623535,-13.378881454467773
30,81,French,-19.176633834838867,-14.725985527038574
30,82,English,9.968246459960938,-9.15288257598877
30,82,French,-16.06914520263672,-5.353250980377197
30,83,English,14.06804370880127,6.0408172607421875
30,83,French,-14.396404266357422,-2.6139934062957764
30,84,English,6.876636981964111,-14.006314277648926
30,84,French,-17.22215461730957,-15.501266479492188
30,85,English,14.13514518737793,19.619050979614258
30,85,French,-4.775391101837158,16.336238861083984
30,86,English,13.894301414489746,-1.007606863975525
30,86,French,-9.681296348571777,4.729756832122803
30,87,English,12.704655647277832,-3.902024984359741
30,87,French,-16.178255081176758,-6.7229156494140625
30,88,English,9.809269905090332,-8.627362251281738
30,88,French,-17.677099227905273,-3.542710304260254
30,89,English,6.1020917892456055,-13.270085334777832
30,89,French,-12.71403694152832,-8.934086799621582
30,90,English,8.415541648864746,-13.397216796875
30,90,French,-14.187786102294922,-0.5265851020812988
30,91,English,10.32302188873291,-5.986037731170654
30,91,French,-16.28390121459961,-4.889373779296875
30,92,English,13.113385200500488,-0.8785064220428467
30,92,French,-12.804601669311523,1.774544596672058
30,93,English,13.098408699035645,-2.2003333568573
30,93,French,-14.686067581176758,-1.640073537826538
30,94,English,9.796672821044922,-9.823114395141602
30,94,French,-18.229936599731445,-4.171708583831787
30,95,English,6.464024066925049,-6.609195232391357
30,95,French,-12.725074768066406,-1.8675401210784912
30,96,English,13.32175350189209,2.183746576309204
30,96,French,-11.594752311706543,-0.8309822678565979
30,97,English,16.25115966796875,6.302609443664551
30,97,French,-20.12834358215332,-17.021604537963867
30,98,English,10.511159896850586,-5.488131046295166
30,98,French,-13.105700492858887,-10.033641815185547
30,99,English,10.508371353149414,-2.4814183712005615
30,99,French,-8.469892501831055,3.1904594898223877
30,100,English,11.689411163330078,0.43252959847450256
30,100,French,-4.9884867668151855,10.862401962280273
30,101,English,14.29948616027832,-1.7327076196670532
30,101,French,-14.469884872436523,-6.846634387969971
30,102,English,11.933053016662598,22.923919677734375
30,102,French,2.389298677444458,32.228538513183594
30,103,English,19.171329498291016,12.771533966064453
30,103,French,-4.152756214141846,16.98885154724121
30,104,English,14.546025276184082,1.0286626815795898
30,104,French,1.549951434135437,23.266048431396484
30,105,English,6.043984889984131,5.308335304260254
30,105,French,5.8617024421691895,28.580677032470703
30,106,English,9.456414222717285,-8.64331340789795
30,106,French,-10.34931755065918,0.19643792510032654
30,107,English,9.211909294128418,-10.299735069274902
30,107,French,-13.953802108764648,1.842423915863037
30,108,English,13.716362953186035,1.7429577112197876
30,108,French,-11.72666072845459,14.89847183227539
30,109,English,15.709073066711426,10.577789306640625
30,109,French,-11.886810302734375,10.040502548217773
30,110,English,10.431717872619629,-3.8313419818878174
30,110,French,-12.767803192138672,-3.0198299884796143
30,111,English,5.98610258102417,-6.769885540008545
30,111,French,-8.024064064025879,0.4182016849517822
30,112,English,7.026697158813477,-7.905511379241943
30,112,French,-13.952068328857422,-2.4024782180786133
30,113,English,15.732979774475098,2.6639251708984375
30,113,French,-15.182440757751465,3.652456521987915
30,114,English,15.372647285461426,1.6926084756851196
30,114,French,-10.23324203491211,10.902406692504883
30,115,English,5.977916240692139,-8.9682035446167
30,115,French,-12.95321273803711,-7.815424919128418
30,116,English,19.14085578918457,10.005171775817871
30,116,French,-11.583052635192871,6.326481819152832
30,117,English,10.366715431213379,-8.467283248901367
30,117,French,-10.654269218444824,3.824888229370117
30,118,English,1.9124623537063599,-7.642056465148926
30,118,French,-14.809382438659668,-6.970986843109131
30,119,English,11.81198501586914,-4.957202911376953
30,119,French,-16.515138626098633,-7.921513557434082
30,120,English,14.102095603942871,0.48589959740638733
30,120,French,-12.52385425567627,1.4679886102676392
30,121,English,6.543674468994141,-10.121818542480469
30,121,French,-7.284889221191406,-4.5136260986328125
30,122,English,-2.5818560123443604,-0.09045115858316422
30,122,French,-9.704319953918457,-1.470882534980774
30,123,English,12.440014839172363,-4.45804500579834
30,123,French,-7.887597560882568,6.879999160766602
30,124,English,9.976655960083008,11.766353607177734
30,124,French,-6.000828266143799,23.118242263793945
30,125,English,19.358991622924805,8.37682819366455
30,125,French,-13.978860855102539,-0.5106868147850037
30,126,English,18.597963333129883,9.379817008972168
30,126,French,-2.933129072189331,32.157508850097656
30,127,English,7.374660491943359,-13.121674537658691
30,127,French,-15.69550895690918,-4.494370937347412
30,128,English,7.846779823303223,1.263325810432434
30,128,French,-14.35697078704834,-1.834775686264038
30,129,English,9.507752418518066,-7.371857166290283
30,129,French,-17.18382453918457,-11.975785255432129
30,130,English,9.10550594329834,-5.208599090576172
30,130,French,-15.425558090209961,-3.5889391899108887
30,131,English,9.74989128112793,-3.369640350341797
30,131,French,-11.890912055969238,-0.9137731790542603
30,132,English,7.403354167938232,-10.806844711303711
30,132,French,-14.298901557922363,-6.18651819229126
30,133,English,8.156519889831543,-9.397599220275879
30,133,French,-18.114484786987305,-5.442413330078125
30,134,English,8.583786010742188,-8.81508731842041
30,134,French,-15.098982810974121,-7.983992576599121
30,135,English,6.410890579223633,-10.633676528930664
30,135,French,-11.8695068359375,-5.446257591247559
30,136,English,8.348369598388672,1.1750861406326294
30,136,French,-5.936312198638916,5.295900821685791
30,137,English,13.46981143951416,1.509791374206543
30,137,French,-10.354228019714355,5.823034763336182
30,138,English,13.090133666992188,-1.7445268630981445
30,138,French,-11.144058227539062,15.94560432434082
30,139,English,12.137537002563477,-4.418316841125488
30,139,French,-17.576400756835938,-4.426866054534912
30,140,English,17.48029899597168,4.635291576385498
30,140,French,-10.348580360412598,8.317111015319824
30,141,English,11.981471061706543,-2.9918935298919678
30,141,French,-15.295501708984375,-12.032190322875977
30,142,English,9.458778381347656,-9.199592590332031
30,142,French,-16.293325424194336,-7.48883056640625
30,143,English,10.383872032165527,-9.137168884277344
30,143,French,-17.02260971069336,-6.63628625869751
30,144,English,8.611989974975586,-13.607562065124512
30,144,French,-16.233015060424805,-7.682092189788818
30,145,English,8.447287559509277,-10.751198768615723
30,145,French,-15.703937530517578,-3.968623161315918
30,146,English,11.958287239074707,-2.0196197032928467
30,146,French,-17.944292068481445,-4.288818359375
30,147,English,12.059672355651855,-0.02998451702296734
30,147,French,-5.728325366973877,18.506481170654297
30,148,English,9.24782943725586,-7.764899253845215
30,148,French,-14.728450775146484,-8.033546447753906
30,149,English,14.349242210388184,6.138493537902832
30,149,French,-0.27971771359443665,26.186613082885742
30,150,English,19.285953521728516,24.436695098876953
30,150,French,-13.764957427978516,4.230837345123291
30,151,English,11.467347145080566,-1.5920895338058472
30,151,French,-13.915959358215332,4.045194149017334
30,152,English,12.575263977050781,-3.674391984939575
30,152,French,-14.440743446350098,3.0924670696258545
30,153,English,12.942609786987305,-1.9852962493896484
30,153,French,-11.720010757446289,-0.638595461845398
30,154,English,10.381300926208496,-3.7161474227905273
30,154,French,-14.01416301727295,-6.673290252685547
30,155,English,8.894685745239258,-8.163477897644043
30,155,French,-16.886829376220703,-9.944235801696777
30,156,English,7.968390941619873,-10.940441131591797
30,156,French,-14.011735916137695,-3.4036052227020264
30,157,English,19.325960159301758,9.204424858093262
30,157,French,-8.609575271606445,9.284757614135742
30,158,English,18.994571685791016,12.406116485595703
30,158,French,-9.983977317810059,-0.05925265699625015
30,159,English,14.276130676269531,1.9199953079223633
30,159,French,-9.89974594116211,11.335312843322754
30,160,English,7.721796989440918,-12.988158226013184
30,160,French,-20.50300407409668,-13.815279960632324
30,161,English,10.994535446166992,-4.365691661834717
30,161,French,-10.315010070800781,8.02165699005127
30,162,English,19.33885955810547,9.661100387573242
30,162,French,-6.639038562774658,10.470319747924805
30,163,English,13.284838676452637,-4.078365325927734
30,163,French,-18.57969856262207,-6.610546112060547
30,164,English,8.051623344421387,-10.19864273071289
30,164,French,-13.720422744750977,-1.956713318824768
30,165,English,8.36217212677002,-2.8863515853881836
30,165,French,-9.32248592376709,-6.970636367797852
30,166,English,11.699750900268555,-0.4772408902645111
30,166,French,-1.6813316345214844,26.02731704711914
30,167,English,13.108553886413574,-3.306962013244629
30,167,French,-9.941365242004395,1.7768455743789673
30,168,English,10.309045791625977,-3.6554148197174072
30,168,French,-5.280036449432373,7.282715797424316
30,169,English,8.258198738098145,-10.624266624450684
30,169,French,-18.184778213500977,-7.1796979904174805
30,170,English,13.22535514831543,-2.8226211071014404
30,170,French,-6.86223030090332,6.159033298492432
30,171,English,17.747148513793945,5.728261470794678
30,171,French,-10.555014610290527,16.309791564941406
30,172,English,16.028942108154297,5.000082969665527
30,172,French,-9.774313926696777,5.916676044464111
30,173,English,11.255631446838379,-4.141786575317383
30,173,French,-11.418192863464355,11.913192749023438
30,174,English,8.570396423339844,-11.888360023498535
30,174,French,-19.908933639526367,-10.078832626342773
30,175,English,5.86870813369751,-15.858202934265137
30,175,French,-9.658554077148438,-1.2202070951461792
30,176,English,12.947355270385742,2.4210236072540283
30,176,French,-7.559026718139648,25.736305236816406
30,177,English,8.86839771270752,1.8619298934936523
30,177,French,-14.972295761108398,-2.742076873779297
30,178,English,11.602051734924316,-4.972440719604492
30,178,French,-11.751864433288574,3.084714889526367
30,179,English,12.705739974975586,0.7076424956321716
30,179,French,-10.768901824951172,-1.9840878248214722
30,180,English,17.576879501342773,8.129528045654297
30,180,French,-5.5298309326171875,4.722930908203125
30,181,English,12.402448654174805,0.8330284357070923
30,181,French,-7.334017753601074,0.13443470001220703
30,182,English,11.510558128356934,-4.697963237762451
30,182,French,-16.58417320251465,-12.94778823852539
30,183,English,6.126743316650391,-5.575809955596924
30,183,French,-13.474350929260254,-5.498170852661133
30,184,English,13.061600685119629,2.5513648986816406
30,184,French,-5.123396396636963,8.82878303527832
30,185,English,10.90749740600586,-7.070871829986572
30,185,French,-12.926982879638672,1.19766366481781
30,186,English,13.53686809539795,-6.25321626663208
30,186,French,-18.812223434448242,-8.130379676818848
30,187,English,9.594858169555664,-9.331151008605957
30,187,French,-14.369965553283691,-2.8245487213134766
30,188,English,9.780385971069336,-2.1348981857299805
30,188,French,-11.450982093811035,-1.972687005996704
30,189,English,17.863239288330078,12.400945663452148
30,189,French,-9.997426986694336,14.55516529083252
30,190,English,8.840234756469727,-7.34932279586792
30,190,French,-5.6504225730896,27.383249282836914
30,191,English,12.914763450622559,-1.511982798576355
30,191,French,-9.454377174377441,14.575178146362305
30,192,English,19.470474243164062,19.54670524597168
30,192,French,-9.22618579864502,9.388570785522461
30,193,English,9.557478904724121,-9.620627403259277
30,193,French,-15.301694869995117,-0.14565491676330566
30,194,English,10.96650505065918,-1.8166011571884155
30,194,French,-10.818694114685059,0.6375560760498047
30,195,English,10.521924018859863,-7.317162036895752
30,195,French,-14.063973426818848,-3.4987006187438965
30,196,English,7.572786331176758,-10.990885734558105
30,196,French,-14.338640213012695,-8.054677963256836
30,197,English,2.949751853942871,-19.293994903564453
30,197,French,-16.64881706237793,-3.6561079025268555
30,198,English,14.711763381958008,-0.9918968081474304
30,198,French,-9.401165962219238,9.799860000610352
30,199,English,8.445466995239258,-7.95583438873291
30,199,French,-15.969157218933105,-9.381114959716797
31,0,English,16.330480575561523,-4.284585952758789
31,0,French,-3.5921382904052734,15.493634223937988
31,1,English,12.620108604431152,0.6144188642501831
31,1,French,-16.259845733642578,-3.043454647064209
31,2,English,15.600773811340332,-5.811354160308838
31,2,French,-16.874956130981445,-9.872589111328125
31,3,English,7.731954097747803,-0.001434153295122087
31,3,French,-12.10641860961914,-0.9159852266311646
31,4,English,10.980740547180176,6.091622829437256
31,4,French,-19.517200469970703,1.4219717979431152
31,5,English,22.605337142944336,10.42789077758789
31,5,French,-5.655468940734863,5.686817169189453
31,6,English,4.661540985107422,0.2614864110946655
31,6,French,-11.270325660705566,5.332944869995117
31,7,English,6.139749526977539,-7.834308624267578
31,7,French,-8.648433685302734,15.205476760864258
31,8,English,9.962584495544434,-7.205997467041016
31,8,French,-0.6783829927444458,28.05571174621582
31,9,English,15.96800708770752,16.7664794921875
31,9,French,1.396159052848816,20.382366180419922
31,10,English,6.431500434875488,-12.462414741516113
31,10,French,-9.146749496459961,21.960256576538086
31,11,English,10.350345611572266,7.04807710647583
31,11,French,-11.173542976379395,-2.904386281967163
31,12,English,5.208859443664551,-7.6655120849609375
31,12,French,-8.175220489501953,-8.392340660095215
31,13,English,15.834539413452148,4.452962875366211
31,13,French,-6.214484214782715,-0.024054162204265594
31,14,English,13.437906265258789,10.923704147338867
31,14,French,-8.979142189025879,17.994220733642578
31,15,English,12.355490684509277,13.055542945861816
31,15,French,-9.27985668182373,8.708060264587402
31,16,English,13.486549377441406,-6.433139801025391
31,16,French,-15.871088981628418,-6.171204566955566
31,17,English,11.034235954284668,-5.288011074066162
31,17,French,-11.732769012451172,-0.19322040677070618
31,18,English,14.514540672302246,-6.067746639251709
31,18,French,-6.655470371246338,0.7211122512817383
31,19,English,8.93157958984375,2.6888673305511475
31,19,French,-15.250673294067383,8.67859935760498
31,20,English,20.407447814941406,17.421728134155273
31,20,French,-12.255088806152344,-4.22861385345459
31,21,English,9.800578117370605,-6.566936492919922
31,21,French,-12.07840347290039,4.484897613525391
31,22,English,7.2858805656433105,-27.080263137817383
31,22,French,-9.177017211914062,-5.982154846191406
31,23,English,7.754429817199707,-2.3763065338134766
31,23,French,-14.983793258666992,7.553213596343994
31,24,English,19.285781860351562,-2.128302574157715
31,24,French,-1.3946384191513062,-4.959518909454346
31,25,English,6.585708141326904,-13.522554397583008
31,25,French,-10.525819778442383,10.331337928771973
31,26,English,17.746768951416016,2.3519930839538574
31,26,French,-1.6033345460891724,8.697603225708008
31,27,English,6.034593105316162,-3.4186723232269287
31,27,French,-17.001005172729492,6.208450794219971
31,28,English,5.922238349914551,-3.8193581104278564
31,28,French,-12.649375915527344,-3.062089681625366
31,29,English,8.626067161560059,-14.413439750671387
31,29,French,-16.473405838012695,-10.58566665649414
31,30,English,5.767950057983398,0.22803205251693726
31,30,French,-2.131481170654297,2.40310001373291
31,31,English,8.852256774902344,-21.201671600341797
31,31,French,-4.941989421844482,2.5123517513275146
31,32,English,12.902549743652344,8.794661521911621
31,32,French,-12.204392433166504,8.377825736999512
31,33,English,11.3142728805542,-15.919386863708496
31,33,French,-9.68399715423584,-11.911288261413574
31,34,English,13.309064865112305,-2.329348087310791
31,34,French,-9.24991226196289,-5.823210716247559
31,35,English,10.124428749084473,-4.234067440032959
31,35,French,-5.675250053405762,-0.1022118479013443
31,36,English,7.0915327072143555,4.837212562561035
31,36,French,-10.438750267028809,1.695326328277588
31,37,English,10.274526596069336,-7.681431293487549
31,37,French,-10.161087036132812,12.437684059143066
31,38,English,13.877352714538574,5.588611602783203
31,38,French,-16.867176055908203,7.469751358032227
31,39,English,17.033733367919922,-1.4474517107009888
31,39,French,-11.145240783691406,8.489992141723633
31,40,English,11.26340103149414,-11.75008773803711
31,40,French,-3.2934882640838623,-3.085472822189331
31,41,English,15.002814292907715,-7.796705722808838
31,41,French,-17.381010055541992,-10.821688652038574
31,42,English,13.329484939575195,-6.913471698760986
31,42,French,-6.410604476928711,-14.990166664123535
31,43,English,9.730016708374023,-17.539997100830078
31,43,French,-18.679157257080078,-14.66713809967041
31,44,English,12.016776084899902,-16.38086700439453
31,44,French,-7.035469055175781,-1.7777984142303467
31,45,English,19.285781860351562,-2.128302574157715
31,45,French,-0.6129278540611267,-0.9512244462966919
31,46,English,12.868468284606934,10.312830924987793
31,46,French,-10.107315063476562,7.902060031890869
31,47,English,5.98374080657959,-7.074554443359375
31,47,French,-11.350654602050781,15.426595687866211
31,48,English,11.412810325622559,5.209289073944092
31,48,French,-8.484865188598633,11.284748077392578
31,49,English,6.792153358459473,-2.1727235317230225
31,49,French,-7.970970153808594,1.572343349456787
31,50,English,12.937040328979492,1.3258756399154663
31,50,French,-11.768210411071777,4.927596092224121
31,51,English,12.818625450134277,-6.226582050323486
31,51,French,-0.37094414234161377,-8.471949577331543
31,52,English,17.439556121826172,3.0574495792388916
31,52,French,-11.041376113891602,-15.28515911102295
31,53,English,12.301831245422363,3.886667013168335
31,53,French,-16.079748153686523,11.782087326049805
31,54,English,11.390210151672363,-5.3104567527771
31,54,French,-13.24479866027832,7.39349365234375
31,55,English,7.278433322906494,0.21053192019462585
31,55,French,-15.405101776123047,1.9488976001739502
31,56,English,3.778515577316284,-15.240381240844727
31,56,French,-17.151941299438477,-0.5358936786651611
31,57,English,8.311342239379883,-21.0169677734375
31,57,French,-0.041009269654750824,9.431696891784668
31,58,English,11.950760841369629,-5.525537967681885
31,58,French,-10.248390197753906,8.899125099182129
31,59,English,17.305593490600586,-0.31253179907798767
31,59,French,-6.346451282501221,-3.772425651550293
31,60,English,13.06572151184082,5.129363059997559
31,60,French,-14.921576499938965,2.7286665439605713
31,61,English,6.629772663116455,-8.542608261108398
31,61,French,-9.605676651000977,-0.0037500723265111446
31,62,English,10.572525024414062,-2.3977878093719482
31,62,French,-15.88095760345459,3.1102664470672607
31,63,English,14.561591148376465,-4.721031188964844
31,63,French,-11.007986068725586,2.260904550552368
31,64,English,10.808215141296387,6.72174072265625
31,64,French,-9.847893714904785,-1.012805461883545
31,65,English,13.54349136352539,-2.8196969032287598
31,65,French,-8.957803726196289,-3.6588528156280518
31,66,English,11.186944007873535,-5.826552391052246
31,66,French,-5.742928504943848,-3.3972067832946777
31,67,English,9.751630783081055,-20.70757484436035
31,67,French,-10.443456649780273,-22.67354393005371
31,68,English,11.658574104309082,5.057528018951416
31,68,French,-13.21111011505127,5.511907577514648
31,69,English,1.9318151473999023,-16.090614318847656
31,69,French,-18.15350914001465,4.716029644012451
31,70,English,13.940787315368652,-8.342002868652344
31,70,French,-11.722491264343262,-14.561690330505371
31,71,English,2.776479721069336,-5.0468621253967285
31,71,French,-11.276483535766602,-4.24196195602417
31,72,English,16.855966567993164,0.37011218070983887
31,72,French,-12.501581192016602,0.026374196633696556
31,73,English,8.744904518127441,-16.475534439086914
31,73,French,-6.875349998474121,2.0501835346221924
31,74,English,11.865309715270996,3.3049795627593994
31,74,French,-17.465970993041992,3.6205990314483643
31,75,English,11.518057823181152,-7.112605094909668
31,75,French,-15.196562767028809,5.419455528259277
31,76,English,12.219712257385254,-9.894590377807617
31,76,French,-11.789899826049805,-16.49388885498047
31,77,English,11.717290878295898,-5.097836971282959
31,77,French,-7.8451409339904785,-4.13020658493042
31,78,English,9.359542846679688,5.721689701080322
31,78,French,-7.419284343719482,7.626546859741211
31,79,English,13.205615997314453,-6.420597076416016
31,79,French,-8.239397048950195,5.227660655975342
31,80,English,1.2223888635635376,-7.049961090087891
31,80,French,-14.972453117370605,4.387199401855469
31,81,English,6.4531121253967285,-4.414361476898193
31,81,French,-20.93678092956543,-2.2498228549957275
31,82,English,9.682450294494629,4.071084976196289
31,82,French,-16.10424041748047,12.80111312866211
31,83,English,13.836564064025879,-3.4244911670684814
31,83,French,-16.41866683959961,-13.935212135314941
31,84,English,4.563976764678955,-10.106701850891113
31,84,French,-19.74192237854004,-8.92087173461914
31,85,English,17.937759399414062,31.692604064941406
31,85,French,-2.635246992111206,8.829647064208984
31,86,English,14.003178596496582,-2.122218608856201
31,86,French,-9.675088882446289,-1.6917636394500732
31,87,English,13.347904205322266,2.547010660171509
31,87,French,-17.481672286987305,-2.98358154296875
31,88,English,10.05020809173584,3.123310089111328
31,88,French,-16.686723709106445,14.285451889038086
31,89,English,4.85656213760376,-9.721902847290039
31,89,French,-13.492193222045898,-1.0877104997634888
31,90,English,6.566892623901367,-2.754352331161499
31,90,French,-12.983731269836426,12.915550231933594
31,91,English,10.637618064880371,0.4738689959049225
31,91,French,-16.696334838867188,0.6726114153862
31,92,English,12.58899974822998,-4.07958459854126
31,92,French,-13.118764877319336,-0.3105022609233856
31,93,English,14.756068229675293,10.587200164794922
31,93,French,-13.599562644958496,10.89206600189209
31,94,English,7.919219970703125,-2.4585695266723633
31,94,French,-18.333757400512695,6.090341567993164
31,95,English,5.753480911254883,1.8323707580566406
31,95,French,-12.664892196655273,7.188780784606934
31,96,English,14.393791198730469,3.2173218727111816
31,96,French,-11.82999038696289,-1.1600151062011719
31,97,English,18.674373626708984,9.828750610351562
31,97,French,-24.183673858642578,-25.238826751708984
31,98,English,11.718507766723633,2.125033140182495
31,98,French,-14.414348602294922,-8.097145080566406
31,99,English,11.957514762878418,7.513598442077637
31,99,French,-5.973263740539551,18.080230712890625
31,100,English,10.838878631591797,-14.809919357299805
31,100,French,-5.7075419425964355,-8.92456340789795
31,101,English,15.032944679260254,11.095977783203125
31,101,French,-14.953763008117676,3.323840618133545
31,102,English,13.716726303100586,8.948649406433105
31,102,French,6.192673683166504,24.410289764404297
31,103,English,21.654394149780273,6.693899631500244
31,103,French,-2.855865716934204,4.358004093170166
31,104,English,14.708806037902832,0.5018582344055176
31,104,French,4.878941059112549,27.66757583618164
31,105,English,4.75663423538208,-10.725910186767578
31,105,French,7.7214741706848145,24.956249237060547
31,106,English,8.19282054901123,-8.449934005737305
31,106,French,-10.422229766845703,3.0878493785858154
31,107,English,8.064565658569336,-12.335841178894043
31,107,French,-15.175118446350098,-6.740123271942139
31,108,English,15.12681770324707,1.8991233110427856
31,108,French,-11.42049789428711,-1.6777005195617676
31,109,English,18.00494384765625,8.087800025939941
31,109,French,-10.215388298034668,4.8936767578125
31,110,English,11.616816520690918,11.408653259277344
31,110,French,-14.349438667297363,-0.5069926381111145
31,111,English,4.360478401184082,-0.9035583734512329
31,111,French,-8.721572875976562,-0.7203212380409241
31,112,English,7.406874179840088,1.5127339363098145
31,112,French,-13.042160034179688,10.206258773803711
31,113,English,17.705690383911133,11.195660591125488
31,113,French,-14.642352104187012,-4.677363872528076
31,114,English,16.32256317138672,-10.81471061706543
31,114,French,-10.58479118347168,-7.692521095275879
31,115,English,4.5552849769592285,-5.241867542266846
31,115,French,-14.190764427185059,-0.1387791633605957
31,116,English,22.575117111206055,8.896553993225098
31,116,French,-13.035531997680664,-10.35001277923584
31,117,English,8.539335250854492,5.0082106590271
31,117,French,-9.0098237991333,14.000933647155762
31,118,English,1.2976735830307007,4.258807182312012
31,118,French,-15.545161247253418,3.4967074394226074
31,119,English,12.483841896057129,9.231184959411621
31,119,French,-17.166622161865234,5.361268520355225
31,120,English,14.310396194458008,-2.7642204761505127
31,120,French,-12.498866081237793,-1.1457756757736206
31,121,English,4.353802680969238,-10.080361366271973
31,121,French,-8.102798461914062,-5.006962299346924
31,122,English,-2.5868265628814697,4.7141547203063965
31,122,French,-9.463273048400879,6.481956481933594
31,123,English,10.89769458770752,-6.60983943939209
31,123,French,-8.876290321350098,-2.0638327598571777
31,124,English,11.29122257232666,-4.109509468078613
31,124,French,-2.842937469482422,20.362361907958984
31,125,English,23.12425994873047,14.592544555664062
31,125,French,-17.73521614074707,-18.23494529724121
31,126,English,19.899646759033203,0.23569494485855103
31,126,French,2.123392105102539,38.360416412353516
31,127,English,5.713263034820557,-6.55203104019165
31,127,French,-15.438857078552246,10.198526382446289
31,128,English,8.532537460327148,3.3479034900665283
31,128,French,-14.817524909973145,-0.08574635535478592
31,129,English,9.896318435668945,8.712472915649414
31,129,French,-18.482324600219727,0.5934056639671326
31,130,English,8.146727561950684,0.5663237571716309
31,130,French,-15.544179916381836,5.2894487380981445
31,131,English,10.76417350769043,8.101115226745605
31,131,French,-10.615720748901367,11.964921951293945
31,132,English,5.619558334350586,-4.164025783538818
31,132,French,-13.714874267578125,8.385452270507812
31,133,English,7.388350486755371,-2.8738913536071777
31,133,French,-18.939029693603516,-0.7945506572723389
31,134,English,8.079894065856934,-0.9999332427978516
31,134,French,-15.783702850341797,-2.2303004264831543
31,135,English,4.943731307983398,-4.861425399780273
31,135,French,-12.676543235778809,3.404230833053589
31,136,English,6.7806291580200195,-7.992855548858643
31,136,French,-5.8017377853393555,-12.080787658691406
31,137,English,13.928500175476074,-6.508864402770996
31,137,French,-10.030799865722656,-3.980186939239502
31,138,English,12.46872329711914,-14.595035552978516
31,138,French,-9.568238258361816,4.298811435699463
31,139,English,14.045503616333008,11.712955474853516
31,139,French,-16.996807098388672,8.449456214904785
31,140,English,19.124238967895508,2.4315690994262695
31,140,French,-11.173574447631836,-6.2512359619140625
31,141,English,12.680704116821289,8.318037986755371
31,141,French,-17.47612953186035,-3.8058955669403076
31,142,English,8.397403717041016,-1.8290616273880005
31,142,French,-17.140216827392578,3.147031784057617
31,143,English,10.853580474853516,2.0047385692596436
31,143,French,-16.807920455932617,5.5159592628479
31,144,English,5.618605613708496,-15.631293296813965
31,144,French,-18.168624877929688,-5.205297470092773
31,145,English,7.722821235656738,-1.6358532905578613
31,145,French,-14.96120834350586,9.924129486083984
31,146,English,12.788902282714844,3.584399700164795
31,146,French,-17.754873275756836,8.501442909240723
31,147,English,12.018168449401855,-9.43117618560791
31,147,French,-4.2179765701293945,3.6931333541870117
31,148,English,8.911652565002441,1.1117889881134033
31,148,French,-15.279162406921387,2.463283061981201
31,149,English,15.394543647766113,-6.206223011016846
31,149,French,2.346714735031128,15.772353172302246
31,150,English,24.44357681274414,24.626020431518555
31,150,French,-15.650932312011719,-21.109006881713867
31,151,English,13.093988418579102,1.174997329711914
31,151,French,-12.99146556854248,2.906566858291626
31,152,English,12.543926239013672,-2.971463918685913
31,152,French,-14.472464561462402,-2.820481777191162
31,153,English,14.70550537109375,8.272893905639648
31,153,French,-11.8029203414917,5.4376115798950195
31,154,English,11.326883316040039,7.538275241851807
31,154,French,-14.316162109375,4.787006378173828
31,155,English,9.00619888305664,6.983580112457275
31,155,French,-17.548288345336914,7.616255283355713
31,156,English,7.308969974517822,-2.59971284866333
31,156,French,-12.693840980529785,9.452696800231934
31,157,English,21.83983039855957,7.166502475738525
31,157,French,-7.855828285217285,0.7511977553367615
31,158,English,21.710744857788086,9.856891632080078
31,158,French,-11.882598876953125,-7.341136455535889
31,159,English,13.064287185668945,-17.010068893432617
31,159,French,-9.44913387298584,-13.337690353393555
31,160,English,6.191046237945557,-8.463643074035645
31,160,French,-22.222105026245117,-4.743035793304443
31,161,English,10.744879722595215,-2.416642904281616
31,161,French,-7.748927593231201,12.3032865524292
31,162,English,23.10025978088379,9.608488082885742
31,162,French,-5.345451354980469,2.6204652786254883
31,163,English,10.080808639526367,-21.565580368041992
31,163,French,-24.810985565185547,-31.157682418823242
31,164,English,6.6626176834106445,-4.189280986785889
31,164,French,-13.056740760803223,13.151046752929688
31,165,English,6.987658500671387,-12.602701187133789
31,165,French,-10.102431297302246,-7.184026718139648
31,166,English,12.276543617248535,-10.174269676208496
31,166,French,0.9965224266052246,24.801218032836914
31,167,English,9.924219131469727,-14.6228609085083
31,167,French,-12.259090423583984,-14.446146965026855
31,168,English,9.195307731628418,-14.879709243774414
31,168,French,-7.034171104431152,-13.15853500366211
31,169,English,6.632803440093994,-6.239162921905518
31,169,French,-17.878007888793945,8.834843635559082
31,170,English,12.780939102172852,-17.641502380371094
31,170,French,-8.541869163513184,-18.851842880249023
31,171,English,19.09678077697754,2.801248788833618
31,171,French,-8.330779075622559,8.26594066619873
31,172,English,16.12970733642578,-7.300922870635986
31,172,French,-11.70763111114502,-13.40333366394043
31,173,English,9.8142728805542,-13.940505981445312
31,173,French,-12.497775077819824,-11.439821243286133
31,174,English,8.163061141967773,2.986271381378174
31,174,French,-21.416406631469727,0.7426137328147888
31,175,English,2.2120368480682373,-19.428394317626953
31,175,French,-9.014849662780762,4.916901588439941
31,176,English,11.955038070678711,-11.499770164489746
31,176,French,-3.511151075363159,22.071847915649414
31,177,English,8.578307151794434,2.410670518875122
31,177,French,-14.871920585632324,4.17305850982666
31,178,English,9.62720775604248,-13.666775703430176
31,178,French,-11.245685577392578,7.145501136779785
31,179,English,13.412969589233398,8.387206077575684
31,179,French,-11.485568046569824,0.13504189252853394
31,180,English,18.86746597290039,-1.1083710193634033
31,180,French,-6.627033233642578,-14.541053771972656
31,181,English,13.645439147949219,6.442184925079346
31,181,French,-6.1122918128967285,5.9158759117126465
31,182,English,10.544785499572754,-6.326418876647949
31,182,French,-19.5385799407959,-17.446826934814453
31,183,English,5.8217854499816895,4.148481369018555
31,183,French,-13.588469505310059,5.864427089691162
31,184,English,14.045953750610352,-5.691016674041748
31,184,French,-4.958982467651367,0.9202127456665039
31,185,English,10.570999145507812,-8.31037712097168
31,185,French,-13.847264289855957,-5.256632328033447
31,186,English,12.915136337280273,-4.204590320587158
31,186,French,-20.387868881225586,-4.201910495758057
31,187,English,9.633035659790039,6.084057807922363
31,187,French,-14.049284934997559,10.677684783935547
31,188,English,10.687149047851562,6.718259811401367
31,188,French,-11.862157821655273,6.005863189697266
31,189,English,20.325969696044922,13.711440086364746
31,189,French,-8.376777648925781,5.331887722015381
31,190,English,3.1628310680389404,-40.53791046142578
31,190,French,-6.357285022735596,12.552818298339844
31,191,English,10.613137245178223,-14.898382186889648
31,191,French,-9.529045104980469,-10.561569213867188
31,192,English,25.889110565185547,23.785125732421875
31,192,French,-7.653980731964111,9.36475658416748
31,193,English,9.389689445495605,-0.7910071015357971
31,193,French,-13.0467529296875,18.19619369506836
31,194,English,12.074177742004395,8.352303504943848
31,194,French,-8.822298049926758,13.603556632995605
31,195,English,10.158902168273926,1.0985065698623657
31,195,French,-14.111427307128906,2.751443386077881
31,196,English,5.760180473327637,-7.648684024810791
31,196,French,-14.743158340454102,3.821563243865967
31,197,English,-0.30778974294662476,-18.052602767944336
31,197,French,-16.04024887084961,12.059463500976562
31,198,English,15.157058715820312,-5.42378044128418
31,198,French,-6.474526405334473,13.900192260742188
31,199,English,8.067197799682617,4.441893100738525
31,199,French,-16.957717895507812,-0.36362624168395996
32,0,English,-15.138626098632812,7.388072490692139
32,0,French,-1.2612385749816895,-14.647789001464844
32,1,English,-13.450912475585938,-1.293014407157898
32,1,French,17.754127502441406,0.43039894104003906
32,2,English,-14.366878509521484,7.021701335906982
32,2,French,18.922212600708008,9.120238304138184
32,3,English,-6.389126777648926,1.657827377319336
32,3,French,13.548760414123535,-1.0416380167007446
32,4,English,-11.766460418701172,-7.467124938964844
32,4,French,20.688766479492188,-5.920955181121826
32,5,English,-23.727947235107422,-6.012097358703613
32,5,French,2.8352103233337402,-3.9016003608703613
32,6,English,-4.064121723175049,-3.4123799800872803
32,6,French,10.222489356994629,-9.092308044433594
32,7,English,-3.4674572944641113,8.502714157104492
32,7,French,6.858158111572266,-16.9531192779541
32,8,English,-10.961485862731934,13.946515083312988
32,8,French,-8.13923454284668,-23.756210327148438
32,9,English,-18.647249221801758,-10.702595710754395
32,9,French,-6.1887288093566895,-17.492725372314453
32,10,English,-3.918383836746216,11.234664916992188
32,10,French,-0.44912850856781006,-18.592214584350586
32,11,English,-9.415131568908691,-8.795417785644531
32,11,French,9.200006484985352,5.897205352783203
32,12,English,-2.1587138175964355,10.3690185546875
32,12,French,11.725570678710938,8.40143871307373
32,13,English,-15.297003746032715,-1.9777876138687134
32,13,French,5.314757823944092,2.814147472381592
32,14,English,-15.566484451293945,-11.15794849395752
32,14,French,6.577704429626465,-21.286174774169922
32,15,English,-14.373635292053223,-13.311126708984375
32,15,French,8.404561996459961,-12.533549308776855
32,16,English,-14.57624626159668,10.261967658996582
32,16,French,17.785703659057617,4.449428081512451
32,17,English,-9.18903923034668,6.316514015197754
32,17,French,12.048684120178223,-1.8700534105300903
32,18,English,-13.68329906463623,7.676027297973633
32,18,French,4.008983135223389,2.3413288593292236
32,19,English,-9.035883903503418,-3.5107083320617676
32,19,French,14.347724914550781,-11.037225723266602
32,20,English,-23.771080017089844,-13.399028778076172
32,20,French,12.949100494384766,3.9108896255493164
32,21,English,-10.098668098449707,7.399341583251953
32,21,French,10.0501070022583,-3.6033596992492676
32,22,English,-1.6305450201034546,30.372140884399414
32,22,French,9.243091583251953,9.143744468688965
32,23,English,-6.142502307891846,-0.010703437961637974
32,23,French,14.445039749145508,-10.916583061218262
32,24,English,-20.824886322021484,5.028759002685547
32,24,French,0.36518043279647827,11.143686294555664
32,25,English,-2.651902437210083,12.711130142211914
32,25,French,8.433685302734375,-11.282719612121582
32,26,English,-18.777996063232422,-1.8222336769104004
32,26,French,-2.0542168617248535,-7.760324478149414
32,27,English,-4.58980655670166,0.6963174343109131
32,27,French,17.791839599609375,-10.495906829833984
32,28,English,-4.0878190994262695,2.34220290184021
32,28,French,13.569504737854004,0.3800874650478363
32,29,English,-5.353163719177246,14.157437324523926
32,29,French,18.277130126953125,7.490718364715576
32,30,English,-4.276910305023193,-0.5675860643386841
32,30,French,1.115695834159851,-0.34376829862594604
32,31,English,-4.54188871383667,26.729413986206055
32,31,French,3.721871852874756,3.5709471702575684
32,32,English,-14.306426048278809,-9.406880378723145
32,32,French,12.987701416015625,-12.145671844482422
32,33,English,-9.117424964904785,17.429683685302734
32,33,French,10.136078834533691,16.108135223388672
32,34,English,-12.528862953186035,3.1041903495788574
32,34,French,8.592672348022461,6.317307949066162
32,35,English,-8.264418601989746,6.974410533905029
32,35,French,3.6595871448516846,0.6759303212165833
32,36,English,-6.977158069610596,-6.001932621002197
32,36,French,11.731396675109863,-4.219760894775391
32,37,English,-10.18796157836914,7.906608581542969
32,37,French,7.135885238647461,-14.104732513427734
32,38,English,-16.00751495361328,-4.650681018829346
32,38,French,16.64423179626465,-10.738862037658691
32,39,English,-16.228282928466797,2.2471301555633545
32,39,French,9.562581062316895,-8.299975395202637
32,40,English,-8.605610847473145,13.790945053100586
32,40,French,0.5648139119148254,6.912567615509033
32,41,English,-13.49833869934082,12.837361335754395
32,41,French,18.581192016601562,13.236242294311523
32,42,English,-12.825552940368652,10.43403148651123
32,42,French,8.70812702178955,16.073415756225586
32,43,English,-7.769049644470215,20.407060623168945
32,43,French,20.660964965820312,13.825010299682617
32,44,English,-10.339333534240723,20.340951919555664
32,44,French,6.322547912597656,3.9175186157226562
32,45,English,-20.824886322021484,5.028759002685547
32,45,French,-1.449109673500061,7.088679790496826
32,46,English,-13.410728454589844,-9.882265090942383
32,46,French,9.325051307678223,-9.871295928955078
32,47,English,-3.058405637741089,7.070338249206543
32,47,French,8.797597885131836,-17.46302604675293
32,48,English,-11.265541076660156,-7.173948764801025
32,48,French,6.521488189697266,-13.096611022949219
32,49,English,-6.807587623596191,6.16855001449585
32,49,French,7.2001190185546875,-2.1116697788238525
32,50,English,-13.414345741271973,-0.7816943526268005
32,50,French,9.917572975158691,-6.9663004875183105
32,51,English,-12.72308349609375,9.963188171386719
32,51,French,-1.3890944719314575,14.89526081085205
32,52,English,-17.573158264160156,-3.2876834869384766
32,52,French,12.310791015625,15.511592864990234
32,53,English,-14.506922721862793,-5.579017639160156
32,53,French,14.38075065612793,-15.971284866333008
32,54,English,-11.078193664550781,5.906161308288574
32,54,French,12.286578178405762,-9.509321212768555
32,55,English,-6.633455276489258,-3.1023995876312256
32,55,French,16.183734893798828,-5.940815448760986
32,56,English,-2.0339927673339844,13.649836540222168
32,56,French,17.474285125732422,-3.6651785373687744
32,57,English,-4.919056415557861,27.499996185302734
32,57,French,-3.7660276889801025,-8.021656036376953
32,58,English,-9.329666137695312,5.188273906707764
32,58,French,9.271452903747559,-10.835227966308594
32,59,English,-18.71868133544922,3.699780225753784
32,59,French,4.319342613220215,5.17793083190918
32,60,English,-14.351503372192383,-6.509881496429443
32,60,French,14.354698181152344,-4.648124694824219
32,61,English,-2.844663381576538,8.481520652770996
32,61,French,10.248037338256836,-0.43023166060447693
32,62,English,-9.752738952636719,1.0000133514404297
32,62,French,16.496498107910156,-5.521857738494873
32,63,English,-13.78508186340332,6.076494216918945
32,63,French,8.889331817626953,-1.3563532829284668
32,64,English,-11.294577598571777,-4.684393882751465
32,64,French,9.186394691467285,1.0618209838867188
32,65,English,-13.197867393493652,3.848339557647705
32,65,French,6.547809600830078,5.6293110847473145
32,66,English,-8.514870643615723,4.638476371765137
32,66,French,5.287955284118652,4.545446395874023
32,67,English,-5.800192832946777,24.566144943237305
32,67,French,13.110430717468262,24.53868865966797
32,68,English,-12.45071792602539,-6.503465175628662
32,68,French,12.480884552001953,-7.402914047241211
32,69,English,2.2718989849090576,11.70703411102295
32,69,French,18.368507385253906,-9.575945854187012
32,70,English,-10.260405540466309,8.522523880004883
32,70,French,14.72360897064209,16.28651237487793
32,71,English,-0.29987630248069763,4.189253807067871
32,71,French,12.415876388549805,1.797157645225525
32,72,English,-17.912281036376953,5.7363362312316895
32,72,French,12.467222213745117,-0.714670717716217
32,73,English,-7.7011308670043945,20.95758819580078
32,73,French,4.543815612792969,1.6912167072296143
32,74,English,-11.542357444763184,-4.3464508056640625
32,74,French,17.956493377685547,-8.343542098999023
32,75,English,-8.083568572998047,4.487565040588379
32,75,French,14.75481128692627,-7.655240058898926
32,76,English,-10.252669334411621,10.775571823120117
32,76,French,13.113834381103516,22.14659881591797
32,77,English,-10.369218826293945,6.254695415496826
32,77,French,6.386058330535889,5.594632625579834
32,78,English,-10.65090274810791,-3.9557619094848633
32,78,French,6.4785943031311035,-7.672724723815918
32,79,English,-15.037641525268555,13.545605659484863
32,79,French,2.939613103866577,-4.4404144287109375
32,80,English,2.8363189697265625,2.8551597595214844
32,80,French,15.601757049560547,-9.019145011901855
32,81,English,-4.812674045562744,2.829274892807007
32,81,French,22.46384048461914,-3.1272552013397217
32,82,English,-8.673453330993652,-6.92950963973999
32,82,French,14.676346778869629,-17.433635711669922
32,83,English,-14.187887191772461,7.883148670196533
32,83,French,18.1007022857666,12.469728469848633
32,84,English,-1.3085014820098877,8.209173202514648
32,84,French,23.228389739990234,3.724417209625244
32,85,English,-25.421804428100586,-26.341352462768555
32,85,French,-0.5003032684326172,-6.547050952911377
32,86,English,-12.894786834716797,4.2036614418029785
32,86,French,9.397296905517578,2.0729825496673584
32,87,English,-15.09335994720459,-0.7954663038253784
32,87,French,17.83812713623047,0.8390486240386963
32,88,English,-10.297779083251953,-6.098421573638916
32,88,French,14.584245681762695,-18.59400749206543
32,89,English,-2.4579896926879883,9.145550727844238
32,89,French,14.700366973876953,-1.5208487510681152
32,90,English,-4.186821460723877,-1.1241618394851685
32,90,French,10.738029479980469,-15.353704452514648
32,91,English,-11.979151725769043,-0.7943887710571289
32,91,French,16.57370948791504,-3.5944459438323975
32,92,English,-12.051466941833496,5.1360764503479
32,92,French,13.949350357055664,-1.5053852796554565
32,93,English,-16.837421417236328,-11.145685195922852
32,93,French,12.986635208129883,-14.516724586486816
32,94,English,-5.732822895050049,-0.2371378391981125
32,94,French,18.484127044677734,-9.864086151123047
32,95,English,-4.004078388214111,-3.243177890777588
32,95,French,13.460894584655762,-10.082265853881836
32,96,English,-16.497516632080078,-2.082167863845825
32,96,French,12.684703826904297,1.1841626167297363
32,97,English,-22.329978942871094,-8.22464656829834
32,97,French,30.39177131652832,20.080739974975586
32,98,English,-12.091826438903809,-2.8648717403411865
32,98,French,16.69186782836914,6.050371170043945
32,99,English,-14.583290100097656,-6.572906970977783
32,99,French,1.8819761276245117,-18.984779357910156
32,100,English,-8.186513900756836,17.00567054748535
32,100,French,5.5995283126831055,12.979901313781738
32,101,English,-17.122190475463867,-11.721731185913086
32,101,French,15.084490776062012,-6.811195373535156
32,102,English,-16.181161880493164,0.042866677045822144
32,102,French,-11.021856307983398,-16.927715301513672
32,103,English,-22.681520462036133,-3.3593106269836426
32,103,French,1.3976796865463257,-2.637606620788574
32,104,English,-13.047345161437988,0.9375757575035095
32,104,French,-12.555877685546875,-25.638744354248047
32,105,English,-1.8321655988693237,13.860629081726074
32,105,French,-11.959284782409668,-19.81085777282715
32,106,English,-7.6032514572143555,7.91694450378418
32,106,French,8.20630168914795,-3.4076361656188965
32,107,English,-5.934850692749023,8.250968933105469
32,107,French,16.048107147216797,6.2945027351379395
32,108,English,-15.089505195617676,-0.6417883038520813
32,108,French,11.513338088989258,3.249439239501953
32,109,English,-20.770299911499023,-3.105694055557251
32,109,French,7.219623565673828,-5.576323509216309
32,110,English,-13.62249755859375,-12.0620698928833
32,110,French,14.749808311462402,-0.258271723985672
32,111,English,-2.7911243438720703,-1.9422754049301147
32,111,French,7.653103351593018,1.3022569417953491
32,112,English,-8.456390380859375,-1.8268080949783325
32,112,French,11.633706092834473,-13.452925682067871
32,113,English,-18.674436569213867,-9.667630195617676
32,113,French,15.879673957824707,2.546952486038208
32,114,English,-15.523883819580078,15.54707145690918
32,114,French,9.29433822631836,6.50327730178833
32,115,English,-1.9313209056854248,4.509302616119385
32,115,French,15.928962707519531,-3.574991464614868
32,116,English,-24.53213119506836,-4.901772975921631
32,116,French,14.023580551147461,9.577580451965332
32,117,English,-6.155387878417969,-7.287700176239014
32,117,French,5.797182083129883,-14.194290161132812
32,118,English,-0.4195187985897064,-7.680492877960205
32,118,French,17.00823402404785,-7.006826400756836
32,119,English,-14.026484489440918,-10.951980590820312
32,119,French,16.63532257080078,-9.058435440063477
32,120,English,-13.961902618408203,5.067376136779785
32,120,French,11.868550300598145,2.028188467025757
32,121,English,0.11860162019729614,8.975683212280273
32,121,French,9.580716133117676,4.213291645050049
32,122,English,3.3293659687042236,-2.4910166263580322
32,122,French,9.18321704864502,-4.84902811050415
32,123,English,-10.005722999572754,11.230724334716797
32,123,French,8.396736145019531,3.7143044471740723
32,124,English,-12.049177169799805,6.51282262802124
32,124,French,-2.806356906890869,-17.433231353759766
32,125,English,-27.16135597229004,-10.297287940979004
32,125,French,19.950504302978516,18.96641731262207
32,126,English,-20.754417419433594,1.842576026916504
32,126,French,-11.621050834655762,-32.394046783447266
32,127,English,-3.2731006145477295,3.435375452041626
32,127,French,14.28425121307373,-13.60447883605957
32,128,English,-8.38671588897705,-2.352599859237671
32,128,French,16.343156814575195,-3.30831241607666
32,129,English,-9.851920127868652,-11.910139083862305
32,129,French,19.60727310180664,-6.030219078063965
32,130,English,-5.588701248168945,-2.3502235412597656
32,130,French,17.042030334472656,-9.023073196411133
32,131,English,-10.653860092163086,-10.480496406555176
32,131,French,9.80539608001709,-13.987154006958008
32,132,English,-4.048112392425537,2.8704147338867188
32,132,French,12.513016700744629,-13.136796951293945
32,133,English,-6.809887886047363,0.1072608083486557
32,133,French,19.473445892333984,-2.9989795684814453
32,134,English,-5.33955717086792,-1.003914475440979
32,134,French,18.034744262695312,-2.129725456237793
32,135,English,-3.3498342037200928,2.284730911254883
32,135,French,14.159814834594727,-6.238235950469971
32,136,English,-5.132736682891846,10.874909400939941
32,136,French,4.894717216491699,14.162474632263184
32,137,English,-13.06694507598877,9.104256629943848
32,137,French,10.971087455749512,2.8642544746398926
32,138,English,-8.401812553405762,15.11783504486084
32,138,French,5.8523478507995605,-4.64477014541626
32,139,English,-15.753179550170898,-13.516754150390625
32,139,French,15.313393592834473,-12.811431884765625
32,140,English,-19.896530151367188,-0.16037598252296448
32,140,French,11.943099975585938,6.502646446228027
32,141,English,-13.936784744262695,-9.682513236999512
32,141,French,19.724821090698242,-1.2561185359954834
32,142,English,-7.5550031661987305,2.2610416412353516
32,142,French,17.662080764770508,-6.449852466583252
32,143,English,-11.950422286987305,-3.6275634765625
32,143,French,16.305908203125,-9.426765441894531
32,144,English,-2.8307955265045166,15.835741996765137
32,144,French,19.785036087036133,3.3486764430999756
32,145,English,-7.230112075805664,0.11919941753149033
32,145,French,14.261194229125977,-13.852907180786133
32,146,English,-14.20269775390625,-3.0060603618621826
32,146,French,16.861583709716797,-11.799741744995117
32,147,English,-9.522619247436523,10.54364013671875
32,147,French,3.517866849899292,-0.8929275870323181
32,148,English,-8.976024627685547,-2.273613214492798
32,148,French,15.41640567779541,-5.404013156890869
32,149,English,-16.517026901245117,13.290481567382812
32,149,French,-7.4258551597595215,-8.536848068237305
32,150,English,-29.13744354248047,-21.477462768554688
32,150,French,21.466571807861328,22.34090232849121
32,151,English,-14.162442207336426,-1.4228968620300293
32,151,French,12.015501022338867,-5.807476043701172
32,152,English,-11.715291976928711,1.9715896844863892
32,152,French,14.726567268371582,0.41570422053337097
32,153,English,-18.205522537231445,-7.70637845993042
32,153,French,9.46273422241211,-6.558457851409912
32,154,English,-12.521918296813965,-7.85149621963501
32,154,French,14.33750057220459,-7.705458164215088
32,155,English,-9.827817916870117,-8.857831001281738
32,155,French,16.44968605041504,-13.068522453308105
32,156,English,-7.219548225402832,0.7360367774963379
32,156,French,11.561552047729492,-12.115264892578125
32,157,English,-23.54881477355957,-3.2190122604370117
32,157,French,6.776650428771973,-0.9071635007858276
32,158,English,-22.952804565429688,-5.77108907699585
32,158,French,12.660239219665527,6.719845771789551
32,159,English,-11.133232116699219,18.72769546508789
32,159,French,8.622426986694336,14.001526832580566
32,160,English,-2.9430737495422363,6.609372615814209
32,160,French,24.88040542602539,-0.8709867596626282
32,161,English,-9.688173294067383,3.1642541885375977
32,161,French,5.229475498199463,-13.27657413482666
32,162,English,-26.336030960083008,-3.2379071712493896
32,162,French,4.392026424407959,-0.8695136904716492
32,163,English,-5.72490119934082,24.125940322875977
32,163,French,30.908588409423828,29.412731170654297
32,164,English,-6.012871742248535,3.386216640472412
32,164,French,11.76271915435791,-14.802653312683105
32,165,English,-6.539955139160156,18.719482421875
32,165,French,11.048727989196777,8.498629570007324
32,166,English,-12.04101848602295,15.044490814208984
32,166,French,-8.680691719055176,-20.76190757751465
32,167,English,-5.39099645614624,16.112041473388672
32,167,French,14.319750785827637,16.461538314819336
32,168,English,-7.703408241271973,18.353029251098633
32,168,French,8.172795295715332,17.786046981811523
32,169,English,-5.118631362915039,5.5977253913879395
32,169,French,16.961181640625,-13.114770889282227
32,170,English,-10.16092300415039,21.077415466308594
32,170,French,12.909578323364258,23.937271118164062
32,171,English,-18.985536575317383,-0.1876966506242752
32,171,French,6.82887077331543,-7.191475868225098
32,172,English,-14.096236228942871,8.756852149963379
32,172,French,12.928487777709961,16.559602737426758
32,173,English,-8.51463794708252,14.199661254882812
32,173,French,13.314550399780273,10.917871475219727
32,174,English,-8.274637222290039,-6.4356794357299805
32,174,French,22.47926139831543,-5.044106483459473
32,175,English,3.036729097366333,17.308387756347656
32,175,French,7.577351093292236,-6.652585983276367
32,176,English,-10.351995468139648,15.957123756408691
32,176,French,-2.523712396621704,-17.947099685668945
32,177,English,-7.088671684265137,-2.048938512802124
32,177,French,14.973589897155762,-7.704772472381592
32,178,English,-7.125970363616943,12.086066246032715
32,178,French,9.561437606811523,-7.370839595794678
32,179,English,-12.651988983154297,-7.333882808685303
32,179,French,14.181848526000977,-1.438639521598816
32,180,English,-19.456634521484375,4.691810607910156
32,180,French,8.449015617370605,17.809505462646484
32,181,English,-16.523550033569336,-4.825035572052002
32,181,French,3.7937426567077637,-6.622539520263672
32,182,English,-9.317782402038574,5.852843761444092
32,182,French,24.507526397705078,14.038830757141113
32,183,English,-4.646573543548584,-7.5181403160095215
32,183,French,13.876395225524902,-9.795449256896973
32,184,English,-13.036820411682129,6.201304912567139
32,184,French,5.487941741943359,3.9033210277557373
32,185,English,-9.02249526977539,7.242539405822754
32,185,French,14.079246520996094,3.5701258182525635
32,186,English,-12.203859329223633,3.610093355178833
32,186,French,22.21002960205078,1.0134392976760864
32,187,English,-9.83830738067627,-9.134869575500488
32,187,French,12.92343521118164,-14.553227424621582
32,188,English,-10.851669311523438,-7.420507431030273
32,188,French,12.208451271057129,-8.852601051330566
32,189,English,-22.086137771606445,-13.185297966003418
32,189,French,6.63508415222168,-5.7946577072143555
32,190,English,6.748486042022705,41.26557159423828
32,190,French,3.494154453277588,-9.850289344787598
32,191,English,-5.98499870300293,20.208555221557617
32,191,French,9.912013053894043,13.328834533691406
32,192,English,-33.865360260009766,-14.936697959899902
32,192,French,3.726560354232788,-9.21774959564209
32,193,English,-9.522607803344727,-0.9996196627616882
32,193,French,10.19390869140625,-21.461572647094727
32,194,English,-13.975025177001953,-8.809865951538086
32,194,French,6.613641262054443,-15.46279525756836
32,195,English,-9.629916191101074,-3.4800355434417725
32,195,French,14.411670684814453,-6.4045562744140625
32,196,English,-4.238762855529785,6.509207248687744
32,196,French,15.250245094299316,-7.694032192230225
32,197,English,4.650555610656738,14.350837707519531
32,197,French,14.952842712402344,-15.829052925109863
32,198,English,-16.168230056762695,6.286074638366699
32,198,French,1.5214049816131592,-13.7811918258667
32,199,English,-7.052343368530273,-7.452579498291016
32,199,French,18.774240493774414,-3.859927177429199
